{"type":"FeatureCollection", "features": [
{"type":"Feature","geometry":{"type":"MultiLineString","coordinates":[[[6.18537090264374,49.74592224336691],[6.186013744642267,49.74606444736696],[6.186607449640253,49.745364958367894],[6.186997282639232,49.745271925368094],[6.188469855635728,49.74542684936821],[6.188835505634671,49.74521765636857],[6.189606349632009,49.7442739253698],[6.1914271176271765,49.743805228370746],[6.192282493624693,49.74332763337155],[6.192527051623805,49.74299276337201],[6.191088974626797,49.74232604037232],[6.188812984631887,49.7416910173726],[6.188150854633092,49.74116895637304],[6.187196367635152,49.74084284937318],[6.186350576636774,49.74028853037367],[6.186233660636563,49.73966620537425],[6.185335318638027,49.73874568737511],[6.18535474963741,49.73802714337595],[6.186043119634291,49.73628704437805],[6.186735486632068,49.735635993378985],[6.186579125631271,49.7341585603807],[6.186721652630797,49.733999849380886],[6.186758528629243,49.73220437638291],[6.1866176636291375,49.73166405638345],[6.185642237629975,49.72973559438553],[6.190194413619977,49.73119398938493],[6.191306914617617,49.73164267738469],[6.192730115614867,49.73257435538397],[6.1946851276093735,49.73174680338535],[6.194256056609506,49.73053957138659],[6.195225203607107,49.73055170738681],[6.195725493605481,49.730073917387536],[6.196530878603797,49.730447276387295],[6.196709310603967,49.731173364386464],[6.197703916601596,49.73126320238663],[6.198700300599682,49.731915839386104],[6.1986711686005975,49.73298494738486],[6.198469676601352,49.73328862038451],[6.198744830601145,49.73385343538388],[6.200022863598588,49.73457064238339],[6.2007278165969835,49.73477641538333],[6.200998972596634,49.735136510383015],[6.20059899759803,49.73565953038227],[6.201133001596985,49.73596641438206],[6.201204884597166,49.73640702838161],[6.20077389059854,49.736823608380945],[6.201380505597204,49.73700109238094],[6.202732568593841,49.73691347138143],[6.203506332591598,49.736513055382],[6.20523110658682,49.735876579383124],[6.206139743584497,49.73574653838346],[6.207986688580021,49.73579670138386],[6.208558583578408,49.73558072038418],[6.208692647577628,49.73500589238494],[6.2093699955755755,49.73451843438569],[6.209176498575822,49.734211198386014],[6.2101657415731575,49.7339761773865],[6.213014846565061,49.73258240938882],[6.212711378564881,49.73142693939],[6.2122364385655615,49.73081368039055],[6.212443482564158,49.729728231391846],[6.212829641562383,49.72870843239307],[6.213499011560141,49.7279913303941],[6.214200470558296,49.727776975394534],[6.216430241552636,49.72759704339531],[6.216451953552748,49.72780939539505],[6.216428085113484,49.727815947363425]],[[6.216428085113484,49.727815947363425],[6.2157847305545415,49.727992550394696],[6.215141761556262,49.72816130339432],[6.214572920557832,49.72839952839391],[6.213860260560278,49.72923254339278],[6.2137510525609825,49.72976088839218],[6.213797817860336,49.72989310906394]],[[6.213797817860336,49.72989310906394],[6.213798204560962,49.72989420239205],[6.2138591825608795,49.729991371391975],[6.21388013877563,49.730012971471396]],[[6.21388013877563,49.730012971471396],[6.213932772560766,49.73006722239184],[6.213992609560672,49.73013220439176],[6.214011799822592,49.730152964937375]],[[6.214011799822592,49.730152964937375],[6.214020106560641,49.7301619513918],[6.214690052559233,49.730461339391596],[6.214832668559045,49.73063651739149],[6.215525566557844,49.73126036939093],[6.215650219557608,49.73137255139075],[6.21574565137993,49.7314584355669]],[[6.21574565137993,49.7314584355669],[6.215774211557399,49.73148413839069],[6.215794061305752,49.73150998541373]],[[6.215794061305752,49.73150998541373],[6.215808239557332,49.731528447390616],[6.215993651557075,49.73177004139047],[6.216319721556602,49.732156868390064],[6.216931106555395,49.73252010738976],[6.2171046335549685,49.7325238063898],[6.2171530200214535,49.7325195095881]],[[6.2171530200214535,49.7325195095881],[6.217232616959563,49.73251244124269]],[[6.217232616959563,49.73251244124269],[6.217314201554433,49.73250519638992],[6.21756604455378,49.73244988539],[6.217739194553356,49.73249062838997],[6.2178865095531695,49.73262803538987],[6.217964618553054,49.73277733838976],[6.217977511010384,49.73279021450708]],[[6.217977511010384,49.73279021450708],[6.218014909307437,49.732827565405195]],[[6.218014909307437,49.732827565405195],[6.218101117552858,49.73291366438953],[6.218145095148186,49.7329462198773]],[[6.218145095148186,49.7329462198773],[6.218169246934894,49.732964098826585]],[[6.218169246934894,49.732964098826585],[6.2182509025525405,49.73302454638952],[6.218460029552126,49.73311193638948],[6.218725359768567,49.73316369712521]],[[6.218725359768567,49.73316369712521],[6.218735013551485,49.73316558038944],[6.218744773405845,49.7331702773806]],[[6.218744773405845,49.7331702773806],[6.218966077551012,49.73327678138937],[6.219121899550658,49.73331680938935],[6.219169482343557,49.733325832496796]],[[6.219169482343557,49.733325832496796],[6.219242049550379,49.73333959338943],[6.219254888490076,49.73335105778485]],[[6.219254888490076,49.73335105778485],[6.21932799155023,49.73341633438929],[6.219310348550368,49.73352360338912],[6.219299299943213,49.733542581124404]],[[6.219299299943213,49.733542581124404],[6.2192675705505405,49.73359708138913],[6.219049576551227,49.73379218638878],[6.218979466740656,49.73386286343004]],[[6.218979466740656,49.73386286343004],[6.2189305495515965,49.733912176388685],[6.218890311027209,49.73399681044937]],[[6.218890311027209,49.73399681044937],[6.218873255551854,49.7340326833885],[6.218887603605268,49.73405533159688]],[[6.218887603605268,49.73405533159688],[6.218934807551763,49.73412984238839],[6.219769647549969,49.734444145388245],[6.220036510549505,49.73467554038807],[6.220114244834923,49.734752389943544]],[[6.220114244834923,49.734752389943544],[6.220139133549344,49.73477699538797],[6.2201441799212995,49.73479580680613]],[[6.2201441799212995,49.73479580680613],[6.220156956549343,49.7348434343879],[6.22017611754952,49.73511539438756],[6.220171401549636,49.735240815387435],[6.220471546549271,49.73571710238695],[6.220700485840732,49.73657594796967]],[[6.220700485840732,49.73657594796967],[6.220779616245468,49.736872798711765]],[[6.220779616245468,49.736872798711765],[6.220785660549458,49.73689547338569],[6.220935391549343,49.73719569538537],[6.220942993275258,49.73720170382696]],[[6.220942993275258,49.73720170382696],[6.221044900927074,49.73728225213675]],[[6.221044900927074,49.73728225213675],[6.22112421754898,49.73734494438526],[6.221712775547703,49.73754948038518],[6.221762434547586,49.73755017738519],[6.222212041546508,49.73755005538526],[6.222493097545805,49.73755172138537],[6.22252278654573,49.73755143638526],[6.22256098416148,49.737551060255655]],[[6.22256098416148,49.737551060255655],[6.222561072545636,49.73755105938534],[6.222561218631845,49.737551811204526]],[[6.222561218631845,49.737551811204526],[6.222666005545801,49.73809108738477],[6.222670328280422,49.738113304571485]],[[6.222670328280422,49.738113304571485],[6.222703401545878,49.738283288384565],[6.222732956545907,49.7384086093844],[6.222860858545894,49.738767818384055],[6.222885083187285,49.73883602625593]],[[6.222885083187285,49.73883602625593],[6.222913185545873,49.738915152383875],[6.2229723395458345,49.739081092383664],[6.22307626333474,49.73930455974151]],[[6.22307626333474,49.73930455974151],[6.2230770565457725,49.73930626538346],[6.223393963544924,49.73923077038357],[6.224208681543954,49.74050490238231],[6.225159602542242,49.74124680538175],[6.22561652154127,49.741414879381615],[6.226461333539849,49.7422621953809],[6.228035756536838,49.74328929738014],[6.22892864553593,49.74489853537847],[6.22908449453603,49.74547269537786],[6.229186360247161,49.7455540178925]],[[6.229186360247161,49.7455540178925],[6.229212684535799,49.74557503337774],[6.229168532536062,49.74577006637754],[6.229266089536,49.746001077377265],[6.23088656953359,49.74793861037539],[6.231623969531703,49.74788731537567],[6.234322669525223,49.748055442376184],[6.23659108651931,49.747617691377144],[6.237485314516783,49.74721229637789],[6.2395703585105915,49.74592713137982],[6.240728277507573,49.74569776338036],[6.243259164501451,49.745791254380876],[6.246501606493497,49.74582836938159],[6.247284982491695,49.74600296938155],[6.249823019487039,49.74792252037999],[6.249797282487135,49.74796254737996],[6.249793602045073,49.747968470303796]],[[6.249793602045073,49.747968470303796],[6.249742898487321,49.748050067379836],[6.249692943487489,49.74812625637969],[6.249665086487576,49.74814974137966],[6.249622623487763,49.748227631379606],[6.249566568487946,49.74830975837949],[6.249516567819257,49.74838460635637]],[[6.249516567819257,49.74838460635637],[6.2495113484881655,49.748392419379336],[6.2494644384883475,49.74847148137921],[6.249422298488556,49.74857832337917],[6.24939034684982,49.748662737576396]],[[6.24939034684982,49.748662737576396],[6.249383247095878,49.74868149467473]],[[6.249383247095878,49.74868149467473],[6.249379476488728,49.74869145637898],[6.249342609488915,49.74879532537888],[6.249258742489368,49.749089833378505],[6.249200010489733,49.749397183378164],[6.249175747489943,49.749575125377916],[6.249169503619737,49.74961898009894]],[[6.249169503619737,49.74961898009894],[6.249159506490092,49.7496891963778],[6.249156684490105,49.74970901237784],[6.249143195610139,49.749842920409904]],[[6.249143195610139,49.749842920409904],[6.249141404490255,49.74986070137759],[6.2491243004904975,49.75008943437733],[6.2491183984906495,49.75029245437718],[6.249115552184717,49.750440269619595]],[[6.249115552184717,49.750440269619595],[6.249114823490823,49.75047811237692],[6.249113278490949,49.75062934037675],[6.249109352491055,49.75077256837655],[6.249101144441826,49.750866150188294]],[[6.249101144441826,49.750866150188294],[6.249097917491232,49.750902941376374],[6.249091134491356,49.7510758403762],[6.249077938491855,49.75164487637557],[6.249081291455982,49.75167054344289]],[[6.249081291455982,49.75167054344289],[6.249084206506314,49.75169285826353]],[[6.249084206506314,49.75169285826353],[6.249086652491867,49.75171158237553],[6.249094316676489,49.751737861972074]],[[6.249094316676489,49.751737861972074],[6.249114571491902,49.751807313375366],[6.2491874344917955,49.751899597375285],[6.249224997375581,49.75192517296444]],[[6.249224997375581,49.75192517296444],[6.249226475491709,49.75192617937521],[6.249276888491637,49.75195123037529],[6.249441145491261,49.75201162037516],[6.249479176311248,49.75202702604458]],[[6.249479176311248,49.75202702604458],[6.249489888491136,49.75203136537521],[6.249123258492048,49.75202317637513],[6.2471079694969385,49.75193305737474],[6.246794151497723,49.75197525837462],[6.246194867499438,49.75226049437411],[6.2461867277701915,49.75226391788574]],[[6.2461867277701915,49.75226391788574],[6.246100436499717,49.75230021137408],[6.2460990143759405,49.75230074288485]],[[6.2460990143759405,49.75230074288485],[6.2460168124999305,49.75233146537405],[6.245648287500898,49.75243843837379],[6.2456445016956925,49.752439383045825]],[[6.2456445016956925,49.752439383045825],[6.24546477050143,49.7524842313737],[6.245250881501978,49.75253958337367],[6.245176131691423,49.752559025493454]],[[6.245176131691423,49.752559025493454],[6.245034630502562,49.752595829373526],[6.2444705155040765,49.752747613373124],[6.243801423505888,49.75295304737284],[6.243638441506304,49.75299981537269],[6.24359660760722,49.75301191336952]],[[6.24359660760722,49.75301191336952],[6.24355244650654,49.75302468437265],[6.243511402506675,49.753045033372636],[6.2434742254288516,49.753080535004]],[[6.2434742254288516,49.753080535004],[6.2434642945068415,49.753090018372596],[6.243104249507654,49.75303648937254],[6.2429682042561145,49.75301602477542]],[[6.2429682042561145,49.75301602477542],[6.242950458508035,49.753013355372545],[6.242852524909005,49.75314814001367]],[[6.242852524909005,49.75314814001367],[6.242809225508541,49.753207732372275],[6.2426641115090264,49.753389566372036],[6.242394284509916,49.75365045937163],[6.242377023619593,49.753661665571975]],[[6.242377023619593,49.753661665571975],[6.24232677310448,49.75369428945923]],[[6.24232677310448,49.75369428945923],[6.242285713510234,49.75372094637152],[6.242260777958884,49.753732189174215]],[[6.242260777958884,49.753732189174215],[6.2421800455105085,49.75376858937148],[6.242042054510896,49.75381244937137],[6.241678021511891,49.753934479371175],[6.2416188200050975,49.75395421019969]],[[6.2416188200050975,49.75395421019969],[6.241454898512506,49.75400884237097],[6.241264059512982,49.754064152370866],[6.241179438700677,49.75409057600496]],[[6.241179438700677,49.75409057600496],[6.241111391513432,49.7541118243708],[6.240666653514673,49.75429004537054],[6.240646678275948,49.75429917128642]],[[6.240646678275948,49.75429917128642],[6.240428896515349,49.75439866737032],[6.239747883517247,49.75469977936983],[6.239424974518178,49.75483949736958],[6.239168101518875,49.75493956936939],[6.238989039113683,49.75500312974099]],[[6.238989039113683,49.75500312974099],[6.23889286651963,49.755037267369204],[6.238533235520598,49.755170704369],[6.2381772685216195,49.75529700236873],[6.237997453522097,49.75536609436865],[6.23586196052824,49.75644230536691],[6.235628173528643,49.75625308936709],[6.235274470529583,49.75634977536688],[6.2351677928198646,49.756359646550884]],[[6.2351677928198646,49.756359646550884],[6.234942004530413,49.75638053936679],[6.23462021853125,49.75640923136662],[6.23438877653183,49.75643534736658],[6.234313362331628,49.75644278411665]],[[6.234313362331628,49.75644278411665],[6.234167728532404,49.75645714536644],[6.234002827371196,49.75647717515637]],[[6.234002827371196,49.75647717515637],[6.233902986533082,49.75648930236638],[6.233663225533711,49.75651974136633],[6.233449399534254,49.75654440536622],[6.233215065534846,49.7565867073661],[6.233030407535333,49.75662718036601],[6.23285669643186,49.756669863446724]],[[6.23285669643186,49.756669863446724],[6.2328400635358685,49.75667395036591],[6.232687601536231,49.756718451365835],[6.232629210536411,49.75673889636579],[6.232609858916451,49.75674618441649]],[[6.232609858916451,49.75674618441649],[6.2324762095368325,49.756796518365654],[6.232345981537171,49.75685863236557],[6.232239144564537,49.75691341224267]],[[6.232239144564537,49.75691341224267],[6.232206607537614,49.75693009536549],[6.231695681539137,49.75728605736492],[6.231669470733365,49.757308031097146]],[[6.231669470733365,49.757308031097146],[6.23157645753952,49.75738600836472],[6.2309561525413955,49.757841377364116],[6.230518286542736,49.75815431336369],[6.230459470041111,49.758196397696736]],[[6.230459470041111,49.758196397696736],[6.2304141635430295,49.75822881536357],[6.230248747543544,49.75834749136341],[6.229993187755002,49.75852708919255]],[[6.229993187755002,49.75852708919255],[6.229956183544441,49.75855309436309],[6.229510071545772,49.758834113362674],[6.2295007882230635,49.75883878925635]],[[6.2295007882230635,49.75883878925635],[6.229429192174204,49.758874851291765]],[[6.229429192174204,49.758874851291765],[6.229279563546412,49.758950217362376],[6.22925542654648,49.75896236936242],[6.229195866246568,49.75898695683216]],[[6.229195866246568,49.75898695683216],[6.229113249546874,49.7590210623623],[6.229090486532073,49.75902662026227]],[[6.229090486532073,49.75902662026227],[6.229020983547124,49.7590435903623],[6.2289757535472505,49.759054674362325],[6.2288947375036425,49.75907348586764]],[[6.2288947375036425,49.75907348586764],[6.228870587547537,49.759079093362246],[6.228863988163559,49.759082436823924]],[[6.228863988163559,49.759082436823924],[6.228825901543592,49.759101732739204]],[[6.228825901543592,49.759101732739204],[6.228804849547736,49.75911239836217],[6.228504425548837,49.75959365036151],[6.22852829161475,49.75966350960209]],[[6.22852829161475,49.75966350960209],[6.228534797548837,49.75968255336139],[6.228534021301426,49.759685668537685]],[[6.228534021301426,49.759685668537685],[6.2285171185489725,49.75975350136141],[6.228508557548985,49.75978811636133],[6.228499827631327,49.75982322228688]],[[6.228499827631327,49.75982322228688],[6.22849585554906,49.759839195361295],[6.22843739865161,49.759919586529925]],[[6.22843739865161,49.759919586529925],[6.228430323549281,49.75992931636112],[6.228418268549346,49.75994595436109],[6.2282921545497905,49.76011804336087],[6.22824036554998,49.76018871236077],[6.228205784719989,49.76023589964247]],[[6.228205784719989,49.76023589964247],[6.22817511255022,49.76027775336071],[6.228109301550434,49.76036751436051],[6.227605373552151,49.760937973359795],[6.227600812596583,49.76094124641807]],[[6.227600812596583,49.76094124641807],[6.227537282763244,49.76098683705006]],[[6.227537282763244,49.76098683705006],[6.227485008552489,49.76102435035964],[6.227472708550678,49.7610302532149]],[[6.227472708550678,49.7610302532149],[6.227458382552608,49.76103712835965],[6.227439373552634,49.761046401359636],[6.227418783482328,49.761056373210245]],[[6.227418783482328,49.761056373210245],[6.227351294552898,49.76108905835955],[6.226060397556414,49.76154294735871],[6.225729385557455,49.761797082358356],[6.225591539557827,49.761870778358244],[6.225494557558136,49.761953010358106],[6.225487234770068,49.76195629322491]],[[6.225487234770068,49.76195629322491],[6.225393622558449,49.7619982603581],[6.22542759399839,49.762080852261604]],[[6.22542759399839,49.762080852261604],[6.225433166558432,49.762094400357945],[6.22546176430447,49.762205689842425]],[[6.22546176430447,49.762205689842425],[6.225463843558437,49.76221378135781],[6.225649381558243,49.762539060357476],[6.226184858557634,49.76340147735659],[6.226303825210566,49.76357965276954]],[[6.226303825210566,49.76357965276954],[6.226398736457032,49.76372180059093]],[[6.226398736457032,49.76372180059093],[6.226426200557318,49.7637629333562],[6.226770407556793,49.76414526935592],[6.226802320977289,49.76416647142805]],[[6.226802320977289,49.76416647142805],[6.227093845556169,49.764360149355745],[6.227322713987631,49.764515294685026]],[[6.227322713987631,49.764515294685026],[6.22733790055569,49.76452558935558],[6.227938019554435,49.764791923355396],[6.228014537232916,49.7648387567035]],[[6.228014537232916,49.7648387567035],[6.22818131955397,49.76494083735536],[6.228370059804965,49.76507762081243]],[[6.228370059804965,49.76507762081243],[6.228573604553227,49.76522513335513],[6.228741544552921,49.76535462535505],[6.228809977596645,49.765408808786276]],[[6.228809977596645,49.765408808786276],[6.228834870552765,49.765428518354966],[6.228894161699696,49.76550081186974]],[[6.228894161699696,49.76550081186974],[6.228909431552646,49.765519430354914],[6.22893346955262,49.765563493354804],[6.228948075885811,49.76560739857058]],[[6.228948075885811,49.76560739857058],[6.228951427552606,49.76561747335471],[6.228990441552664,49.765794050354486],[6.229070966552561,49.765903314354404],[6.229124274187022,49.76595995434396]],[[6.229124274187022,49.76595995434396],[6.229145256552436,49.76598224835438],[6.229203359552349,49.76604644535433],[6.2292504315522805,49.76609399535434],[6.229251154988915,49.76609488439654]],[[6.229251154988915,49.76609488439654],[6.229313699552178,49.76617174635423],[6.229725505551719,49.76685528635351],[6.229756584265949,49.76691607451409]],[[6.229756584265949,49.76691607451409],[6.229809417551617,49.76701941335332],[6.229877302551559,49.76713436635324],[6.229977127132256,49.76748841842313]],[[6.229977127132256,49.76748841842313],[6.229979800551617,49.76749790035285],[6.22998139660146,49.767505609814165]],[[6.22998139660146,49.767505609814165],[6.230008852551626,49.76763823135274],[6.230012473981501,49.767679603806116]],[[6.230012473981501,49.767679603806116],[6.230014628551675,49.76770421835263],[6.23002233555173,49.767760493352576],[6.2300204681229765,49.76778001679173]],[[6.2300204681229765,49.76778001679173],[6.230018095551752,49.76780482135246],[6.23001028055186,49.7678847563524],[6.229995668077134,49.76794282373483]],[[6.229995668077134,49.76794282373483],[6.229975479552053,49.76802304935222],[6.229960801552105,49.76805056835225],[6.229937243481367,49.76809472985799]],[[6.229937243481367,49.76809472985799],[6.2299023655523404,49.76816011135209],[6.229882116631465,49.768185950262804]],[[6.229882116631465,49.768185950262804],[6.22979593355271,49.76829592535188],[6.229689794549501,49.76840851431504]],[[6.229689794549501,49.76840851431504],[6.229668545862391,49.76843105426339]],[[6.229668545862391,49.76843105426339],[6.2296631355531185,49.76843679335169],[6.22952462455359,49.76856417635151],[6.229425405607498,49.768626998623134]],[[6.229425405607498,49.768626998623134],[6.229363035554092,49.768666489351375],[6.229340674787734,49.76868867808433]],[[6.229340674787734,49.76868867808433],[6.229050825555077,49.7689762973509],[6.228738661515758,49.769269518251754]],[[6.228738661515758,49.769269518251754],[6.228627809556433,49.76937364335036],[6.228620550556535,49.76945195735031],[6.228607956556575,49.76948037435028],[6.228603012181569,49.769491460456116]],[[6.228603012181569,49.769491460456116],[6.2285981285566345,49.769502410350256],[6.228198513557978,49.76997157834959],[6.227534065560038,49.77047181034887],[6.227653280560259,49.771117103348146],[6.227206854561271,49.771017360348175],[6.226622931562755,49.771091831347924],[6.226018424564309,49.771164885347694],[6.225442791139864,49.77123445107678]],[[6.225442791139864,49.77123445107678],[6.225441754565793,49.77123457634753],[6.225424847797296,49.77124021166791]],[[6.225424847797296,49.77124021166791],[6.224792604567591,49.771450949347056],[6.224671418212668,49.771491096999235]],[[6.224671418212668,49.771491096999235],[6.2240305015696356,49.77170342534658],[6.224007774267578,49.77171729362921]],[[6.224007774267578,49.77171729362921],[6.223978892569789,49.77173491734657],[6.223822693570251,49.77183020834644],[6.223722943161634,49.7718834384871]],[[6.223722943161634,49.7718834384871],[6.223664680570699,49.77191452934632],[6.223577309571019,49.77199404634615],[6.223553449927936,49.77203337315179]],[[6.223553449927936,49.77203337315179],[6.223529510571132,49.772072831346065],[6.223524852001271,49.772103059672716]],[[6.223524852001271,49.772103059672716],[6.223514212571281,49.77217209634591],[6.223532942571445,49.77240261034569],[6.223685943571343,49.77277385534527],[6.223790381571202,49.772931140345115],[6.22400478257092,49.77321289434495],[6.224156974570707,49.77336710234473],[6.224674278569719,49.77375156234443],[6.225517087568748,49.77513598534304],[6.2253724675694215,49.77551987434258],[6.225369646569478,49.775595486342475],[6.225387082569499,49.77566830234236],[6.2254236715694535,49.77572887834235],[6.225488161569349,49.775788908342285],[6.225578343569198,49.77585161834227],[6.225717968568899,49.775933809342256],[6.225881874568575,49.776001160342105],[6.226410928567436,49.77619805534201],[6.226706654566761,49.776321079342004],[6.2270161145661325,49.7764301573419],[6.227193532565751,49.77653705334184],[6.227221517659926,49.77659783700331]],[[6.227221517659926,49.77659783700331],[6.227226805565751,49.776609322341734],[6.227203835565865,49.77667470034167],[6.227150556566034,49.776699627341635],[6.2270271645663415,49.77672621934155],[6.226524323567598,49.77674337834139],[6.225930788569021,49.776732983341304],[6.22565143056971,49.77671469234127],[6.225518713570041,49.776720604341165],[6.225432375570247,49.77673314034118],[6.225413538720523,49.77673481120518]],[[6.225413538720523,49.77673481120518],[6.225358938570451,49.77673965434118],[6.225325282241326,49.77674731414873]],[[6.225325282241326,49.77674731414873],[6.225310636570549,49.7767506473411],[6.225273167570662,49.77676541134113],[6.225198265570903,49.776822179341046],[6.2251792845709675,49.77685833134102],[6.225172900896914,49.77687131588695]],[[6.225172900896914,49.77687131588695],[6.225163501571039,49.77689043434092],[6.225154688571127,49.7769542743408],[6.225181422571112,49.77701917634079],[6.225232455571038,49.77709080734073],[6.224795937572275,49.777304010340345],[6.224503437573046,49.77733607234029],[6.224419246573266,49.77736773134023],[6.224378520143062,49.77740898855705],[6.224332302808938,49.777442275759505]],[[6.224332302808938,49.777442275759505],[6.224322047763355,49.77744966177138],[6.224320550539137,49.77745025124963]],[[6.224320550539137,49.77745025124963],[6.224294700306193,49.777460428850254]],[[6.224294700306193,49.777460428850254],[6.224257268606993,49.77747516623718],[6.224197072689308,49.777469775150806]],[[6.224197072689308,49.777469775150806],[6.224179608324297,49.777468211059684]],[[6.224179608324297,49.777468211059684],[6.224154582862944,49.77746596980432],[6.224085528842999,49.777460974433225],[6.223968971835903,49.777447676764794],[6.223968663042026,49.77744761431589]],[[6.223968663042026,49.77744761431589],[6.223898908340033,49.77743350747895]],[[6.223898908340033,49.77743350747895],[6.223866225291205,49.77742689782502],[6.223799146880925,49.77740325018166],[6.223624127527876,49.777274675393365],[6.222523074577538,49.7768561213404],[6.222413560577796,49.77687820034026],[6.222335425578014,49.776906648340265],[6.222280501826,49.77693617613603]],[[6.222280501826,49.77693617613603],[6.222278678578155,49.77693715634019],[6.222180465578457,49.77700822934009],[6.222025829643745,49.77712784877438]],[[6.222025829643745,49.77712784877438],[6.222021934539722,49.77713086185242]],[[6.222021934539722,49.77713086185242],[6.221946589579204,49.77718914533983],[6.2218208013687,49.7772964588969]],[[6.2218208013687,49.7772964588969],[6.2217802672554905,49.777331039720124]],[[6.2217802672554905,49.777331039720124],[6.221762802579753,49.77734593933964],[6.221630229580233,49.77747879333941],[6.221565488514185,49.77756236309345]],[[6.221565488514185,49.77756236309345],[6.221561598580445,49.77756738433925],[6.22145701658089,49.77777898533907],[6.221322655581242,49.777809080338955],[6.221263923581372,49.77780874333899],[6.221223357603073,49.777803758906785]],[[6.221223357603073,49.777803758906785],[6.2212165735814855,49.777802925338925],[6.221157594084395,49.77782444467702]],[[6.221157594084395,49.77782444467702],[6.221118230268892,49.77783880701133]],[[6.221118230268892,49.77783880701133],[6.221105550581777,49.77784343333891],[6.221062134581937,49.7778795953388],[6.2210313661047545,49.777966442465384]],[[6.2210313661047545,49.777966442465384],[6.22103002058208,49.77797024033869],[6.220976156780871,49.77803915127581]],[[6.220976156780871,49.77803915127581],[6.220975115582263,49.77804048333872],[6.220932732582468,49.778130501338445],[6.2208866818158475,49.77824182882078]],[[6.2208866818158475,49.77824182882078],[6.22088039658268,49.77825702333839],[6.220877697989205,49.77825996659223]],[[6.220877697989205,49.77825996659223],[6.220828114582827,49.77831404533821],[6.220736298583153,49.77840588433818],[6.220679048583382,49.77848242033807],[6.2206318195834935,49.778534454337965],[6.220623983246754,49.77854308759854]],[[6.220623983246754,49.77854308759854],[6.220599448583638,49.77857011733793],[6.220539105083012,49.77859830576486]],[[6.220539105083012,49.77859830576486],[6.220538947583797,49.77859837933791],[6.220487913583976,49.77865693233779],[6.220410620827907,49.77871425292264]],[[6.220410620827907,49.77871425292264],[6.22040773058422,49.778716396337714],[6.2202786695846095,49.77877354533757],[6.220060064585259,49.77896649733731],[6.220058830896809,49.77896767135752]],[[6.220058830896809,49.77896767135752],[6.21988793858583,49.77913029833714],[6.2196586525865785,49.77933377133685],[6.219518011587027,49.77946968733665],[6.2195026535433104,49.77949123253482]],[[6.2195026535433104,49.77949123253482],[6.219485573587121,49.779515193336586],[6.219444601552482,49.7795724531722]],[[6.219444601552482,49.7795724531722],[6.219429842587329,49.77959307933651],[6.219392535587536,49.77976266233632],[6.219384743199653,49.77980033687572]],[[6.219384743199653,49.77980033687572],[6.219376374587668,49.779840797336185],[6.2193630174703785,49.77990520248481]],[[6.2193630174703785,49.77990520248481],[6.219341708587903,49.780007949336024],[6.219246289588616,49.78063114233525],[6.2192072485888,49.780739137335104],[6.219207299981576,49.78078688298341]],[[6.219207299981576,49.78078688298341],[6.219207381764971,49.780862862556106]],[[6.219207381764971,49.780862862556106],[6.219207419588958,49.780898002334915],[6.219305488589033,49.78132519833447],[6.2195178656986005,49.781397836202835],[6.21959173904231,49.78144919189512],[6.219592854828892,49.78145015375169]],[[6.219592854828892,49.78145015375169],[6.219695693779279,49.78153880540082],[6.220068731576903,49.78215836336173],[6.2198831945885935,49.782562871333205],[6.219880766388145,49.7825803001033]],[[6.219880766388145,49.7825803001033],[6.219876304588661,49.78261232533311],[6.219887875588687,49.78265826333309],[6.219883942437521,49.78267214395838]],[[6.219883942437521,49.78267214395838],[6.219880410588724,49.78268460833304],[6.2198758788094395,49.78268784433389]],[[6.2198758788094395,49.78268784433389],[6.219781757589023,49.782755053332934],[6.219908707588843,49.7829139533328],[6.219898367589209,49.783370056332316],[6.220130770589055,49.78384079533179],[6.21999350858944,49.783906129331655],[6.21999355358946,49.783943528331676],[6.220004079441652,49.78396187368997]],[[6.220004079441652,49.78396187368997],[6.2200174845894205,49.78398523733163],[6.219454096590984,49.78420117733121],[6.219433799877152,49.78418008063361]],[[6.219433799877152,49.78418008063361],[6.219076265591604,49.78380845433156],[6.218973677591762,49.783701869331665],[6.2187405195921235,49.78342398133195],[6.218398468592695,49.783107119332236],[6.218412410592649,49.78303491733226],[6.217647270593472,49.781776821333615],[6.217593443593102,49.781150278334245],[6.217234404593658,49.78076158533463],[6.217204903592835,49.779622019335946],[6.217594808591252,49.77885341633682],[6.2187054045880865,49.778326517337774],[6.218919158587073,49.77774714933849],[6.21852058558777,49.77738374433882],[6.2173395795903055,49.776927439338984],[6.216265769592914,49.776874226338826],[6.215065000596118,49.77717690533825],[6.213777570599377,49.77733188933767],[6.2119188756039065,49.77723696233741],[6.2058137896188725,49.77722081233595],[6.203312431624625,49.77671203033591],[6.201633380628379,49.77626045233608],[6.200728552630272,49.775859293336254],[6.198964055633749,49.77475933933713],[6.198132718635202,49.77407280133775],[6.197599648635935,49.77333431833851],[6.1966924676374395,49.772451024339226],[6.1965490066375315,49.77210494933966],[6.195716070639194,49.77164826333996],[6.194561052641683,49.771245094340166],[6.192131262647185,49.77068424834017],[6.189566150653451,49.77061212633967],[6.188893617654436,49.769776740340504],[6.188474759654824,49.76901404434121],[6.1884079346543865,49.768254336342096],[6.187833326655416,49.76777253834253],[6.187316355656571,49.76766572734255],[6.18737383865594,49.76703690134332],[6.188178747652853,49.76564679234506],[6.187986777651479,49.763376027347554],[6.188671113648129,49.76131953735007],[6.18837535264781,49.760046770351444],[6.1884255416473275,49.759610165352015],[6.186488602652317,49.75987456535126],[6.185899388650113,49.755382420356206],[6.185573453649237,49.75329949135855],[6.183791626654169,49.75399393835733],[6.182314499658037,49.75431237735658],[6.181543745660755,49.7553182383553],[6.181099034661915,49.7553528913552],[6.180080785663797,49.754603444355745],[6.179932607663372,49.75365861935679],[6.180239607662333,49.75329463935728],[6.180537695660807,49.752325220358436],[6.181001270659569,49.75217978535876],[6.180359729660749,49.751676409359135],[6.180055659660935,49.75098982335993],[6.180505526659387,49.75047890136055],[6.181048082657953,49.75033993836086],[6.182328100655186,49.75081599536062],[6.182832926653787,49.75059969836094],[6.180260502659173,49.74944101136168],[6.180585611657582,49.74845468336288],[6.181429695655163,49.74808802836353],[6.182310816652402,49.74732999536458],[6.183264791649167,49.74622444736605],[6.185316594765646,49.74592110601899]]]},"properties":{"name":"Extra Tour E","image":null,"thumbnail":null,"is_label":false,"label":null,"color":"#FF0000","linestyle":0,"map_id":"fdf9b5f844ba41f7a1ab195021cbbe3e"}},
{"type":"Feature","geometry":{"type":"MultiLineString","coordinates":[[[6.421178480666028,49.81357152079231],[6.420924209503242,49.81315192699481],[6.420436047464348,49.81279538456138],[6.419987357140292,49.81251606852026]],[[6.419987357140292,49.81251606852026],[6.419980071931896,49.812511533375506],[6.419271968770489,49.81287846264536],[6.419267202032988,49.81288531349744]],[[6.419267202032988,49.81288531349744],[6.4192049764628125,49.81297474535242]],[[6.4192049764628125,49.81297474535242],[6.418917917184395,49.813387312785466],[6.418451212823963,49.81402077181491],[6.418129347746605,49.81440153554571],[6.418008940083794,49.814554335260084]],[[6.418008940083794,49.814554335260084],[6.417968415209308,49.814605762130284],[6.4179315146106735,49.814640077272436]],[[6.4179315146106735,49.814640077272436],[6.417640118937125,49.814911056181494]],[[6.417640118937125,49.814911056181494],[6.417603634795615,49.81494498404577],[6.41751331955303,49.81502317776599]],[[6.41751331955303,49.81502317776599],[6.4173671474205145,49.815149731628956]],[[6.4173671474205145,49.815149731628956],[6.4171798457799785,49.81531189486583],[6.41703500649112,49.815433044056086],[6.416809700929934,49.815543808760125],[6.416139148688325,49.81523228237735],[6.415921437432043,49.815071734407496]],[[6.415921437432043,49.815071734407496],[6.41587629220357,49.81503844272151],[6.415872655592658,49.8150330791705]],[[6.415872655592658,49.8150330791705],[6.415763639434158,49.81487229382902],[6.415575884803099,49.81449499527353],[6.415409587836487,49.814100386292836],[6.414764008501807,49.81433788704131],[6.414762785114926,49.81433956368827]],[[6.414762785114926,49.81433956368827],[6.414756714167201,49.814347883898506]],[[6.414756714167201,49.814347883898506],[6.4147295138233815,49.814385161863875],[6.414709410958894,49.814388097631365]],[[6.414709410958894,49.814388097631365],[6.414698274844586,49.81438972391912],[6.414661210586054,49.814395341964165]],[[6.414661210586054,49.814395341964165],[6.414653153138107,49.81439656327837],[6.414573109233998,49.81435730550798]],[[6.414573109233998,49.81435730550798],[6.414520826238635,49.8143316631577],[6.41409922424565,49.81407632713498],[6.413817868889998,49.81407692610502],[6.413581783428334,49.814099904914556],[6.413415020034547,49.814093516248576],[6.413167442952944,49.81390523726213],[6.413045414655674,49.81381558918344],[6.4130106009736165,49.81380021007006]],[[6.4130106009736165,49.81380021007006],[6.412935502637625,49.81376703501486]],[[6.412935502637625,49.81376703501486],[6.412934012147225,49.81376637658348],[6.412815722938306,49.81377797261702]],[[6.412815722938306,49.81377797261702],[6.412746534064963,49.81378475528556],[6.41258250547134,49.81380364584904]],[[6.41258250547134,49.81380364584904],[6.412527828390546,49.81380994280522],[6.411952167460733,49.81399771672855],[6.410967362967603,49.81379032003952],[6.4103882546836735,49.81259802145321],[6.409920119029477,49.812059560787695],[6.408930689323485,49.8113113433828],[6.407856105287788,49.811046106150094],[6.407357501526234,49.81134057738126],[6.406595851155833,49.810327090727924],[6.406190002352188,49.81001068918818],[6.404654721605693,49.80928110239016],[6.402244752133485,49.80872204308187],[6.399808656151523,49.80798098518492],[6.398772937091794,49.807483623852434],[6.397206651815207,49.80647788105757],[6.3955463946519355,49.80599756821443],[6.39516519901398,49.805608878600744],[6.396238243346555,49.80467906442126],[6.396171671998884,49.80381833550874],[6.395420310737917,49.80320922309567],[6.394761483863786,49.803004892194004],[6.394851350812169,49.80266867530812],[6.394333009444016,49.802230260833696],[6.393208882478473,49.802089055346244],[6.392052614329201,49.80150679603445],[6.390109338493894,49.80116554280586],[6.389880256972892,49.80089344043817],[6.388465369117575,49.80048414639602],[6.387976940506404,49.80005869747277],[6.387057036484517,49.798431317062835],[6.385892844323233,49.797782600841316],[6.383153561904622,49.79771671260206],[6.381295864317709,49.797554269118756],[6.37793692639793,49.79839878528957],[6.377510396647481,49.79919707214943],[6.378100162405921,49.79986805643846],[6.377575962553744,49.799908335458056],[6.37693330518811,49.79956434219812],[6.3760183011561224,49.79823718545224],[6.375492290594674,49.79794706645876],[6.375538556714477,49.79746589751156],[6.374591100625919,49.79724669613981],[6.37336310342454,49.797377316276666],[6.371411358410884,49.79700433989615],[6.3709437329116145,49.796494043475064],[6.370048370855248,49.79594736613528],[6.370504081141608,49.79515295052746],[6.370169468124745,49.79502498092978],[6.370002868322165,49.79435964568498],[6.368297648407709,49.794988303655956],[6.366833634278501,49.79438446606077],[6.365987770156824,49.794273306367316],[6.364826886580462,49.79439514766133],[6.363652888677204,49.794189812389334],[6.362649513127913,49.793547919724666],[6.362443305817137,49.79294629727755],[6.3616790856148855,49.79245881882428],[6.3611500536345655,49.79181569955647],[6.363117277390719,49.791541972864565],[6.362986477249515,49.79085976366953],[6.363327481721869,49.79000542988608],[6.363420083931074,49.78927299341481],[6.363970025381591,49.789007456380844],[6.366071580903626,49.78892400304859],[6.366473748830316,49.78878845094151],[6.3663914358625275,49.78818284985535],[6.365381581664824,49.787249983258825],[6.36504004094317,49.78625665242178],[6.364250968809594,49.78496376913394],[6.3636327473885315,49.784215901484295],[6.362511984094829,49.783478307512645],[6.359869401167727,49.782195245810655],[6.3587072556750766,49.7815003896455],[6.35793250612322,49.78133084323471],[6.357189168378134,49.78050672534269],[6.357205540228882,49.77917650669914],[6.357368294049538,49.777303916920836],[6.357557081315887,49.77695477717975],[6.3574091628157765,49.77533038034692],[6.357516696027083,49.77430875324877],[6.357734248245331,49.77402743473506],[6.359212830487111,49.773284257297824],[6.358754218861245,49.77294055799751],[6.357329947245009,49.772974188175304],[6.357136982632431,49.773287161394435],[6.35585799151931,49.773382447250086],[6.355986815492743,49.77409609560078],[6.355662257304647,49.77522714427056],[6.3558858621826095,49.77596857641795],[6.355803633338582,49.77816228054683],[6.35435641256745,49.778209580547205],[6.353286263743671,49.77803105064918],[6.352069734332689,49.77667539493739],[6.350905097976572,49.775151505587424],[6.349947234568531,49.774247201860334],[6.348533398169627,49.77308692970596],[6.347975985468666,49.77241168463641],[6.348119941860393,49.77192595920243],[6.347517731221448,49.771546600090275],[6.347252075130617,49.77103454003721],[6.34635415660391,49.77118022209297],[6.345386865425798,49.76966183713665],[6.34515333389913,49.768773788856194],[6.3447398473633045,49.76818428852285],[6.344846193326199,49.76784697199323],[6.3442704191338555,49.76602048065215],[6.344859798638398,49.764922705184375],[6.346142202261821,49.76451165209393],[6.346747465409012,49.764080968416245],[6.345046530883807,49.76379632517271],[6.345510365929828,49.763485430861245],[6.3459650789428395,49.7631672239187]],[[6.3459650789428395,49.7631672239187],[6.345970683823441,49.76316330163834],[6.3458602604303715,49.763111405818485]],[[6.3458602604303715,49.763111405818485],[6.345803839680579,49.763084889688294],[6.3456565094490065,49.76303996092376]],[[6.3456565094490065,49.76303996092376],[6.345605833059244,49.76302450701754],[6.345603704511707,49.76302278391246]],[[6.345603704511707,49.76302278391246],[6.345456182835143,49.76290336193796],[6.345348015355099,49.762739446740014],[6.34512197214579,49.762602684796484],[6.3451096841477765,49.76260278264602]],[[6.3451096841477765,49.76260278264602],[6.344840521100774,49.76260492599585],[6.344802822868583,49.76261186467894]],[[6.344802822868583,49.76261186467894],[6.344579166287117,49.76265303059174]],[[6.344579166287117,49.76265303059174],[6.344431748643424,49.76268016407392],[6.343701059389064,49.76308136857174],[6.3428157516838315,49.763400878321924],[6.342254567384955,49.763623493514665]],[[6.342254567384955,49.763623493514665],[6.34224526776581,49.763627182563894]],[[6.34224526776581,49.763627182563894],[6.342238730322044,49.763629775890735],[6.342216124618626,49.763642366141205]],[[6.342216124618626,49.763642366141205],[6.3418785759319745,49.76383036394128],[6.341587567897783,49.763961168378245],[6.341411441866252,49.76403838720997]],[[6.341411441866252,49.76403838720997],[6.341089440228676,49.76417956219729]],[[6.341089440228676,49.76417956219729],[6.341078279971977,49.764184455182026],[6.340807470263516,49.76425410136425],[6.340734542013361,49.76426774735506]],[[6.340734542013361,49.76426774735506],[6.340471704391038,49.76431692829347]],[[6.340471704391038,49.76431692829347],[6.340357069885326,49.76433837816246],[6.33995100854813,49.76443070128299],[6.339583221382706,49.76444023975806],[6.339358200528914,49.7644331689901]],[[6.339358200528914,49.7644331689901],[6.339323340777548,49.76443207360179],[6.338337364830326,49.764291929373144],[6.338125345435303,49.76423844453489]],[[6.338125345435303,49.76423844453489],[6.338052173025598,49.76421998577786],[6.33769262091895,49.764140035430124]],[[6.33769262091895,49.764140035430124],[6.337632375565845,49.76412663921622],[6.337544108323454,49.764120855671706]],[[6.337544108323454,49.764120855671706],[6.337531722823532,49.76412004413519],[6.3375314924709,49.76411922638899]],[[6.3375314924709,49.76411922638899],[6.337494584945168,49.76398820557752]],[[6.337494584945168,49.76398820557752],[6.337430604355595,49.76376107605318]],[[6.337430604355595,49.76376107605318],[6.337429826727561,49.76375831549272],[6.337049179844577,49.763697838540395]],[[6.337049179844577,49.763697838540395],[6.336557984934214,49.76361979778267],[6.335791101487712,49.76349773129901],[6.335604759616955,49.76344940362281]],[[6.335604759616955,49.76344940362281],[6.33555840636936,49.76343738192993],[6.335478364817329,49.76337006743498],[6.335374059976653,49.763291089955686]],[[6.335374059976653,49.763291089955686],[6.335300343069448,49.76323527303027]],[[6.335300343069448,49.76323527303027],[6.335297054614677,49.76323278307998],[6.335277994713095,49.763229682413225]],[[6.335277994713095,49.763229682413225],[6.335050551615335,49.76319268194659],[6.33504656272048,49.763192232828345]],[[6.33504656272048,49.763192232828345],[6.334611936436157,49.763143297321136],[6.3341552195179105,49.763110827084155]],[[6.3341552195179105,49.763110827084155],[6.333371856740835,49.76305513399726]],[[6.333371856740835,49.76305513399726],[6.332876557350028,49.763019920743815],[6.332798795806383,49.76299658226665]],[[6.332798795806383,49.76299658226665],[6.332766643156084,49.76298693233097],[6.3327684815132725,49.76295675207688]],[[6.3327684815132725,49.76295675207688],[6.332775581320048,49.762840194764856]],[[6.332775581320048,49.762840194764856],[6.332776501730519,49.76282508441412],[6.3329100791034625,49.762088508409086]],[[6.3329100791034625,49.762088508409086],[6.332919940579871,49.76203412998603],[6.332981477962065,49.76153687182461]],[[6.332981477962065,49.76153687182461],[6.332996016404011,49.76141939268178],[6.331938130840723,49.761055535961994],[6.331521555579126,49.76099543973631],[6.331068511516,49.76093908377297]],[[6.331068511516,49.76093908377297],[6.3310178296986885,49.760932779258965],[6.330545939359452,49.76089810546527],[6.3299350592597,49.760871369533994],[6.329924886261309,49.76087109416155]],[[6.329924886261309,49.76087109416155],[6.329619283007144,49.760862821800515],[6.329302495066149,49.760921135580105],[6.329000353568095,49.76095879381657]],[[6.329000353568095,49.76095879381657],[6.328929549463807,49.760967618680816],[6.327695254839245,49.761373481186865],[6.32692218988746,49.76157437179917]],[[6.32692218988746,49.76157437179917],[6.326653969451266,49.761644072239655],[6.326207978183209,49.761759886994376],[6.326131815231403,49.76177020356579]],[[6.326131815231403,49.76177020356579],[6.3258056570191625,49.761814382978585],[6.325619721603833,49.76184214364993]],[[6.325619721603833,49.76184214364993],[6.3254865884543685,49.761862020797054],[6.324949343332166,49.76191713633013],[6.324905172570763,49.76191746249311]],[[6.324905172570763,49.76191746249311],[6.324710084471107,49.761918903050464]],[[6.324710084471107,49.761918903050464],[6.324203347786484,49.76192264486383],[6.323741804540305,49.761905287749855],[6.323358504815509,49.76187710673774]],[[6.323358504815509,49.76187710673774],[6.323141382819598,49.76186114346618],[6.323015680240364,49.7618946835668]],[[6.323015680240364,49.7618946835668],[6.322863635002143,49.76193525244471],[6.322552033786695,49.7621492013734],[6.322548387284461,49.76214839485274]],[[6.322548387284461,49.76214839485274],[6.32244092025474,49.76212462566961],[6.3223715164944965,49.76212247093572],[6.322019725465384,49.761702623023346],[6.319548021961321,49.76021343110239],[6.319315193531072,49.75997142443751],[6.319700365908469,49.75900397180063],[6.320426423760554,49.7585956037002],[6.320969107291761,49.75851723162352],[6.321107637729974,49.75852222451311]],[[6.321107637729974,49.75852222451311],[6.321148679148737,49.75852370372068]],[[6.321148679148737,49.75852370372068],[6.321329985536357,49.75853023833348],[6.3218310271160645,49.75865001945292]],[[6.3218310271160645,49.75865001945292],[6.321833059164632,49.75865050524305],[6.3218339417838525,49.758650679178395]],[[6.3218339417838525,49.758650679178395],[6.321875812062631,49.75865893043918]],[[6.321875812062631,49.75865893043918],[6.321977652741092,49.75867899990185]],[[6.321977652741092,49.75867899990185],[6.322048309202165,49.75869292397649],[6.322075652303302,49.758692956340774]],[[6.322075652303302,49.758692956340774],[6.322196745466505,49.75869309967101]],[[6.322196745466505,49.75869309967101],[6.322222188827487,49.758693129786685],[6.322457942370486,49.75868401379246]],[[6.322457942370486,49.75868401379246],[6.322591980013193,49.75867883089526]],[[6.322591980013193,49.75867883089526],[6.322655435993164,49.758676377212744],[6.322667926880303,49.75867307716636]],[[6.322667926880303,49.75867307716636],[6.322671416953953,49.75867215510175]],[[6.322671416953953,49.75867215510175],[6.32301455563777,49.758581499125064],[6.323193110613795,49.75848702141405],[6.323525878089771,49.75841940741647],[6.323569977467743,49.758409520251995]],[[6.323569977467743,49.758409520251995],[6.323747771052888,49.75836965859183],[6.324079860763015,49.758243014231006]],[[6.324079860763015,49.758243014231006],[6.324088519852764,49.758239712036286]],[[6.324088519852764,49.758239712036286],[6.324090837028889,49.75823882836757],[6.324540939008313,49.757969826638714],[6.324557767504833,49.75795594988665]],[[6.324557767504833,49.75795594988665],[6.324703644631672,49.75783565983467],[6.324881285040674,49.757735328699795]],[[6.324881285040674,49.757735328699795],[6.3250187949814105,49.75765766321541],[6.324781756772095,49.756244186118444],[6.324726391921099,49.756157935435596]],[[6.324726391921099,49.756157935435596],[6.324523719003581,49.75584219941867],[6.324217223424498,49.75547399320545],[6.32420159019564,49.755439377339286]],[[6.32420159019564,49.755439377339286],[6.324122876408551,49.75526508539075],[6.324101864592038,49.75520442608134],[6.324102412847322,49.755203967420485]],[[6.324102412847322,49.755203967420485],[6.324222726718857,49.75510331492283]],[[6.324222726718857,49.75510331492283],[6.324222964778574,49.7551031157662],[6.324360006854376,49.75504235160573]],[[6.324360006854376,49.75504235160573],[6.324538222815532,49.754963331033416],[6.324633956206881,49.75489808060813]],[[6.324633956206881,49.75489808060813],[6.3246404760793595,49.75489363676209]],[[6.3246404760793595,49.75489363676209],[6.324829004484372,49.754765138665114],[6.325160823974089,49.75438482630873]],[[6.325160823974089,49.75438482630873],[6.325327035032408,49.75428794870899],[6.3256282577551515,49.75410273327517]],[[6.3256282577551515,49.75410273327517],[6.325642108883121,49.75409421651172],[6.325642362438537,49.7540939597807]],[[6.325642362438537,49.7540939597807],[6.325715543150714,49.754019862530726]],[[6.325715543150714,49.754019862530726],[6.325984435180892,49.75374760281389]],[[6.325984435180892,49.75374760281389],[6.326099195653473,49.75366098400294]],[[6.326099195653473,49.75366098400294],[6.326157470684612,49.75361699922498],[6.32633048319844,49.75347965231892],[6.326450743247951,49.753414123665095]],[[6.326450743247951,49.753414123665095],[6.326453753749281,49.75341248326914]],[[6.326453753749281,49.75341248326914],[6.326756436808151,49.75324755390595],[6.327296684292943,49.75295910365946],[6.326756451554643,49.75325204927706],[6.326453753749281,49.75341248326914]],[[6.326453753749281,49.75341248326914],[6.326449976632014,49.75341448519314]],[[6.326449976632014,49.75341448519314],[6.326330529461201,49.75347779383336]],[[6.326330529461201,49.75347779383336],[6.326327013986511,49.753479657083204],[6.325984435180892,49.75374760281389]],[[6.325984435180892,49.75374760281389],[6.325764364806668,49.75397124307036]],[[6.325764364806668,49.75397124307036],[6.325645570816884,49.754091964082605],[6.325642362438537,49.7540939597807]],[[6.325642362438537,49.7540939597807],[6.3256282577551515,49.75410273327517]],[[6.3256282577551515,49.75410273327517],[6.32533050430219,49.75428794397457],[6.325160823974089,49.75438482630873]],[[6.325160823974089,49.75438482630873],[6.324825134790126,49.7547647056286],[6.3246404760793595,49.75489363676209]],[[6.3246404760793595,49.75489363676209],[6.324628454605434,49.754902030312834]],[[6.324628454605434,49.754902030312834],[6.3245412917441035,49.75496288856568],[6.324423030477051,49.75501665672479]],[[6.324423030477051,49.75501665672479],[6.324222979291821,49.75510761113637],[6.324222726718857,49.75510331492283]],[[6.324222726718857,49.75510331492283],[6.324222557134199,49.75510043032308],[6.324101456953483,49.75520174063779],[6.324102412847322,49.755203967420485]],[[6.324102412847322,49.755203967420485],[6.324129421951926,49.7552668859207],[6.32420159019564,49.755439377339286]],[[6.32420159019564,49.755439377339286],[6.324216830290165,49.75547580313252],[6.324523325877723,49.75584400934679],[6.324666530999409,49.75606762993326]],[[6.324666530999409,49.75606762993326],[6.324777879677959,49.756241505396],[6.325017109074123,49.757654401554085],[6.324881285040674,49.757735328699795]],[[6.324881285040674,49.757735328699795],[6.324713652785666,49.75783520793016],[6.324557767504833,49.75795594988665]],[[6.324557767504833,49.75795594988665],[6.32455131748756,49.75796094578941],[6.324088519852764,49.758239712036286]],[[6.324088519852764,49.758239712036286],[6.324086974315763,49.758240642990806],[6.324079860763015,49.758243014231006]],[[6.324079860763015,49.758243014231006],[6.323732655752809,49.75835875196541],[6.323569977467743,49.758409520251995]],[[6.323569977467743,49.758409520251995],[6.323516841731468,49.7584261027374],[6.323191147636421,49.75849361601153],[6.322940109014403,49.758626216410164],[6.322676794477511,49.758671550459574]],[[6.322676794477511,49.758671550459574],[6.322667926880303,49.75867307716636]],[[6.322667926880303,49.75867307716636],[6.322659298794356,49.75867456263723],[6.322643345159521,49.758675311460024]],[[6.322643345159521,49.758675311460024],[6.322457942370486,49.75868401379246]],[[6.322457942370486,49.75868401379246],[6.322237468113132,49.758694362289866]],[[6.322237468113132,49.758694362289866],[6.322225265177794,49.75869493506442],[6.322216574797253,49.75869437579273]],[[6.322216574797253,49.75869437579273],[6.322196745466505,49.75869309967101]],[[6.322196745466505,49.75869309967101],[6.322003424627176,49.75868065845826]],[[6.322003424627176,49.75868065845826],[6.321977652741092,49.75867899990185]],[[6.321977652741092,49.75867899990185],[6.321946126685139,49.75867697103435],[6.321150475963577,49.75853765770254],[6.3211493156178316,49.75852864651055]],[[6.3211493156178316,49.75852864651055],[6.321148679148737,49.75852370372068]],[[6.321148679148737,49.75852370372068],[6.3211245833496505,49.758336576847036]],[[6.3211245833496505,49.758336576847036],[6.321121906077518,49.75831578527411]],[[6.321121906077518,49.75831578527411],[6.321120475066837,49.75830467211061],[6.320866870531897,49.75826269208663],[6.320822760025408,49.75826124008085]],[[6.320822760025408,49.75826124008085],[6.320634540680792,49.75825504437833]],[[6.320634540680792,49.75825504437833],[6.320592650952073,49.75825366547491],[6.320519742884849,49.75825684731329]],[[6.320519742884849,49.75825684731329],[6.320246170766092,49.75826878648957],[6.320137734597731,49.75825730041141]],[[6.320137734597731,49.75825730041141],[6.319909188009846,49.75823309166249]],[[6.319909188009846,49.75823309166249],[6.31979886938521,49.75822140618554],[6.3189288861944375,49.75837893896378],[6.318922561212695,49.75838407119504]],[[6.318922561212695,49.75838407119504],[6.318839652607616,49.75845134508635],[6.3187580245448185,49.75849769992628]],[[6.3187580245448185,49.75849769992628],[6.3185418942407505,49.75862043572701],[6.318430390262667,49.758713933711725]],[[6.318430390262667,49.758713933711725],[6.318372064300017,49.75876284102479],[6.318289488660998,49.75885251367827]],[[6.318289488660998,49.75885251367827],[6.318239690048951,49.75890659226288]],[[6.318239690048951,49.75890659226288],[6.318227309375528,49.758920037000955],[6.318218772411186,49.758961114308015]],[[6.318218772411186,49.758961114308015],[6.318206126034038,49.75902196487462],[6.318140343324456,49.75916235655862]],[[6.318140343324456,49.75916235655862],[6.318115634736443,49.75921508896053],[6.318143223766125,49.75935910590915]],[[6.318143223766125,49.75935910590915],[6.318148527438575,49.759386791504895]],[[6.318148527438575,49.759386791504895],[6.318156839706344,49.7594301822096],[6.3182855054422316,49.759546279440556]],[[6.3182855054422316,49.759546279440556],[6.318307745500837,49.759566347014896],[6.318446495115444,49.75961503555725],[6.318480540867216,49.759704122089964],[6.318762087291239,49.75993532028567],[6.319126510008456,49.760177389121765],[6.319986733923736,49.76103805267101],[6.320104474187781,49.761095737921394]],[[6.320104474187781,49.761095737921394],[6.320310984593635,49.76119691490248],[6.321297390584913,49.76180123992692],[6.321349863997977,49.76182590054384]],[[6.321349863997977,49.76182590054384],[6.321384453070658,49.76184215616399]],[[6.321384453070658,49.76184215616399],[6.3214797694870235,49.76188695145161],[6.321734371076215,49.76198918437152]],[[6.321734371076215,49.76198918437152],[6.321738936874646,49.76199101772577],[6.321739861473208,49.7619914913212]],[[6.321739861473208,49.7619914913212],[6.321840036601196,49.76204280275965]],[[6.321840036601196,49.76204280275965],[6.321866482532243,49.76205634882434],[6.321902482447168,49.762189664636196],[6.321794393308535,49.76240271855633]],[[6.321794393308535,49.76240271855633],[6.321734471254503,49.76252083059493],[6.321716158754326,49.76272752217554],[6.321733089646625,49.76289593608386],[6.32199910554978,49.76360901933498],[6.322573328551596,49.76418567772868],[6.322951641351002,49.765320083368444],[6.322941868796916,49.76599978898694],[6.323307488770513,49.76639194215024],[6.323753141958627,49.76739943342146],[6.324841387303987,49.767986515102834],[6.325525224348138,49.768543106066154],[6.324798489872577,49.76907748606637],[6.325761439171421,49.76938568643119],[6.325937735608421,49.76982321074323],[6.325882902547113,49.770955681661206],[6.3265581131339585,49.77116066145303],[6.327121597176166,49.77213198619327],[6.326922839985273,49.77237607459848],[6.3272714834278165,49.773093161954925],[6.329599654102048,49.77498340015573],[6.330118033551668,49.77638747697169],[6.3301411733502775,49.77695879514435],[6.329831368332499,49.77795788069906],[6.329121099867382,49.77823197704036],[6.327060388526725,49.778554009354984],[6.32483775113046,49.77925833192444],[6.323494699605933,49.779336572309596],[6.322675585256369,49.77923022349862],[6.320974839193026,49.7793804016347],[6.319660667771243,49.7798159412209],[6.318118644691776,49.780530914033925],[6.317477569980568,49.78101231335148],[6.316355025628636,49.7812294332691],[6.315456715861685,49.78104635854731],[6.314695463493171,49.78045846167978],[6.314035940159284,49.78045705149125],[6.314567920814575,49.78123291981057],[6.315939861612108,49.78215612082733],[6.315853969138891,49.783048301192395],[6.316148325446534,49.78346288135895],[6.315848588471932,49.783961566429575],[6.315820694254927,49.78505622399439],[6.315258050557233,49.786108859761924],[6.314627411484664,49.78663068776242],[6.313348421470029,49.787172189731294],[6.312853260225454,49.78759987269924],[6.311864817081691,49.78792927228126],[6.311146073997517,49.787894204285394],[6.309317548931105,49.787203736531104],[6.307924666497305,49.78694245734288],[6.306746741145957,49.78686689914553],[6.304873719063116,49.78593016924004],[6.303945901807758,49.785750313222266],[6.302721779465598,49.7852534403435],[6.301188411262344,49.78507936401523],[6.300631749256627,49.78485504457621],[6.299436490179179,49.78493037045039],[6.299470123038833,49.78500390345043]],[[6.299470123038833,49.78500390345043],[6.2994759901238515,49.78501673091641],[6.29950868243186,49.78511236590377],[6.2995977086244235,49.78554982621373],[6.299430842482968,49.78553460567571],[6.299566164671512,49.78580080772847],[6.2996950158408875,49.78595608132889]],[[6.2996950158408875,49.78595608132889],[6.299706754183232,49.78597022675487],[6.299594677852726,49.78605267641897],[6.30013221284445,49.7864168054943],[6.3001415756853705,49.78643091628086]],[[6.3001415756853705,49.78643091628086],[6.300347655475355,49.786741500210965]],[[6.300347655475355,49.786741500210965],[6.300350725180384,49.78674612657948],[6.300289909799465,49.78677762478901]],[[6.300289909799465,49.78677762478901],[6.3001968504195265,49.786825823185595],[6.300200548374281,49.786833527568376]],[[6.300200548374281,49.786833527568376],[6.300255367280808,49.78694773822466],[6.300213222686328,49.78707817720168]],[[6.300213222686328,49.78707817720168],[6.300207131096897,49.787097030881576],[6.3003450951241255,49.787231182478045],[6.300543270953621,49.78738719186464],[6.300786128594047,49.787540103895964],[6.301075735183364,49.78761836627244],[6.301409827010094,49.787679946325554]],[[6.301409827010094,49.787679946325554],[6.301428970981662,49.78768347495658],[6.30174417082963,49.7877147561645],[6.3019047180122465,49.787807484107766]],[[6.3019047180122465,49.787807484107766],[6.302108073487516,49.78792493702514]],[[6.302108073487516,49.78792493702514],[6.302202578164183,49.78797952050741],[6.302436036424679,49.7881832162788]],[[6.302436036424679,49.7881832162788],[6.3024620117233,49.788205880109494],[6.302670355813811,49.788383107489864]],[[6.302670355813811,49.788383107489864],[6.302678166706784,49.78838975180647],[6.302693371342939,49.7884155184044]],[[6.302693371342939,49.7884155184044],[6.302818451802368,49.78862748650897],[6.302768739627481,49.78889972176992],[6.302702261689946,49.78896918526393]],[[6.302702261689946,49.78896918526393],[6.30266460481309,49.78900853332942],[6.302252721984549,49.78927930985313],[6.302452479292446,49.789261746689796],[6.302573022550058,49.789318477235526],[6.302706425137627,49.78942017802635]],[[6.302706425137627,49.78942017802635],[6.302707720726331,49.7894211657313],[6.303574383160603,49.78916013629355],[6.303655076592065,49.78908458583879]],[[6.303655076592065,49.78908458583879],[6.303726868179419,49.789017369871225],[6.304004169633124,49.78907945863622]],[[6.304004169633124,49.78907945863622],[6.304074286683996,49.78909515808906],[6.304498309663908,49.78924927404372],[6.304637018071872,49.78928826440983]],[[6.304637018071872,49.78928826440983],[6.30477150774143,49.78932606890582],[6.304890587156819,49.78938437631353]],[[6.304890587156819,49.78938437631353],[6.3050133143634,49.78944446986747]],[[6.3050133143634,49.78944446986747],[6.305053214552507,49.789464007052686],[6.305110063464826,49.789564223395374]],[[6.305110063464826,49.789564223395374],[6.3052442738685714,49.789800816766565],[6.305245789151432,49.789802907449]],[[6.305245789151432,49.789802907449],[6.305409595483723,49.79002891609114],[6.305900913383629,49.79042777398339]],[[6.305900913383629,49.79042777398339],[6.3065346152509,49.79094222092527],[6.306568893224148,49.790917274316804]],[[6.306568893224148,49.790917274316804],[6.307130810281915,49.79050832584345],[6.3075554978338495,49.79035495464011],[6.308653459494211,49.79119181216745],[6.310141439438093,49.79069100143908],[6.311716143108333,49.79134312372695],[6.312658006564311,49.79221303722958],[6.312500773786686,49.792495202768116],[6.312666842889512,49.794171325341956],[6.313054286634967,49.794849637604266],[6.314319177163903,49.79518519081888],[6.3156902582643974,49.79617691646695],[6.3159067911361095,49.79658571638219],[6.317120889952638,49.79731914318538],[6.318786276167885,49.79911287170528],[6.319671615164023,49.80017261422732],[6.32004276858944,49.80105664169489],[6.320985826316192,49.801907749994356],[6.321165696285937,49.80289656318925],[6.3218847096061666,49.80377945053068],[6.322363091417035,49.804594717437965],[6.324963866783674,49.80559153296885],[6.325306657066457,49.80560276878283],[6.326884892945799,49.80636104423355],[6.327909941007566,49.80768116728818],[6.328966083137903,49.808307435400806],[6.329404808072643,49.808959738715224],[6.329501140290908,49.80957256668245],[6.330087857991644,49.810121568447705],[6.330460732571949,49.810772037597054],[6.329984224905601,49.811885043317425],[6.331189506503956,49.8139451563868],[6.331607288212929,49.814476402828035],[6.332613477410818,49.81522143189661],[6.332581832598122,49.81603960282145],[6.333280484082945,49.8166491905594],[6.332949463036221,49.81736891908407],[6.3321292641356575,49.81827814793851],[6.332165263273206,49.81864896233258],[6.331429413972639,49.81895878090726],[6.330900319123449,49.81954532832585],[6.331644764277537,49.82023120188315],[6.3325957172566065,49.82056710218368],[6.333169362946036,49.82094555450165],[6.333530924303841,49.82181062777868],[6.334490215249726,49.822634612647285],[6.3368365843014205,49.823098926995094],[6.338971377855663,49.824340092327105],[6.3401449287259775,49.824539711311495],[6.341331876159585,49.82448381185932],[6.34225440976761,49.82474784317755],[6.343341771397181,49.8246720055701],[6.344037278043996,49.824848512441754],[6.344524829268289,49.8247091500861],[6.345018803283837,49.82305095884956],[6.345977563193986,49.823045996672754],[6.346640200611501,49.822793233899304],[6.3479231040298085,49.823042979828934],[6.3489147975064855,49.82160067350759],[6.349369310789729,49.8214426232478],[6.349281994795667,49.820856118638474],[6.350052063388261,49.82005822354152],[6.3531087905089665,49.8185116243495],[6.355798380636983,49.81615031515833],[6.35627071603607,49.81601609016719],[6.3573654696589665,49.816153654971245],[6.358628596389757,49.81582341574789],[6.358921895221524,49.815326195469005],[6.359540594543747,49.81513971162071],[6.362400287567298,49.81529907553087],[6.364769395496889,49.815658022338276],[6.365595912275683,49.8156049141693],[6.36761514791171,49.8158554274452],[6.369072463060186,49.81629793765872],[6.370172039375654,49.81674779951677],[6.370733213215162,49.81720084521802],[6.372729205629786,49.817682820364624],[6.375081510431325,49.81780674288288],[6.376001951142146,49.8177781164473],[6.376305084103797,49.817248349807],[6.377239176022037,49.81690213249149],[6.37878757790713,49.81689422539788],[6.379286526963697,49.81672975466839],[6.381396926535721,49.817019797931636],[6.382713095179552,49.81693194689668],[6.383902798639627,49.81730733773571],[6.386230127269117,49.817282734340964],[6.387948216762298,49.81696704867809],[6.388892969454923,49.81700072495907],[6.390792010868062,49.817456085888736],[6.3917302304640256,49.81751945480087],[6.393017242394923,49.81788557287295],[6.393893091649408,49.817980513176714],[6.395937684687147,49.8180112265566],[6.396653214963564,49.81780014690088],[6.396928245337682,49.81739794995348],[6.3981801758764645,49.81674313911286],[6.39927769533162,49.816400901876804],[6.400402440395786,49.81646459372339],[6.401223672354147,49.81598125004071],[6.402153209676201,49.81590838147079],[6.40327336258497,49.81602429477851],[6.4048105444482495,49.81577250503476],[6.406083955075215,49.81539368333384],[6.407663003896682,49.815098220745746],[6.409140369705064,49.81461639198984],[6.410275179076239,49.81444236475416],[6.41185157949914,49.81437104295952],[6.411804848809998,49.814058714906054],[6.412529565142641,49.813809939129264],[6.41258250547134,49.81380364584904]],[[6.41258250547134,49.81380364584904],[6.412741323811466,49.81378476632292],[6.412815722938306,49.81377797261702]],[[6.412815722938306,49.81377797261702],[6.412935502637625,49.81376703501486]],[[6.412935502637625,49.81376703501486],[6.412936620118037,49.8137669329729],[6.4130106009736165,49.81380021007006]],[[6.4130106009736165,49.81380021007006],[6.413041064236261,49.81381391265491],[6.413163103912128,49.813905808388185],[6.413267879025067,49.814017969710754],[6.413351517069734,49.81407173630125],[6.413421112955631,49.81409631289862],[6.413580929310066,49.81410271632275],[6.413823079174481,49.814076915019236],[6.414098358723495,49.81407689089711],[6.4145190894681035,49.81433166686349],[6.414573109233998,49.81435730550798]],[[6.414573109233998,49.81435730550798],[6.414652276156611,49.814394879395074],[6.414661210586054,49.814395341964165]],[[6.414661210586054,49.814395341964165],[6.414693970164586,49.814397038051034],[6.414709410958894,49.814388097631365]],[[6.414709410958894,49.814388097631365],[6.414725140368047,49.81437899009997],[6.414756714167201,49.814347883898506]],[[6.414756714167201,49.814347883898506],[6.414762294661387,49.814342386049624],[6.414762785114926,49.81433956368827]],[[6.414762785114926,49.81433956368827],[6.414799414272376,49.814128777731575],[6.414947421284876,49.813692974617624],[6.415413987026962,49.81408026214924],[6.415698645288022,49.814724734646624],[6.415810835736983,49.814926784713265],[6.415872655592658,49.8150330791705]],[[6.415872655592658,49.8150330791705],[6.415877421186534,49.81504127324033],[6.415921437432043,49.815071734407496]],[[6.415921437432043,49.815071734407496],[6.416128419854708,49.81521497529741],[6.416820429767257,49.815536885971945],[6.41704037090306,49.81542612124783],[6.4173671474205145,49.815149731628956]],[[6.4173671474205145,49.815149731628956],[6.417437337837885,49.81509036413567],[6.41751331955303,49.81502317776599]],[[6.41751331955303,49.81502317776599],[6.417640118937125,49.814911056181494]],[[6.417640118937125,49.814911056181494],[6.417871855683566,49.81470614437231],[6.4179315146106735,49.814640077272436]],[[6.4179315146106735,49.814640077272436],[6.418008940083794,49.814554335260084]],[[6.418008940083794,49.814554335260084],[6.418268822619498,49.814266537837746],[6.418810628833603,49.813546543702834],[6.4192049764628125,49.81297474535242]],[[6.4192049764628125,49.81297474535242],[6.419266604347632,49.81288538581208],[6.419267202032988,49.81288531349744]],[[6.419267202032988,49.81288531349744],[6.419609927093098,49.81284384679585],[6.419985436351963,49.81252191820651],[6.420908116251794,49.81315538855877],[6.420790099053652,49.813290389364475],[6.421170972738057,49.81360538978302]]]},"properties":{"name":"Mullerthal_Trail : Route 2","image":null,"thumbnail":null,"is_label":false,"label":"","color":"#FF0000","linestyle":0,"map_id":"19672929322149b4beadebd8a2e137d2"}},
{"type":"Feature","geometry":{"type":"MultiLineString","coordinates":[[[6.287309067585848,49.84382964684182],[6.28714515018674,49.845159105481756],[6.287329877479779,49.84567353358545],[6.2871234607361135,49.84688692114158],[6.289336011742462,49.84763083411251],[6.291407632425907,49.84761065203974],[6.293617832048545,49.84741496456778],[6.295210083256696,49.847516609795186],[6.296960246329539,49.84808424788096],[6.297786533138346,49.848217564210266],[6.299264679366972,49.847910085330206],[6.30170356881574,49.84668831020411],[6.3019045303549746,49.84689098542968],[6.304663207363664,49.84665727847312],[6.305224342533259,49.846758001267936],[6.307143826367717,49.84749214318057],[6.309050028369953,49.84796408261901],[6.311481770497601,49.84747783532021],[6.312389515105042,49.847652019497936],[6.312919548469832,49.84821326918316],[6.31291037711071,49.8486313451744],[6.312481068402537,49.84920503676652],[6.3111256048463105,49.84927415706754],[6.310460053460211,49.849902077912304],[6.309997882972286,49.84995434418967],[6.308570774829286,49.849304272305424],[6.30879645373236,49.85040310156511],[6.308520819305726,49.85124630938788],[6.307855239724842,49.85188545336143],[6.308208047963717,49.852471663261085],[6.307938158797504,49.8541037897514],[6.307633830066474,49.85465483447923],[6.30844033424689,49.85464261654717],[6.308780419358783,49.85562442732039],[6.30761203538686,49.85673169454828],[6.30738128761322,49.857487185814136],[6.306522081768799,49.85853338079548],[6.306319419585058,49.85939222803849],[6.305701347960686,49.86029899663627],[6.305810862519307,49.861202169819414],[6.305162294042339,49.86266046025063],[6.305355153763866,49.86339674622057],[6.304767942702046,49.86392872116611],[6.302282796209165,49.86311461951802],[6.300616244516762,49.86273894343324],[6.299502519731023,49.86234688033945],[6.29855290114499,49.86220186255225],[6.294746300924597,49.86247583061248],[6.292987911333626,49.862855357124],[6.2917269404931995,49.86332198223857],[6.2907877915472366,49.86319037554464],[6.2903210820626425,49.86288294367167],[6.289877693323579,49.862170907763186],[6.288192038672078,49.86105559544995],[6.287090708842085,49.859995847067324],[6.286755191095356,49.859290430257495],[6.288089167362006,49.85884401166747],[6.289359886424088,49.85813916411481],[6.289222953627994,49.857606614217346],[6.287381998857823,49.85679053742016],[6.286902015377364,49.85598723796577],[6.286277179384768,49.85546035906776],[6.28558365726639,49.85524540233479],[6.284967589036524,49.85463890409114],[6.284682593265375,49.853737105530726],[6.284323369279143,49.853362596296535],[6.28320275893086,49.85323358285335],[6.282290814263857,49.85351892700499],[6.281382950650502,49.85356668499957],[6.279703064736289,49.852970289840016],[6.279047409889833,49.85254859068327],[6.277471884516299,49.85200908969403],[6.275856216787241,49.85195668051425],[6.274829565830031,49.85175842088962],[6.273165805943311,49.85079346097326],[6.272778812708686,49.851468672954695],[6.270616840576293,49.85040159952957],[6.268914972164705,49.848645809667545],[6.268248315724703,49.847116537078314],[6.268059224730569,49.8462767077707],[6.267348979635432,49.84494700776742],[6.266722837259448,49.84401837860609],[6.266704026661863,49.84254578464808],[6.266200807118116,49.842067930642564],[6.266528806928185,49.8417309305528],[6.26657593501976,49.84169969306766]],[[6.26657593501976,49.84169969306766],[6.266601465244315,49.841682771100665],[6.2668807032416245,49.84165910123942]],[[6.2668807032416245,49.84165910123942],[6.266924900414457,49.841655354826116],[6.2669547120125895,49.84164706807299]],[[6.2669547120125895,49.84164706807299],[6.267362299295138,49.84153377071894],[6.267446464994926,49.84151749076026]],[[6.267446464994926,49.84151749076026],[6.2675450091530855,49.841498429612706]],[[6.2675450091530855,49.841498429612706],[6.2675988608266255,49.84148801321954],[6.26774624050579,49.84147846601022]],[[6.26774624050579,49.84147846601022],[6.26801864453184,49.841460819763]],[[6.26801864453184,49.841460819763],[6.268071532103999,49.84145739372269],[6.268256651961333,49.841473815234856]],[[6.268256651961333,49.841473815234856],[6.268436800374646,49.84148979574286],[6.268976101475958,49.841672282170386],[6.269222925322329,49.84170128482369],[6.269277958419557,49.84170108489868]],[[6.269277958419557,49.84170108489868],[6.2694271114297955,49.84170054305353],[6.269897784116148,49.841702542729394],[6.270425863418923,49.841691920706126],[6.2705660517099195,49.84186596054804],[6.270613184750005,49.84193975979225]],[[6.270613184750005,49.84193975979225],[6.270662470234032,49.842016929256914],[6.271076373760084,49.84216265707896],[6.271269009404416,49.84216702734046],[6.271337273882879,49.84216405173102]],[[6.271337273882879,49.84216405173102],[6.271575086262511,49.842153685625874],[6.271856717752749,49.84216740794422]],[[6.271856717752749,49.84216740794422],[6.271862612652558,49.84216769516952]],[[6.271862612652558,49.84216769516952],[6.271882718514715,49.84216867481509],[6.272216455180856,49.842206583228005],[6.272285236881701,49.84222973556703]],[[6.272285236881701,49.84222973556703],[6.27238591482182,49.842263624374276]],[[6.27238591482182,49.842263624374276],[6.272591807435316,49.84233292908078],[6.272822411103667,49.84248136351342]],[[6.272822411103667,49.84248136351342],[6.272852807540732,49.8425009290213],[6.27304801291524,49.842617148850096],[6.27308598140186,49.842637488511556]],[[6.27308598140186,49.842637488511556],[6.273226807674897,49.84271292893526],[6.273334025618079,49.842765732137295]],[[6.273334025618079,49.842765732137295],[6.273378568369536,49.842787668763144],[6.273848098568231,49.84286481370068],[6.273859233067038,49.84286559201654]],[[6.273859233067038,49.84286559201654],[6.2739904680440555,49.842874765511056],[6.2740904833404345,49.84288411636945]],[[6.2740904833404345,49.84288411636945],[6.274122774658864,49.842887135423105],[6.27420044891397,49.84288319288392]],[[6.27420044891397,49.84288319288392],[6.274464160206088,49.84286980759813],[6.275244708165845,49.84266906640624],[6.276066837030941,49.84263720976525],[6.27611027920417,49.842632674816734]],[[6.27611027920417,49.842632674816734],[6.276393241453531,49.84260313625689],[6.276416579959933,49.842597527538]],[[6.276416579959933,49.842597527538],[6.276612009864618,49.84255056174766]],[[6.276612009864618,49.84255056174766],[6.276618807663791,49.84254892809793],[6.276626596754228,49.84254639710726]],[[6.276626596754228,49.84254639710726],[6.276838686368903,49.84247748060939]],[[6.276838686368903,49.84247748060939],[6.2768503437376255,49.84247369265858],[6.277087516643072,49.84237765474647],[6.27718287441926,49.84233183762093]],[[6.27718287441926,49.84233183762093],[6.277310760811486,49.842270391275164],[6.2782720630106965,49.841176129323244],[6.278285325047261,49.84117053104562]],[[6.278285325047261,49.84117053104562],[6.278622533220183,49.841028186017425],[6.278878620468323,49.840855694388324],[6.279249806579157,49.84059292739854],[6.279525165420546,49.840400273362185]],[[6.279525165420546,49.840400273362185],[6.279532806469776,49.84039492732365],[6.2795943583536795,49.84039029883607],[6.2796304624775905,49.84039493233012]],[[6.2796304624775905,49.84039493233012],[6.279687569721747,49.840402261301094]],[[6.279687569721747,49.840402261301094],[6.279698652637414,49.840403683648965],[6.279758806492506,49.8404239272689],[6.279855070893565,49.84048217378606],[6.279879260605465,49.840472301325576]],[[6.279879260605465,49.840472301325576],[6.280143901702363,49.840364294302496]],[[6.280143901702363,49.840364294302496],[6.280257998398325,49.8403177284266],[6.280673806360162,49.84015992703705],[6.281103806284466,49.84001292692745],[6.281407423324786,49.839922048266835]],[[6.281407423324786,49.839922048266835],[6.281544806217862,49.83988092681561],[6.282041097112123,49.83972542544695]],[[6.282041097112123,49.83972542544695],[6.282042968306229,49.839724839151195],[6.282072989776257,49.83972373105581]],[[6.282072989776257,49.83972373105581],[6.282347380806758,49.83971360325615]],[[6.282347380806758,49.83971360325615],[6.282392806139685,49.83971192660269],[6.282535772672493,49.83971871295346]],[[6.282535772672493,49.83971871295346],[6.282708806156409,49.839726926525515],[6.282760138997689,49.839733098749214]],[[6.282760138997689,49.839733098749214],[6.282819734000957,49.839740264409286],[6.283381690684422,49.83872747095212],[6.284036598091352,49.83829146088771]],[[6.284036598091352,49.83829146088771],[6.284165695593183,49.838205513149916],[6.284259386936945,49.83813232819811]],[[6.284259386936945,49.83813232819811],[6.284371191872092,49.83804499420905],[6.284668684768325,49.83784315607335]],[[6.284668684768325,49.83784315607335],[6.284677180421956,49.83783739208062],[6.284677620246305,49.83783705848547]],[[6.284677620246305,49.83783705848547],[6.284885227749039,49.837679593679376],[6.2850017660025355,49.83760017458767]],[[6.2850017660025355,49.83760017458767],[6.285040379840254,49.83757385982984],[6.285112425167472,49.83738146284059],[6.285118333483979,49.83731290239504]],[[6.285118333483979,49.83731290239504],[6.285124966565661,49.8372359317326],[6.2852008636287335,49.83700250860459],[6.285243368823873,49.836951339587436]],[[6.285243368823873,49.836951339587436],[6.285324307779503,49.83685390286716],[6.285549380731435,49.83653778409435],[6.285666532178017,49.83645212238912],[6.28566637061263,49.83644800914872]],[[6.28566637061263,49.83644800914872],[6.285663695574719,49.83637990623246],[6.285822476278208,49.83631559253881]],[[6.285822476278208,49.83631559253881],[6.285823450578586,49.83631519790108],[6.285935570444016,49.836274133406064],[6.286178639798549,49.83620101034122],[6.286142898725455,49.83646946228949],[6.2857446370710415,49.8369765343378],[6.286106582953383,49.83804577236452],[6.285326590071401,49.83852758812316],[6.285157828272691,49.8390200304135],[6.28434273999436,49.839045480685456],[6.283626773461908,49.83970398054922],[6.284787766756063,49.84084367068082],[6.285795499226223,49.84220135511125],[6.286564843435304,49.842706289158095],[6.2872915186698695,49.84382335033154]]]},"properties":{"name":"Mullerthal_Trail : Extra Tour B","image":"/mymaps/images/e4ee0d5ba42247f291d5108460dc9446.PNG","thumbnail":"/mymaps/images/e4ee0d5ba42247f291d5108460dc9446_thumb.PNG","is_label":false,"label":"","color":"#FF0000","linestyle":0,"map_id":"aff97ad82ad94d4399e55ea8f2b5d09d"}},
{"type":"Feature","geometry":{"type":"MultiLineString","coordinates":[[[6.217122611117839,49.809501141184334],[6.215076311147443,49.80892435240743],[6.214600866573437,49.80931564280645],[6.213465498493018,49.80970719644943],[6.212432302366092,49.80969549967056],[6.211530217658662,49.808957229938784],[6.210286624966677,49.808741922178996],[6.207769098861854,49.80936993107637],[6.207208824582018,49.80942890166186],[6.205188299550067,49.80911681837292],[6.202162922697373,49.808812086628656],[6.2015715718558875,49.80922590298295],[6.200980029897884,49.81056164442563],[6.200293225352672,49.810886890522575],[6.196900308919851,49.8120346370568],[6.193831941023539,49.812678641904434],[6.193378038562611,49.812291911386275],[6.192077112816419,49.81185272852053],[6.191304704976733,49.81183068335385],[6.189606804981571,49.81239045754807],[6.189060562128801,49.81312633135678],[6.18918898261237,49.81446316713731],[6.187213137599582,49.8142684815729],[6.186313305525597,49.81381685154315],[6.1854375523886995,49.81269315708012],[6.184631576728125,49.8123201675739],[6.183992269945337,49.81175384868816],[6.183839260689929,49.8112279155813],[6.182765605600793,49.81001207408742],[6.181747738665379,49.80934239983849],[6.181136224408331,49.808546798805956],[6.177461929116849,49.80692126039246],[6.179790086517745,49.80663564373696],[6.177735909049781,49.80572336557473],[6.177236583191924,49.80469341372797],[6.176994429727359,49.80185774356682],[6.174787407744031,49.80037727156398],[6.17405004402204,49.79963614910867],[6.173867844665789,49.79894676163829],[6.173997916299037,49.798152993946765],[6.173898134752204,49.796604815174746],[6.1741145082402085,49.79604984074962],[6.174082350882253,49.79532631109097],[6.173656156491822,49.79454772313794],[6.173359493610556,49.79332874541938],[6.173110999710538,49.79311093729854],[6.171835000633757,49.79288497337567],[6.171110382760191,49.79235348804855],[6.170400206135084,49.79090833476586],[6.170329812328718,49.78990191017433],[6.169976686447584,49.78911004837114],[6.1692259255482,49.788381462396075],[6.168684059384139,49.78758128490048],[6.1684135049275515,49.7868103446945],[6.167785135959905,49.7860888437759],[6.168271129634614,49.784994219385425],[6.169097936405945,49.78398992816071],[6.167948262214176,49.78365460329942],[6.167033766520181,49.7831506564233],[6.166611793928065,49.78262067003362],[6.166743709559935,49.78200031014706],[6.1659298071710325,49.7812829110403],[6.167167353682989,49.78125742789233],[6.167895165425429,49.78166889008866],[6.16738856701444,49.78251890447254],[6.167936335900699,49.78304372042285],[6.168686191385122,49.78274346721421],[6.170088682550723,49.78309461377083],[6.170434340940538,49.782524796553574],[6.170235858256681,49.782125953296],[6.170699475404583,49.78129584759619],[6.171406578406321,49.78159825756778],[6.171764865527231,49.78213990413516],[6.172180670456588,49.78335024641541],[6.172127374391642,49.78367766699225],[6.1727441302464525,49.78392908501654],[6.17441259978305,49.78371280256798],[6.175426648921432,49.78382601468716],[6.175522361381977,49.78406710441431],[6.174039849402751,49.78451601972354],[6.17454032174662,49.784767830208445],[6.175766682596096,49.78451448648867],[6.176960187487132,49.78477129393002],[6.177873423928119,49.785277591184695],[6.178722809770748,49.78524790801637],[6.179397158752149,49.78551238227903],[6.180202842482503,49.78526070464954],[6.181584292854835,49.7851821386067],[6.18257025386535,49.78536632206571],[6.183719111794942,49.78579288288006],[6.184667942317065,49.78391074970947],[6.184449224627736,49.782853604207546],[6.185315169200348,49.782765794343526],[6.188849569261089,49.77290340643295],[6.189395525276275,49.77225588401492],[6.189517166318741,49.771193542154215],[6.192262130798369,49.771341812385046],[6.194914161160934,49.77186668387804],[6.196163467679814,49.77262326254919],[6.196210960183656,49.772872278818504],[6.19507800879812,49.773450409579794],[6.195463052828699,49.77372783098978],[6.196726740984072,49.77344636022246],[6.197223521336602,49.77421943673119],[6.197116165958414,49.774603818806405],[6.198373075485519,49.77539017770861],[6.198366804591498,49.77570190297119],[6.197747183242458,49.77638010921908],[6.196048760638279,49.777267596645906],[6.194348294588744,49.77778047944405],[6.194374461047675,49.77817861025806],[6.1955724527779426,49.777897350323094],[6.1960988913455575,49.77805110340112],[6.196073796611582,49.778512807758794],[6.1968504921173,49.77863022917809],[6.196868244061843,49.77783380642617],[6.19723902641802,49.77757975568511],[6.198062637465289,49.7777159010742],[6.198521041382767,49.7783987062523],[6.199500262519423,49.77840730157875],[6.1990080096863185,49.77730031434372],[6.199539086422713,49.77692892597471],[6.200221884707243,49.77720434892828],[6.200939172224198,49.77774255946269],[6.201634860327846,49.779221557645805],[6.20229198674464,49.77923358861614],[6.202984888589333,49.777924312571265],[6.204669344932564,49.77854601184657],[6.207129123393872,49.77853646438801],[6.20795620774967,49.77881653986504],[6.208312704348633,49.7791410214781],[6.2100388499488215,49.779639373725466],[6.209946452964768,49.780495420146],[6.208621944755971,49.78290106224874],[6.2082631678454865,49.7837857540056],[6.208479178011766,49.78474168213559],[6.209055824092267,49.784642860711585],[6.210533167541574,49.78532777556325],[6.2113138102824355,49.784930900044436],[6.212352524955389,49.78508656100896],[6.213408346701913,49.78494088936223],[6.214927810605767,49.785349899166064],[6.216937448444982,49.78470709207328],[6.218619810180671,49.7844958982408],[6.219339170839792,49.78421828961623],[6.219433799877152,49.78418008063361]],[[6.219433799877152,49.78418008063361],[6.219706980900634,49.78406977655286],[6.220004079441652,49.78396187368997]],[[6.220004079441652,49.78396187368997],[6.220053984775625,49.78394374863156],[6.2201438098476105,49.78388189785407],[6.220320644879326,49.78383915915519],[6.2204322490537685,49.78383568677707],[6.220619669575731,49.78380413300018],[6.2207592357073445,49.78378470118938]],[[6.2207592357073445,49.78378470118938],[6.2207654456040915,49.78378383658465],[6.221272290649698,49.783803830401794],[6.221304481052836,49.78373947480477]],[[6.221304481052836,49.78373947480477],[6.221328813872111,49.783690828221964]],[[6.221328813872111,49.783690828221964],[6.221329111903611,49.78369023239236],[6.221334818038321,49.78369197706181]],[[6.221334818038321,49.78369197706181],[6.221428410336287,49.78372059321464],[6.221491576733125,49.783757349268235]],[[6.221491576733125,49.783757349268235],[6.221532619668413,49.78378123184512],[6.221626634956154,49.783894819698816],[6.221857585511594,49.78399271120211]],[[6.221857585511594,49.78399271120211],[6.222097956934096,49.78409459586678]],[[6.222097956934096,49.78409459586678],[6.222125493395904,49.784106267566976],[6.2221610481613165,49.78415102603103]],[[6.2221610481613165,49.78415102603103],[6.222283032882348,49.784304587689746],[6.222460353964412,49.784458904980625]],[[6.222460353964412,49.784458904980625],[6.2224637258655635,49.78446183944642],[6.222759360684929,49.78495394052583],[6.2227667445338914,49.78497376613844]],[[6.2227667445338914,49.78497376613844],[6.222797177986548,49.78505547986875]],[[6.222797177986548,49.78505547986875],[6.222821748563147,49.7851214517942],[6.222825588451586,49.78513872970285]],[[6.222825588451586,49.78513872970285],[6.222851255454178,49.78525422059096]],[[6.222851255454178,49.78525422059096],[6.22285344563877,49.7852640755151],[6.222843123815922,49.7853449970215],[6.222830895102046,49.785373671339954]],[[6.222830895102046,49.785373671339954],[6.222773997768199,49.785507086209776]],[[6.222773997768199,49.785507086209776],[6.222748632694124,49.78556656312771],[6.2226601588097905,49.78566614673889]],[[6.2226601588097905,49.78566614673889],[6.222614700220223,49.78571731359499],[6.222546019076595,49.785812138535185]],[[6.222546019076595,49.785812138535185],[6.222530563910901,49.78583347678154]],[[6.222530563910901,49.78583347678154],[6.222404551440529,49.7860074564845],[6.222388049244709,49.786037554033406]],[[6.222388049244709,49.786037554033406],[6.222384425495805,49.78604416321203]],[[6.222384425495805,49.78604416321203],[6.222368355297425,49.786073472861915],[6.2223739063682455,49.78612761587318],[6.222398600560926,49.786147602841424]],[[6.222398600560926,49.786147602841424],[6.222450469160363,49.78618958421183],[6.222617146949098,49.786312195492954]],[[6.222617146949098,49.786312195492954],[6.222666005011236,49.786348136392085],[6.222887322703627,49.78645741174128]],[[6.222887322703627,49.78645741174128],[6.222974237958418,49.78650032604567]],[[6.222974237958418,49.78650032604567],[6.222984264460927,49.78650527661944],[6.223071997287839,49.78652383942202]],[[6.223071997287839,49.78652383942202],[6.2232784722571095,49.786567526081],[6.223406619140312,49.786615164238775],[6.223537728971556,49.786678341888084]],[[6.223537728971556,49.786678341888084],[6.223583542143322,49.78670041779553]],[[6.223583542143322,49.78670041779553],[6.223595653988594,49.78670625410777],[6.223609965298421,49.78672343971435]],[[6.223609965298421,49.78672343971435],[6.223658850775111,49.78678214339558]],[[6.223658850775111,49.78678214339558],[6.223667822963016,49.78679291756603],[6.223657796224817,49.7868059673015]],[[6.223657796224817,49.7868059673015],[6.223618459820016,49.7868571633801],[6.223076034346736,49.78716299053613],[6.222688913530576,49.78710275796973],[6.221979651709005,49.787051074261534]],[[6.221979651709005,49.787051074261534],[6.221943745940139,49.78704845781832],[6.221755715707465,49.78703132241326]],[[6.221755715707465,49.78703132241326],[6.221730661964608,49.7870290392377],[6.221472038345855,49.78702060138868],[6.2214668966283115,49.78702181950678]],[[6.2214668966283115,49.78702181950678],[6.221257395401824,49.78707145218958]],[[6.221257395401824,49.78707145218958],[6.2212295529414785,49.78707804831327],[6.221121265362175,49.78711937975231]],[[6.221121265362175,49.78711937975231],[6.221008885671705,49.78716227307726]],[[6.221008885671705,49.78716227307726],[6.22092316025559,49.787194992940734],[6.220850175819047,49.78725985331892]],[[6.220850175819047,49.78725985331892],[6.220806487179186,49.78729867888007]],[[6.220806487179186,49.78729867888007],[6.220776476361812,49.78732534912727],[6.220757128179961,49.78737168247117]],[[6.220757128179961,49.78737168247117],[6.220727495245391,49.78744264484679]],[[6.220727495245391,49.78744264484679],[6.2207051933850925,49.78749605140306],[6.2210895516399916,49.78805652932022],[6.221236987177301,49.78813640276367],[6.221572442688535,49.78835881318168]],[[6.221572442688535,49.78835881318168],[6.221628044174729,49.788395677532904],[6.221705812566335,49.78846589759385],[6.221750371297099,49.78853832828723]],[[6.221750371297099,49.78853832828723],[6.221770692297545,49.78857136029078],[6.221824167298534,49.788739925561465]],[[6.221824167298534,49.788739925561465],[6.221842652271061,49.78879819436633],[6.221872222050876,49.78885076184579]],[[6.221872222050876,49.78885076184579],[6.221941575987741,49.78897405534592],[6.222245510610661,49.78930490901522],[6.222250378330164,49.78930949975461]],[[6.222250378330164,49.78930949975461],[6.222410547274054,49.7894605548594],[6.222613769711835,49.78961168685583],[6.222662931919615,49.78965152392858]],[[6.222662931919615,49.78965152392858],[6.222874020936788,49.78982257337723],[6.223007740302309,49.789957597903495]],[[6.223007740302309,49.789957597903495],[6.223044909230782,49.78999512961731]],[[6.223044909230782,49.78999512961731],[6.223071768504136,49.79002225104917],[6.223161010256093,49.79007846026005],[6.223209787011356,49.790093463698426]],[[6.223209787011356,49.790093463698426],[6.223259320186372,49.79010869980699],[6.223446820493042,49.790150194674275],[6.224327806466589,49.79029816374919],[6.224515326281135,49.79033178638262],[6.224546032607764,49.790342717933534]],[[6.224546032607764,49.790342717933534],[6.224800649463306,49.790433362351926]],[[6.224800649463306,49.790433362351926],[6.22509537246595,49.790538284687514],[6.225895786890667,49.790836419843465],[6.226216886287617,49.79102185270067],[6.225809958413555,49.791039887086335],[6.225783506530403,49.79105056442999]],[[6.225783506530403,49.79105056442999],[6.22565881419321,49.79110089668527],[6.225552197575255,49.79110693194645]],[[6.225552197575255,49.79110693194645],[6.22555206662826,49.79110693935898],[6.222967618908043,49.79080155504908],[6.222871193509011,49.79081180053117]],[[6.222871193509011,49.79081180053117],[6.222785600007255,49.79082089509234],[6.222793984140966,49.790826419682766]],[[6.222793984140966,49.790826419682766],[6.222856392369561,49.79086754258398],[6.222905031190173,49.79090258111065],[6.2229374849808385,49.79092792008544]],[[6.2229374849808385,49.79092792008544],[6.222971883924324,49.79095477777891],[6.222960799405117,49.79108551734516],[6.222951622063711,49.79111066684376]],[[6.222951622063711,49.79111066684376],[6.222942497887127,49.791135670649986],[6.222879485043721,49.79116766959386]],[[6.222879485043721,49.79116766959386],[6.222850988511431,49.79118214059514],[6.222533765797336,49.791195003235806],[6.222340026331046,49.79125072692117],[6.222309141517463,49.7912644664767]],[[6.222309141517463,49.7912644664767],[6.222231190179271,49.791299144255674]],[[6.222231190179271,49.791299144255674],[6.222184492855947,49.791319918234606],[6.222018138607683,49.79144203570564]],[[6.222018138607683,49.79144203570564],[6.221886296397972,49.79153881854945],[6.221657274566764,49.791778252175654],[6.221483987186827,49.792599848516225],[6.221542297969044,49.792750951200915]],[[6.221542297969044,49.792750951200915],[6.22155213488145,49.792776441921795],[6.221641170742005,49.79300247440233],[6.221701080926237,49.7930540726426]],[[6.221701080926237,49.7930540726426],[6.2217402136243365,49.7930877760669]],[[6.2217402136243365,49.7930877760669],[6.221808343591617,49.79314645367683],[6.222406008619467,49.79362687937295],[6.222664913984353,49.79387585916087],[6.222756299448584,49.793940903060665]],[[6.222756299448584,49.793940903060665],[6.222884950698535,49.79403247100401]],[[6.222884950698535,49.79403247100401],[6.222951547436408,49.79407987144763],[6.223111424160881,49.79415945773988]],[[6.223111424160881,49.79415945773988],[6.223135462698025,49.794171424072374]],[[6.223135462698025,49.794171424072374],[6.223327698628079,49.794267118708106],[6.223452218628723,49.794318950324644]],[[6.223452218628723,49.794318950324644],[6.22361040575926,49.79438479592896],[6.223617870439036,49.79440105973434]],[[6.223617870439036,49.79440105973434],[6.223642217843211,49.794454107079275]],[[6.223642217843211,49.794454107079275],[6.223693948966683,49.79456681719535],[6.22333347310539,49.79511093045088],[6.223338433209112,49.7951180514169]],[[6.223338433209112,49.7951180514169],[6.223427378519529,49.79524574562832],[6.22343969640551,49.79524121922616]],[[6.22343969640551,49.79524121922616],[6.223739743665642,49.79513096211168],[6.223765219381247,49.79512608227873]],[[6.223765219381247,49.79512608227873],[6.223898072190311,49.795100634533696]],[[6.223898072190311,49.795100634533696],[6.223951500483773,49.795090400428755],[6.224132894639559,49.79508857908856],[6.224158593739078,49.795093704838564]],[[6.224158593739078,49.795093704838564],[6.224343906136001,49.795130665862],[6.224674816601064,49.79521289703072],[6.224929416034964,49.7952643882214],[6.225933575513327,49.79543514893338],[6.226733031368146,49.795642646827055],[6.226772446318012,49.79564973720599]],[[6.226772446318012,49.79564973720599],[6.227150382951916,49.79571772445339],[6.227596063789313,49.79576018997625],[6.227806196656673,49.79577354884074]],[[6.227806196656673,49.79577354884074],[6.227848162032803,49.79577621672312],[6.227837937095264,49.795851367586465]],[[6.227837937095264,49.795851367586465],[6.227834399315394,49.79587736942858],[6.22772176225416,49.79591140037692]],[[6.22772176225416,49.79591140037692],[6.227581019970338,49.79595392273447],[6.227449146700218,49.79601243097395],[6.227336385984535,49.796030219708676]],[[6.227336385984535,49.796030219708676],[6.2272411113871975,49.79604524989475]],[[6.2272411113871975,49.79604524989475],[6.227206135638008,49.796050767546184],[6.22699666551603,49.79612526680276]],[[6.22699666551603,49.79612526680276],[6.226990949371535,49.796127299782505],[6.226946902780323,49.79613207516955]],[[6.226946902780323,49.79613207516955],[6.226886795105833,49.7961385918466],[6.2268786306387955,49.79614141592975]],[[6.2268786306387955,49.79614141592975],[6.2268649480961775,49.796146148711195]],[[6.2268649480961775,49.796146148711195],[6.22678267111972,49.796174608256926],[6.22676558236579,49.796200812533705]],[[6.22676558236579,49.796200812533705],[6.226756783292839,49.79621430522861]],[[6.226756783292839,49.79621430522861],[6.226744547760316,49.796233067467334],[6.226741243550547,49.79637017750505],[6.226772634719363,49.79648479293801],[6.226614651611931,49.7967265366151]],[[6.226614651611931,49.7967265366151],[6.226500499952371,49.796901209986046]],[[6.226500499952371,49.796901209986046],[6.22645377859814,49.79697270238896],[6.226315186322117,49.79722001766221],[6.226325924353694,49.797223501127256]],[[6.226325924353694,49.797223501127256],[6.2269583569520846,49.7974286650658],[6.22792006263553,49.79774064925591],[6.228167471846438,49.7978220450397]],[[6.228167471846438,49.7978220450397],[6.22820601691178,49.797834726078506],[6.228257021166152,49.797849287047704]],[[6.228257021166152,49.797849287047704],[6.228723768864209,49.797982536694015],[6.230180445845546,49.79842481652397],[6.230939922422144,49.79846724343285],[6.2315556409075885,49.79861215990533],[6.231663175543247,49.79863867992153]],[[6.231663175543247,49.79863867992153],[6.232232617401404,49.79877911474247],[6.232728045160927,49.798890973789945]],[[6.232728045160927,49.798890973789945],[6.2327760359007325,49.79890180927168],[6.2327825367291245,49.798915752394]],[[6.2327825367291245,49.798915752394],[6.232812414924838,49.79897983581727],[6.231656506751198,49.799874745589506],[6.231559425477719,49.79996214974347],[6.231527338052559,49.79999411622024]],[[6.231527338052559,49.79999411622024],[6.23140111543597,49.800119863060964]],[[6.23140111543597,49.800119863060964],[6.231295926460233,49.80022465554377],[6.231274312837992,49.80025193359079]],[[6.231274312837992,49.80025193359079],[6.231179870527768,49.80037112702126]],[[6.231179870527768,49.80037112702126],[6.231164991987949,49.80038990487831],[6.231047944012079,49.800552898736235],[6.231004666850527,49.80064755845517]],[[6.231004666850527,49.80064755845517],[6.230931820011746,49.8008068956445],[6.23086566134749,49.80094155604742]],[[6.23086566134749,49.80094155604742],[6.23083198626199,49.80101009885482]],[[6.23083198626199,49.80101009885482],[6.230825646177185,49.801023003564794],[6.2306593863054704,49.8012111618723]],[[6.2306593863054704,49.8012111618723],[6.230455814663932,49.801441546360955],[6.230326570551197,49.80158361334637]],[[6.230326570551197,49.80158361334637],[6.2301947430008,49.80172852008357],[6.230098278243046,49.80184292056754]],[[6.230098278243046,49.80184292056754],[6.2300134471062085,49.801943524387376],[6.229978621540436,49.80199285866552]],[[6.229978621540436,49.80199285866552],[6.229761885533277,49.80229988926858]],[[6.229761885533277,49.80229988926858],[6.2297480170476325,49.80231953551734],[6.22974286948287,49.80233257112294]],[[6.22974286948287,49.80233257112294],[6.229686819329051,49.80247451158069]],[[6.229686819329051,49.80247451158069],[6.2296748209817965,49.80250489599153],[6.2296600698853934,49.802572229513444]],[[6.2296600698853934,49.802572229513444],[6.229638370352231,49.8026712801841],[6.229637407826377,49.80276419651053]],[[6.229637407826377,49.80276419651053],[6.229636646962267,49.80283764565254],[6.229688712436031,49.80312988852241],[6.229716596937166,49.80326182408605]],[[6.229716596937166,49.80326182408605],[6.2298030297586475,49.80367078112507],[6.229816329355363,49.803763416572004]],[[6.229816329355363,49.803763416572004],[6.22983357801474,49.80388355835559],[6.229817924745276,49.80403943326485],[6.229800070953193,49.80407100998942]],[[6.229800070953193,49.80407100998942],[6.229758568632853,49.80414441217381],[6.229511418490819,49.80429818651382],[6.229340130160022,49.80443576345126]],[[6.229340130160022,49.80443576345126],[6.2293095715886455,49.80446030776577],[6.2293075640717985,49.80446345314574]],[[6.2293075640717985,49.80446345314574],[6.229265005896162,49.80453013334997]],[[6.229265005896162,49.80453013334997],[6.2292534893689355,49.804548177459615],[6.229174271795417,49.80485526503279],[6.229116130410377,49.805090819854236]],[[6.229116130410377,49.805090819854236],[6.229112346151553,49.80510615145342],[6.22893667315606,49.80567698098957],[6.228354896246061,49.80641127764108],[6.228073717625339,49.80672262685295]],[[6.228073717625339,49.80672262685295],[6.228059815563815,49.80673802061187],[6.228334258356047,49.80679631572448],[6.22844719318728,49.80679416780172]],[[6.22844719318728,49.80679416780172],[6.228455811646467,49.80679400388608],[6.228692011980433,49.80682085092135],[6.228903798495839,49.806766794221524],[6.22893632651366,49.80676553850167]],[[6.22893632651366,49.80676553850167],[6.229080914433137,49.806759956792945],[6.229326036690001,49.80675800218542]],[[6.229326036690001,49.80675800218542],[6.229383065122174,49.80675754744008],[6.229664360256262,49.8067416624969],[6.22981104694637,49.806767895094815]],[[6.22981104694637,49.806767895094815],[6.229937994718464,49.806790597698985]],[[6.229937994718464,49.806790597698985],[6.230015217519301,49.80680440777734],[6.2303417731974795,49.80687390825484],[6.230356695574319,49.80687941599536]],[[6.230356695574319,49.80687941599536],[6.230401423634156,49.806895924796216]],[[6.230401423634156,49.806895924796216],[6.230463388084717,49.80691879542325],[6.23059191113574,49.80693445892968],[6.231217029039307,49.80691163867602],[6.231330839397895,49.806921455169025]],[[6.231330839397895,49.806921455169025],[6.231501851066952,49.80693620545075],[6.23153342753976,49.8069593875458]],[[6.23153342753976,49.8069593875458],[6.231578332495483,49.806992354842635],[6.2317246544496605,49.80733391986596],[6.231710641413531,49.80734145114505]],[[6.231710641413531,49.80734145114505],[6.231054824828424,49.80769391849683],[6.2303370442496,49.80811490640366],[6.2296583523128515,49.80862793747311],[6.228673948390558,49.80901234186811],[6.22790192619654,49.809020110922056],[6.224640879710473,49.80842776770717],[6.2235715946317685,49.80833280768274],[6.22193133935702,49.80799977299863],[6.2204239368359175,49.80793753999229],[6.220287734497532,49.80855970487282],[6.218334742222053,49.80878488542406],[6.217956028010285,49.809350185254324],[6.217122615740033,49.80950563652733]]]},"properties":{"name":"Mullerthal_Trail : Extra Tour A","image":"","thumbnail":"","is_label":false,"label":"","color":"#FF0000","linestyle":0,"map_id":"64dcea005db94b2c8ed384c8414f877d"}},
{"type":"Feature","geometry":{"type":"MultiLineString","coordinates":[[[6.306532465196606,49.79089006970946],[6.306568893224148,49.790917274316804]],[[6.306568893224148,49.790917274316804],[6.3065849847552595,49.79092929154131],[6.306719841637177,49.79104095139418],[6.306827664272823,49.791108251967785],[6.307186280650615,49.79145845755014],[6.3081386123174585,49.791810189229274],[6.3086472452316515,49.792402957195314],[6.309701244280435,49.79307821778287],[6.309816417266662,49.79404894113427],[6.310183879895201,49.79439523293421],[6.310168986950972,49.79510280099916],[6.310585694147712,49.79629355594822],[6.3111146781641345,49.79681458652917],[6.311583107364161,49.797753308713745],[6.3121786350298645,49.79833920929513],[6.312888208865497,49.79989596013987],[6.3129536153812955,49.800862379074005],[6.313469434107628,49.801599192039006],[6.314261224487914,49.80337745153068],[6.314433326761887,49.804423075758095],[6.314765959875635,49.80531497989099],[6.315427241362904,49.80578165255053],[6.315407706361594,49.8073460591541],[6.316056611141359,49.80829599384602],[6.31644559363932,49.808405854449056],[6.317623773350491,49.80814719779823],[6.3185340244452535,49.80863667994158],[6.319924898124496,49.80914732532822],[6.321543911967763,49.81039713501795],[6.32191011782326,49.81087090587946],[6.323076449302492,49.81173244974567],[6.323148617609706,49.81257298226929],[6.323761471844761,49.81304641501671],[6.323968235928291,49.81361254897543],[6.323420179315866,49.81600705923159],[6.323453468697413,49.81663636226972],[6.323950011876297,49.81764939139119],[6.323983577988982,49.818361857528835],[6.323016423760071,49.81900149993531],[6.322380995688256,49.81909450679987],[6.321498809971724,49.82024649134546],[6.321409566162776,49.82085966192498],[6.320111093195584,49.820843962588],[6.318155674224169,49.82127302072606],[6.316620811771969,49.82149303320826],[6.3160433928543975,49.82173490722737],[6.315224679653499,49.82259629453058],[6.313308808885558,49.82278630131016],[6.312316507633536,49.82300959137864],[6.310345813223994,49.82286517489088],[6.3096911254609935,49.823057144981874],[6.308022357134102,49.8238571063664],[6.306560226753467,49.82365485494634],[6.305245944357701,49.82325512939788],[6.303540059454322,49.82297653085726],[6.303094812765599,49.82304574803505],[6.301050009332968,49.82258498250748],[6.299107363991024,49.82236918546246],[6.297227896538014,49.82238704252542],[6.296639073006584,49.82259931946274],[6.296142849672637,49.8232760834181],[6.296407899996904,49.82450335190683],[6.297657401164607,49.82533134174034],[6.298135452134766,49.82654645342675],[6.297974654926001,49.8270234774003],[6.296930509412064,49.82764950183074],[6.2952948952983805,49.828446657296375],[6.294666274883493,49.82855299048518],[6.2926603548752835,49.82947896927286],[6.2916812880487765,49.82978570719707],[6.289929774634213,49.83105076245443],[6.28858916297049,49.83151890151145],[6.287673562448794,49.83201288181565],[6.286806943940821,49.83286114856673],[6.287779892293157,49.8336532392646],[6.2877021580708865,49.83410854054083],[6.28665253765528,49.83513622172775],[6.285844930232845,49.836301244622796],[6.285822476278208,49.83631559253881]],[[6.285822476278208,49.83631559253881],[6.28575605413646,49.83635803581112],[6.285688971457548,49.83638241834749],[6.28566637061263,49.83644800914872]],[[6.28566637061263,49.83644800914872],[6.28566564064851,49.83645012760631],[6.285549971840934,49.83652377850085],[6.28529010089542,49.836869468219945],[6.285243368823873,49.836951339587436]],[[6.285243368823873,49.836951339587436],[6.285218204201648,49.83699542627065],[6.2851364827476,49.837220743110365],[6.285118333483979,49.83731290239504]],[[6.285118333483979,49.83731290239504],[6.285105212134666,49.837379530672195],[6.285023486873061,49.837583426424615],[6.2850017660025355,49.83760017458767]],[[6.2850017660025355,49.83760017458767],[6.2848248431166684,49.83773659330705],[6.284677620246305,49.83783705848547]],[[6.284677620246305,49.83783705848547],[6.284668684768325,49.83784315607335]],[[6.284668684768325,49.83784315607335],[6.284568934459793,49.83791122588152],[6.284259386936945,49.83813232819811]],[[6.284259386936945,49.83813232819811],[6.284036598091352,49.83829146088771]],[[6.284036598091352,49.83829146088771],[6.2839466433685605,49.8383557133728],[6.283385392097207,49.838728797528795],[6.2828292043389435,49.83974333917443],[6.282760138997689,49.839733098749214]],[[6.282760138997689,49.839733098749214],[6.282691625147523,49.83972294009443],[6.282535772672493,49.83971871295346]],[[6.282535772672493,49.83971871295346],[6.282347380806758,49.83971360325615]],[[6.282347380806758,49.83971360325615],[6.28229192919436,49.839712099258335],[6.282072989776257,49.83972373105581]],[[6.282072989776257,49.83972373105581],[6.282041097112123,49.83972542544695]],[[6.282041097112123,49.83972542544695],[6.282016017739811,49.83972675786202],[6.281407423324786,49.839922048266835]],[[6.281407423324786,49.839922048266835],[6.2809859915854265,49.840057280488736],[6.280315803862353,49.84030068370272],[6.280143901702363,49.840364294302496]],[[6.280143901702363,49.840364294302496],[6.279919944820103,49.84044716720883],[6.279879260605465,49.840472301325576]],[[6.279879260605465,49.840472301325576],[6.279847065064823,49.84049219126285],[6.279746110356402,49.84042036415529],[6.279687569721747,49.840402261301094]],[[6.279687569721747,49.840402261301094],[6.279659161920629,49.8403934765948],[6.2796304624775905,49.84039493233012]],[[6.2796304624775905,49.84039493233012],[6.279525165420546,49.840400273362185]],[[6.279525165420546,49.840400273362185],[6.279523635635144,49.840400350958205],[6.278286249018446,49.84116934401633],[6.278285325047261,49.84117053104562]],[[6.278285325047261,49.84117053104562],[6.277842318718181,49.84173966295974],[6.277307094794326,49.84227927383601],[6.27718287441926,49.84233183762093]],[[6.27718287441926,49.84233183762093],[6.276838686368903,49.84247748060939]],[[6.276838686368903,49.84247748060939],[6.2767779229815375,49.84250319260408],[6.276626596754228,49.84254639710726]],[[6.276626596754228,49.84254639710726],[6.276612009864618,49.84255056174766]],[[6.276612009864618,49.84255056174766],[6.276468293842613,49.842591593493715],[6.276416579959933,49.842597527538]],[[6.276416579959933,49.842597527538],[6.27611027920417,49.842632674816734]],[[6.27611027920417,49.842632674816734],[6.2760970010848345,49.84263419844915],[6.274439184006995,49.84288118799823],[6.27420044891397,49.84288319288392]],[[6.27420044891397,49.84288319288392],[6.2740904833404345,49.84288411636945]],[[6.2740904833404345,49.84288411636945],[6.2739730920064005,49.84288510221616],[6.273859233067038,49.84286559201654]],[[6.273859233067038,49.84286559201654],[6.273535366952637,49.842810096219914],[6.273334025618079,49.842765732137295]],[[6.273334025618079,49.842765732137295],[6.273309844818362,49.842760404075875],[6.273167187873163,49.84268860942707],[6.27308598140186,49.842637488511556]],[[6.27308598140186,49.842637488511556],[6.273021011609122,49.84259658887348],[6.272822411103667,49.84248136351342]],[[6.272822411103667,49.84248136351342],[6.272563045407303,49.84233088300139],[6.27238591482182,49.842263624374276]],[[6.27238591482182,49.842263624374276],[6.27230911906046,49.842234464094226],[6.272285236881701,49.84222973556703]],[[6.272285236881701,49.84222973556703],[6.272173513584806,49.84220761502882],[6.271862612652558,49.84216769516952]],[[6.271862612652558,49.84216769516952],[6.27186062546576,49.84216744001359],[6.271856717752749,49.84216740794422]],[[6.271856717752749,49.84216740794422],[6.271613855757945,49.84216541485193],[6.271384463890059,49.84216337355036],[6.271337273882879,49.84216405173102]],[[6.271337273882879,49.84216405173102],[6.271217641770662,49.842165770997234],[6.271071639300211,49.84215241593163],[6.270671657263825,49.84201566631037],[6.270613184750005,49.84193975979225]],[[6.270613184750005,49.84193975979225],[6.270427694031347,49.8416989636698],[6.269399580919854,49.841711454709824],[6.269277958419557,49.84170108489868]],[[6.269277958419557,49.84170108489868],[6.269239058665981,49.84169776821717],[6.268978337442987,49.84167102545892],[6.268460094453009,49.84148492342245],[6.268256651961333,49.841473815234856]],[[6.268256651961333,49.841473815234856],[6.26801864453184,49.841460819763]],[[6.26801864453184,49.841460819763],[6.267957671255744,49.84145749055393],[6.26774624050579,49.84147846601022]],[[6.26774624050579,49.84147846601022],[6.2675450091530855,49.841498429612706]],[[6.2675450091530855,49.841498429612706],[6.267501423314426,49.84150275364246],[6.267446464994926,49.84151749076026]],[[6.267446464994926,49.84151749076026],[6.2669763741291655,49.84164354600593],[6.2669547120125895,49.84164706807299]],[[6.2669547120125895,49.84164706807299],[6.2668807032416245,49.84165910123942]],[[6.2668807032416245,49.84165910123942],[6.266754014395432,49.84167969971649],[6.26657593501976,49.84169969306766]],[[6.26657593501976,49.84169969306766],[6.2665703613413,49.84170031883642],[6.266082748325077,49.84194706036513],[6.265622802885482,49.840860269431275],[6.263972017350073,49.83915118902715],[6.262750992829256,49.83855432381206],[6.260954811829321,49.83704311379824],[6.260387918786658,49.8368165569556],[6.259439455451545,49.835127073202166],[6.256815366096878,49.83302082310318],[6.255114079044533,49.83188705541129],[6.2545639820692935,49.83061563039018],[6.253636871701153,49.829710179275686],[6.252357969493535,49.82889106512536],[6.252093010102487,49.82838328708399],[6.251413443518006,49.82791817879639],[6.249247096776942,49.82691053024231],[6.247566872340465,49.825670995431416],[6.245575060298083,49.82505874610406],[6.241617050770759,49.82231470501419],[6.240737643228846,49.822018574024554],[6.239820465225232,49.82201240916588],[6.239014030215511,49.821716219354045],[6.238265000627177,49.822656206009626],[6.23691109274883,49.820946552787326],[6.236744817406497,49.82043227376565],[6.236972919003257,49.819609490036946],[6.237663093780024,49.81487514324478],[6.237633188225411,49.813416423049915],[6.236945675038645,49.811166919505084],[6.236793780491502,49.810969552803144],[6.2354376527728235,49.81074750229631],[6.23481870779832,49.81024888173416],[6.234407404700128,49.80919721016812],[6.234448040181573,49.808444216188],[6.2338119387966024,49.80806922203358],[6.2318880264998215,49.808218657983105],[6.2304986675013,49.80813850869434],[6.231713213845286,49.80734890584456],[6.231710641413531,49.80734145114505]],[[6.231710641413531,49.80734145114505],[6.231648190897164,49.8071604745913],[6.231573829080487,49.80700059393586],[6.23153342753976,49.8069593875458]],[[6.23153342753976,49.8069593875458],[6.231507751887357,49.80693320040222],[6.231330839397895,49.806921455169025]],[[6.231330839397895,49.806921455169025],[6.23120557075447,49.806913138574565],[6.230576982721156,49.806938208336504],[6.230441510655834,49.806920300930976],[6.230401423634156,49.806895924796216]],[[6.230401423634156,49.806895924796216],[6.23038242216328,49.806884370372984],[6.230356695574319,49.80687941599536]],[[6.230356695574319,49.80687941599536],[6.230279420734235,49.80686453455348],[6.23002807627433,49.80681038972734],[6.229937994718464,49.806790597698985]],[[6.229937994718464,49.806790597698985],[6.229864797306525,49.806774515325195],[6.22981104694637,49.806767895094815]],[[6.22981104694637,49.806767895094815],[6.22962859366277,49.8067454230078],[6.2294410789529975,49.80676800057233],[6.229326036690001,49.80675800218542]],[[6.229326036690001,49.80675800218542],[6.229312562464094,49.806756831132965],[6.2289513731349295,49.806761519438744],[6.22893632651366,49.80676553850167]],[[6.22893632651366,49.80676553850167],[6.228715286852872,49.80682457981667],[6.228600682410043,49.80682913592041],[6.22844719318728,49.80679416780172]],[[6.22844719318728,49.80679416780172],[6.228423506636436,49.80678877150023],[6.228285778734775,49.80677119991698],[6.228073717625339,49.80672262685295]],[[6.228073717625339,49.80672262685295],[6.22807038886053,49.806721864392046],[6.228936074966958,49.805655672048346],[6.22905369429929,49.80529373382288],[6.229116130410377,49.805090819854236]],[[6.229116130410377,49.805090819854236],[6.229150534721204,49.80497900771336],[6.229265005896162,49.80453013334997]],[[6.229265005896162,49.80453013334997],[6.229274935680081,49.8044911958145],[6.2293075640717985,49.80446345314574]],[[6.2293075640717985,49.80446345314574],[6.229340130160022,49.80443576345126]],[[6.229340130160022,49.80443576345126],[6.229486549929887,49.80431126834254],[6.229729447127178,49.80415380035542],[6.229800070953193,49.80407100998942]],[[6.229800070953193,49.80407100998942],[6.229819604816675,49.804048110979295],[6.229836734153283,49.80386604010705],[6.229816329355363,49.803763416572004]],[[6.229816329355363,49.803763416572004],[6.229716596937166,49.80326182408605]],[[6.229716596937166,49.80326182408605],[6.229679439175349,49.803074943486344],[6.229637407826377,49.80276419651053]],[[6.229637407826377,49.80276419651053],[6.2296268478129475,49.80268612401659],[6.2296600698853934,49.802572229513444]],[[6.2296600698853934,49.802572229513444],[6.229664880215503,49.80255573836411],[6.229686819329051,49.80247451158069]],[[6.229686819329051,49.80247451158069],[6.229709811450069,49.80238938617075],[6.22974286948287,49.80233257112294]],[[6.22974286948287,49.80233257112294],[6.229761885533277,49.80229988926858]],[[6.229761885533277,49.80229988926858],[6.229838017854388,49.80216904477792],[6.229978621540436,49.80199285866552]],[[6.229978621540436,49.80199285866552],[6.230098278243046,49.80184292056754]],[[6.230098278243046,49.80184292056754],[6.230195125843243,49.80172156384743],[6.230326570551197,49.80158361334637]],[[6.230326570551197,49.80158361334637],[6.230458688565122,49.801444956214375],[6.2306593863054704,49.8012111618723]],[[6.2306593863054704,49.8012111618723],[6.23083198626199,49.80101009885482]],[[6.23083198626199,49.80101009885482],[6.230841678835693,49.80099880790113],[6.23086566134749,49.80094155604742]],[[6.23086566134749,49.80094155604742],[6.230943953710965,49.80075465390064],[6.231004666850527,49.80064755845517]],[[6.231004666850527,49.80064755845517],[6.231091044532672,49.8004951918272],[6.231179870527768,49.80037112702126]],[[6.231179870527768,49.80037112702126],[6.231238511182952,49.80028922260242],[6.231274312837992,49.80025193359079]],[[6.231274312837992,49.80025193359079],[6.23140111543597,49.800119863060964]],[[6.23140111543597,49.800119863060964],[6.231507111247826,49.80000946372172],[6.231527338052559,49.79999411622024]],[[6.231527338052559,49.79999411622024],[6.232159288966302,49.79951461054881],[6.232442163166162,49.79929957381079],[6.2328530256370085,49.79894780536654],[6.2327825367291245,49.798915752394]],[[6.2327825367291245,49.798915752394],[6.232728045160927,49.798890973789945]],[[6.232728045160927,49.798890973789945],[6.232692825822887,49.79887495872447],[6.232484417480625,49.798830122748974],[6.231663175543247,49.79863867992153]],[[6.231663175543247,49.79863867992153],[6.230983853347032,49.79848032054402],[6.230227184316789,49.79844578300072],[6.22862766843754,49.79796204252108],[6.228257021166152,49.797849287047704]],[[6.228257021166152,49.797849287047704],[6.228167471846438,49.7978220450397]],[[6.228167471846438,49.7978220450397],[6.228089240698576,49.797798246159225],[6.226324569734133,49.797226001945745],[6.226325924353694,49.797223501127256]],[[6.226325924353694,49.797223501127256],[6.226500499952371,49.796901209986046]],[[6.226500499952371,49.796901209986046],[6.226525512928744,49.796855032509],[6.226614651611931,49.7967265366151]],[[6.226614651611931,49.7967265366151],[6.226775078965008,49.7964952761185],[6.226750546933262,49.79631097915481],[6.226756783292839,49.79621430522861]],[[6.226756783292839,49.79621430522861],[6.226757361968151,49.796205334800646],[6.22676558236579,49.796200812533705]],[[6.22676558236579,49.796200812533705],[6.2268649480961775,49.796146148711195]],[[6.2268649480961775,49.796146148711195],[6.226871869720002,49.79614234093547],[6.2268786306387955,49.79614141592975]],[[6.2268786306387955,49.79614141592975],[6.226946902780323,49.79613207516955]],[[6.226946902780323,49.79613207516955],[6.22699666551603,49.79612526680276]],[[6.22699666551603,49.79612526680276],[6.227003793850117,49.79612429152854],[6.2272411113871975,49.79604524989475]],[[6.2272411113871975,49.79604524989475],[6.227260635973386,49.7960387469822],[6.227336385984535,49.796030219708676]],[[6.227336385984535,49.796030219708676],[6.227441168550787,49.79601842420411],[6.227555694524558,49.79597116339659],[6.227638992357915,49.795941900184324],[6.22772176225416,49.79591140037692]],[[6.22772176225416,49.79591140037692],[6.227791701520661,49.79588562851717],[6.227837937095264,49.795851367586465]],[[6.227837937095264,49.795851367586465],[6.227864551437175,49.79583164614617],[6.227848335745038,49.7957757998351],[6.227806196656673,49.79577354884074]],[[6.227806196656673,49.79577354884074],[6.227598317409481,49.795762444305026],[6.227180390909935,49.79572860898456],[6.226826142516611,49.79566360908041],[6.226772446318012,49.79564973720599]],[[6.226772446318012,49.79564973720599],[6.225923078545816,49.79543031155986],[6.224186573292898,49.795094026512615],[6.224158593739078,49.795093704838564]],[[6.224158593739078,49.795093704838564],[6.223999072110022,49.795091870857604],[6.223898072190311,49.795100634533696]],[[6.223898072190311,49.795100634533696],[6.223812807561137,49.79510803287217],[6.223765219381247,49.79512608227873]],[[6.223765219381247,49.79512608227873],[6.223444916089737,49.795247567999404],[6.22343969640551,49.79524121922616]],[[6.22343969640551,49.79524121922616],[6.223338433209112,49.7951180514169]],[[6.223338433209112,49.7951180514169],[6.223326694857513,49.79510377389948],[6.223689432476586,49.794563817769024],[6.223642217843211,49.794454107079275]],[[6.223642217843211,49.794454107079275],[6.223619801364514,49.794402018835356],[6.223617870439036,49.79440105973434]],[[6.223617870439036,49.79440105973434],[6.223457732433553,49.794321518330115],[6.223452218628723,49.794318950324644]],[[6.223452218628723,49.794318950324644],[6.223135462698025,49.794171424072374]],[[6.223135462698025,49.794171424072374],[6.22311953807222,49.7941640073198],[6.223111424160881,49.79415945773988]],[[6.223111424160881,49.79415945773988],[6.222884950698535,49.79403247100401]],[[6.222884950698535,49.79403247100401],[6.222831166032445,49.7940023132137],[6.222756299448584,49.793940903060665]],[[6.222756299448584,49.793940903060665],[6.222596057239588,49.793809462595924],[6.222288960039192,49.793512578202],[6.2217402136243365,49.7930877760669]],[[6.2217402136243365,49.7930877760669],[6.221708617855695,49.79306331677274],[6.221701080926237,49.7930540726426]],[[6.221701080926237,49.7930540726426],[6.221651097161303,49.792992766983524],[6.221542297969044,49.792750951200915]],[[6.221542297969044,49.792750951200915],[6.221499840102364,49.79265658485457],[6.221454646090482,49.792604909395905],[6.2216412282733495,49.791795657381535],[6.221859683565891,49.79154830983687],[6.222018138607683,49.79144203570564]],[[6.222018138607683,49.79144203570564],[6.222231190179271,49.791299144255674]],[[6.222231190179271,49.791299144255674],[6.222262123152477,49.79127839783564],[6.222309141517463,49.7912644664767]],[[6.222309141517463,49.7912644664767],[6.22254325416027,49.791195099809826],[6.222859185713332,49.79118371014638],[6.222879485043721,49.79116766959386]],[[6.222879485043721,49.79116766959386],[6.222951622063711,49.79111066684376]],[[6.222951622063711,49.79111066684376],[6.222970186396923,49.79109599728786],[6.2229769624840445,49.79094989484434],[6.2229374849808385,49.79092792008544]],[[6.2229374849808385,49.79092792008544],[6.222851894294936,49.790880276882746],[6.222782397265174,49.79082861359133],[6.222793984140966,49.790826419682766]],[[6.222793984140966,49.790826419682766],[6.222871193509011,49.79081180053117]],[[6.222871193509011,49.79081180053117],[6.222949011904982,49.79079706606363],[6.225120815869545,49.79104009909197],[6.225299816047801,49.79107687162239],[6.225552197575255,49.79110693194645]],[[6.225552197575255,49.79110693194645],[6.225619277547409,49.79111492161876],[6.2257129947774095,49.791094645232654],[6.225783506530403,49.79105056442999]],[[6.225783506530403,49.79105056442999],[6.225815185867578,49.791030759921505],[6.2258133330466325,49.79080689152759],[6.225349113732111,49.79063888648999],[6.224976238948545,49.790497131951795],[6.224800649463306,49.790433362351926]],[[6.224800649463306,49.790433362351926],[6.224555962794287,49.79034449842619],[6.224546032607764,49.790342717933534]],[[6.224546032607764,49.790342717933534],[6.224430949504928,49.79032208341484],[6.224057123239985,49.790252926447934],[6.223305845470921,49.79012933295384],[6.223209787011356,49.790093463698426]],[[6.223209787011356,49.790093463698426],[6.2231495453460335,49.790070968816764],[6.223044909230782,49.78999512961731]],[[6.223044909230782,49.78999512961731],[6.2230291458713305,49.7899837044936],[6.223007740302309,49.789957597903495]],[[6.223007740302309,49.789957597903495],[6.222888861336087,49.78981261112736],[6.222662931919615,49.78965152392858]],[[6.222662931919615,49.78965152392858],[6.22261210584462,49.78961528504401],[6.222334126876526,49.78940863100187],[6.222250378330164,49.78930949975461]],[[6.222250378330164,49.78930949975461],[6.222033936704696,49.78905330273122],[6.221872222050876,49.78885076184579]],[[6.221872222050876,49.78885076184579],[6.221840460437197,49.7888109817442],[6.221824167298534,49.788739925561465]],[[6.221824167298534,49.788739925561465],[6.221790395534812,49.788592643158495],[6.221750371297099,49.78853832828723]],[[6.221750371297099,49.78853832828723],[6.221686084815756,49.7884510883507],[6.221572442688535,49.78835881318168]],[[6.221572442688535,49.78835881318168],[6.2215205069279875,49.788316642367036],[6.22071643495162,49.787507514083295],[6.220727495245391,49.78744264484679]],[[6.220727495245391,49.78744264484679],[6.220733681781492,49.787406360469376],[6.220757128179961,49.78737168247117]],[[6.220757128179961,49.78737168247117],[6.220806487179186,49.78729867888007]],[[6.220806487179186,49.78729867888007],[6.22082033155298,49.78727820259369],[6.220850175819047,49.78725985331892]],[[6.220850175819047,49.78725985331892],[6.221008885671705,49.78716227307726]],[[6.221008885671705,49.78716227307726],[6.221021549563495,49.78715448688377],[6.221121265362175,49.78711937975231]],[[6.221121265362175,49.78711937975231],[6.221257395401824,49.78707145218958]],[[6.221257395401824,49.78707145218958],[6.221264468495207,49.7870689619521],[6.221462298235963,49.78702166820759],[6.2214668966283115,49.78702181950678]],[[6.2214668966283115,49.78702181950678],[6.221755715707465,49.78703132241326]],[[6.221755715707465,49.78703132241326],[6.22179905785096,49.78703274848365],[6.221979651709005,49.787051074261534]],[[6.221979651709005,49.787051074261534],[6.2222400044266335,49.787077493576824],[6.222743433367774,49.787115464025625],[6.223088765709243,49.78716609550978],[6.22365615462099,49.78684305364565],[6.223657796224817,49.7868059673015]],[[6.223657796224817,49.7868059673015],[6.223658850775111,49.78678214339558]],[[6.223658850775111,49.78678214339558],[6.223659537429089,49.786766630830776],[6.223609965298421,49.78672343971435]],[[6.223609965298421,49.78672343971435],[6.223583542143322,49.78670041779553]],[[6.223583542143322,49.78670041779553],[6.223579609776167,49.78669699160978],[6.223537728971556,49.786678341888084]],[[6.223537728971556,49.786678341888084],[6.22342330736629,49.786627389402476],[6.2232878556717965,49.78657575834832],[6.223071997287839,49.78652383942202]],[[6.223071997287839,49.78652383942202],[6.222974237958418,49.78650032604567]],[[6.222974237958418,49.78650032604567],[6.222961436418103,49.786497246979586],[6.222887322703627,49.78645741174128]],[[6.222887322703627,49.78645741174128],[6.222617146949098,49.786312195492954]],[[6.222617146949098,49.786312195492954],[6.222615280995385,49.78631119256507],[6.222412556289539,49.786171595891346],[6.222398600560926,49.786147602841424]],[[6.222398600560926,49.786147602841424],[6.222379358078007,49.78611452066663],[6.222384425495805,49.78604416321203]],[[6.222384425495805,49.78604416321203],[6.222384635773968,49.78604124365086],[6.222388049244709,49.786037554033406]],[[6.222388049244709,49.786037554033406],[6.2224678506775275,49.785951296736584],[6.222530563910901,49.78583347678154]],[[6.222530563910901,49.78583347678154],[6.2225336692024635,49.7858276428404],[6.222546019076595,49.785812138535185]],[[6.222546019076595,49.785812138535185],[6.222641132862323,49.785692730584294],[6.2226601588097905,49.78566614673889]],[[6.2226601588097905,49.78566614673889],[6.222773997768199,49.785507086209776]],[[6.222773997768199,49.785507086209776],[6.222776306339667,49.78550386057767],[6.222824799249615,49.78540943467714],[6.222830895102046,49.785373671339954]],[[6.222830895102046,49.785373671339954],[6.222851255454178,49.78525422059096]],[[6.222851255454178,49.78525422059096],[6.22285583425475,49.78522735754093],[6.222825588451586,49.78513872970285]],[[6.222825588451586,49.78513872970285],[6.222797177986548,49.78505547986875]],[[6.222797177986548,49.78505547986875],[6.222772238304681,49.784982400305466],[6.2227667445338914,49.78497376613844]],[[6.2227667445338914,49.78497376613844],[6.2226435630055335,49.78478017053153],[6.222570506152376,49.78464309683821],[6.222460353964412,49.784458904980625]],[[6.222460353964412,49.784458904980625],[6.222452252006102,49.784445357226566],[6.222292410747775,49.7843083246844],[6.222181167489497,49.78416902119524],[6.2221610481613165,49.78415102603103]],[[6.2221610481613165,49.78415102603103],[6.222097956934096,49.78409459586678]],[[6.222097956934096,49.78409459586678],[6.222084217030972,49.78408230659894],[6.221857585511594,49.78399271120211]],[[6.221857585511594,49.78399271120211],[6.2216219676597015,49.78389956319252],[6.221514211206543,49.78377149582951],[6.221491576733125,49.783757349268235]],[[6.221491576733125,49.783757349268235],[6.221409996903996,49.78370636181956],[6.221334818038321,49.78369197706181]],[[6.221334818038321,49.78369197706181],[6.221328813872111,49.783690828221964]],[[6.221328813872111,49.783690828221964],[6.221316249574754,49.78368842416369],[6.221304481052836,49.78373947480477]],[[6.221304481052836,49.78373947480477],[6.221274793096329,49.783868258115234],[6.221278474595962,49.784057061726365],[6.221011014497497,49.78391108683605],[6.2207592357073445,49.78378470118938]],[[6.2207592357073445,49.78378470118938],[6.220757809496614,49.78378398527298],[6.220167717770153,49.78382471470313],[6.21994120726421,49.78334291483099],[6.219975832005322,49.78294146293337],[6.219847178625952,49.782743725341],[6.2198758788094395,49.78268784433389]],[[6.2198758788094395,49.78268784433389],[6.219883942437521,49.78267214395838]],[[6.219883942437521,49.78267214395838],[6.219892210650531,49.782656045243534],[6.219880766388145,49.7825803001033]],[[6.219880766388145,49.7825803001033],[6.219863889927998,49.78246860135004],[6.219742402553189,49.7821548799184],[6.219706717636039,49.78157634240877],[6.219592854828892,49.78145015375169]],[[6.219592854828892,49.78145015375169],[6.219585079237359,49.78144153643865],[6.219359254560396,49.78125957591228],[6.2193416863056745,49.78106178766241],[6.219247903935789,49.78100563772008],[6.219223526217757,49.78093147510362],[6.219207381764971,49.780862862556106]],[[6.219207381764971,49.780862862556106],[6.219200337393833,49.78083292457952],[6.219207299981576,49.78078688298341]],[[6.219207299981576,49.78078688298341],[6.219216364926645,49.78072693910121],[6.219262558521665,49.78059014680596],[6.219323361298699,49.78015822702445],[6.2193630174703785,49.77990520248481]],[[6.2193630174703785,49.77990520248481],[6.219371626552005,49.77985027260068],[6.219384743199653,49.77980033687572]],[[6.219384743199653,49.77980033687572],[6.219444601552482,49.7795724531722]],[[6.219444601552482,49.7795724531722],[6.219448889608745,49.77955612833037],[6.2195026535433104,49.77949123253482]],[[6.2195026535433104,49.77949123253482],[6.219527407692143,49.77946135302183],[6.219941276398501,49.779088387005565],[6.220058830896809,49.77896767135752]],[[6.220058830896809,49.77896767135752],[6.220107700938369,49.77891748715511],[6.220288027890694,49.77876456216118],[6.220410620827907,49.77871425292264]],[[6.220410620827907,49.77871425292264],[6.2204533481582045,49.77869671863803],[6.220539105083012,49.77859830576486]],[[6.220539105083012,49.77859830576486],[6.220543481304417,49.77859328370369],[6.220623983246754,49.77854308759854]],[[6.220623983246754,49.77854308759854],[6.220633665957252,49.778537050050375],[6.220876333998386,49.77826272040246],[6.220877697989205,49.77825996659223]],[[6.220877697989205,49.77825996659223],[6.2208866818158475,49.77824182882078]],[[6.2208866818158475,49.77824182882078],[6.2209329583794055,49.77814839939848],[6.220976156780871,49.77803915127581]],[[6.220976156780871,49.77803915127581],[6.220980205137645,49.778028913041005],[6.2210313661047545,49.777966442465384]],[[6.2210313661047545,49.777966442465384],[6.221039132061617,49.777956959771394],[6.221063346662204,49.77788277492181],[6.221118230268892,49.77783880701133]],[[6.221118230268892,49.77783880701133],[6.221122300714437,49.77783554612896],[6.221157594084395,49.77782444467702]],[[6.221157594084395,49.77782444467702],[6.221223357603073,49.777803758906785]],[[6.221223357603073,49.777803758906785],[6.221236802488364,49.77779952984767],[6.221446247674332,49.777775044635646],[6.221561944133958,49.77756618050101],[6.221565488514185,49.77756236309345]],[[6.221565488514185,49.77756236309345],[6.2217802672554905,49.777331039720124]],[[6.2217802672554905,49.777331039720124],[6.2217850296122394,49.77732591051403],[6.2218208013687,49.7772964588969]],[[6.2218208013687,49.7772964588969],[6.222021934539722,49.77713086185242]],[[6.222021934539722,49.77713086185242],[6.22202308773367,49.77712991240431],[6.222025829643745,49.77712784877438]],[[6.222025829643745,49.77712784877438],[6.222280501826,49.77693617613603]],[[6.222280501826,49.77693617613603],[6.2223039920687135,49.77691849679329],[6.2224150045921744,49.7768689948888],[6.22252258693084,49.77685545747919],[6.223557337575174,49.77722133166974],[6.223803971700251,49.77739203555641],[6.223898908340033,49.77743350747895]],[[6.223898908340033,49.77743350747895],[6.223932461712524,49.7774481648638],[6.223968663042026,49.77744761431589]],[[6.223968663042026,49.77744761431589],[6.224085180196885,49.777445842329136],[6.224179608324297,49.777468211059684]],[[6.224179608324297,49.777468211059684],[6.224189337213368,49.77747051570031],[6.224197072689308,49.777469775150806]],[[6.224197072689308,49.777469775150806],[6.224294700306193,49.777460428850254]],[[6.224294700306193,49.777460428850254],[6.224307335833752,49.77745921919829],[6.224320550539137,49.77745025124963]],[[6.224320550539137,49.77745025124963],[6.224332302808938,49.777442275759505]],[[6.224332302808938,49.777442275759505],[6.224419531020926,49.777383079727194],[6.224974775569596,49.77729514457672],[6.225280018084552,49.77712866332554],[6.225172253619174,49.77698936079229],[6.225161747104891,49.77691069706303],[6.225172900896914,49.77687131588695]],[[6.225172900896914,49.77687131588695],[6.225185941484174,49.77682527292129],[6.22528304045279,49.7767532983745],[6.225325282241326,49.77674731414873]],[[6.225325282241326,49.77674731414873],[6.225413538720523,49.77673481120518]],[[6.225413538720523,49.77673481120518],[6.2255537235877405,49.776714951773926],[6.22570522447421,49.77671229056358],[6.227008036930911,49.77672544890156],[6.227150304307164,49.77669390780928],[6.22721395534396,49.77664487528385],[6.227221517659926,49.77659783700331]],[[6.227221517659926,49.77659783700331],[6.227223062342259,49.77658822894127],[6.2271999162698215,49.77651901228651],[6.227051591688958,49.77643963322053],[6.226854885001995,49.776372641217],[6.226339734029743,49.7761680286743],[6.225804983040863,49.775968256270815],[6.225618657333797,49.77587203700087],[6.2254367978370535,49.77573693022313],[6.22538115185053,49.77564255536773],[6.225374059601787,49.775516688523716],[6.225526297276417,49.77511877161389],[6.224679026484136,49.773750691121094],[6.224178809993385,49.77337557444816],[6.223877709171687,49.77304126702435],[6.223677077992422,49.77273489213235],[6.223544830562139,49.77242028032508],[6.223529730710933,49.77225025009539],[6.223524852001271,49.772103059672716]],[[6.223524852001271,49.772103059672716],[6.223523595665877,49.7720651560977],[6.223553449927936,49.77203337315179]],[[6.223553449927936,49.77203337315179],[6.2236587800575425,49.7719212383482],[6.223722943161634,49.7718834384871]],[[6.223722943161634,49.7718834384871],[6.224001107401029,49.77171956596629],[6.224007774267578,49.77171729362921]],[[6.224007774267578,49.77171729362921],[6.224671418212668,49.771491096999235]],[[6.224671418212668,49.771491096999235],[6.225126122022864,49.77133611559654],[6.225424847797296,49.77124021166791]],[[6.225424847797296,49.77124021166791],[6.225442791139864,49.77123445107678]],[[6.225442791139864,49.77123445107678],[6.225455692732617,49.771230309105995],[6.2272253735353225,49.771011380532606],[6.227538247877241,49.77046087174517],[6.228188868398176,49.76997694115887],[6.228603012181569,49.769491460456116]],[[6.228603012181569,49.769491460456116],[6.228618562023034,49.769473232129954],[6.228628848162001,49.769374328397795],[6.228738661515758,49.769269518251754]],[[6.228738661515758,49.769269518251754],[6.229107176521539,49.76891779316321],[6.229297791766632,49.76871989460794],[6.229340674787734,49.76868867808433]],[[6.229340674787734,49.76868867808433],[6.229425405607498,49.768626998623134]],[[6.229425405607498,49.768626998623134],[6.229466658594106,49.76859696867661],[6.229668545862391,49.76843105426339]],[[6.229668545862391,49.76843105426339],[6.229674657491966,49.76842603162158],[6.229689794549501,49.76840851431504]],[[6.229689794549501,49.76840851431504],[6.229882116631465,49.768185950262804]],[[6.229882116631465,49.768185950262804],[6.229918235144809,49.7681441522404],[6.229937243481367,49.76809472985799]],[[6.229937243481367,49.76809472985799],[6.229995668077134,49.76794282373483]],[[6.229995668077134,49.76794282373483],[6.230018536100432,49.76788336602326],[6.230021895994119,49.76779795202654],[6.2300204681229765,49.76778001679173]],[[6.2300204681229765,49.76778001679173],[6.230012473981501,49.767679603806116]],[[6.230012473981501,49.767679603806116],[6.230006749015136,49.767607693524454],[6.22998139660146,49.767505609814165]],[[6.22998139660146,49.767505609814165],[6.229977127132256,49.76748841842313]],[[6.229977127132256,49.76748841842313],[6.229895121741436,49.76715821654708],[6.229756584265949,49.76691607451409]],[[6.229756584265949,49.76691607451409],[6.229673551680057,49.766770946424515],[6.229443905020057,49.766414845465086],[6.2292908029876966,49.766161578770124],[6.229251154988915,49.76609488439654]],[[6.229251154988915,49.76609488439654],[6.229236668395132,49.76607051559288],[6.22915202360115,49.765984535084094],[6.229124274187022,49.76595995434396]],[[6.229124274187022,49.76595995434396],[6.2290380940732755,49.76588361503926],[6.228941747470953,49.765741149019895],[6.228948075885811,49.76560739857058]],[[6.228948075885811,49.76560739857058],[6.228950220273581,49.76556207713795],[6.228894161699696,49.76550081186974]],[[6.228894161699696,49.76550081186974],[6.228809977596645,49.765408808786276]],[[6.228809977596645,49.765408808786276],[6.228740336675768,49.765332699648994],[6.2285111023997395,49.76516649209469],[6.228370059804965,49.76507762081243]],[[6.228370059804965,49.76507762081243],[6.228240223503909,49.76499581064311],[6.228014537232916,49.7648387567035]],[[6.228014537232916,49.7648387567035],[6.2279390619569925,49.76478623383901],[6.227322713987631,49.764515294685026]],[[6.227322713987631,49.764515294685026],[6.2272849275189595,49.76449868420789],[6.226814765801435,49.76418018317885],[6.226802320977289,49.76416647142805]],[[6.226802320977289,49.76416647142805],[6.226398736457032,49.76372180059093]],[[6.226398736457032,49.76372180059093],[6.226381217152488,49.76370249775986],[6.226303825210566,49.76357965276954]],[[6.226303825210566,49.76357965276954],[6.226187598108714,49.76339516434804],[6.2260483687193435,49.76314349193775],[6.225802969270334,49.76278107072984],[6.2256221733255135,49.762479971435226],[6.22546176430447,49.762205689842425]],[[6.22546176430447,49.762205689842425],[6.225455277831058,49.76219459869401],[6.22542759399839,49.762080852261604]],[[6.22542759399839,49.762080852261604],[6.22542738182003,49.76207998047005],[6.22544119656568,49.7620260289433],[6.225487234770068,49.76195629322491]],[[6.225487234770068,49.76195629322491],[6.225513930988255,49.76191585550632],[6.226051305125134,49.761544714833796],[6.226660337710007,49.76132840083794],[6.227418783482328,49.761056373210245]],[[6.227418783482328,49.761056373210245],[6.227451097452574,49.761044783333965],[6.227472708550678,49.7610302532149]],[[6.227472708550678,49.7610302532149],[6.227537282763244,49.76098683705006]],[[6.227537282763244,49.76098683705006],[6.227594625901091,49.760948282663946],[6.227600812596583,49.76094124641807]],[[6.227600812596583,49.76094124641807],[6.227958433622791,49.760534517256495],[6.228205784719989,49.76023589964247]],[[6.228205784719989,49.76023589964247],[6.2283048810077,49.76011626444646],[6.22843739865161,49.759919586529925]],[[6.22843739865161,49.759919586529925],[6.228497436090989,49.75983048112371],[6.228499827631327,49.75982322228688]],[[6.228499827631327,49.75982322228688],[6.228538913460809,49.759704588428214],[6.228534021301426,49.759685668537685]],[[6.228534021301426,49.759685668537685],[6.22852829161475,49.75966350960209]],[[6.22852829161475,49.75966350960209],[6.228511020115605,49.759596713971064],[6.228628823889445,49.759466285450515],[6.228785947841603,49.75915174992936],[6.228825901543592,49.759101732739204]],[[6.228825901543592,49.759101732739204],[6.228834445727121,49.759091036457484],[6.228863988163559,49.759082436823924]],[[6.228863988163559,49.759082436823924],[6.2288947375036425,49.75907348586764]],[[6.2288947375036425,49.75907348586764],[6.228982197158176,49.75904802686455],[6.229090486532073,49.75902662026227]],[[6.229090486532073,49.75902662026227],[6.229129272148403,49.759018953136376],[6.229195866246568,49.75898695683216]],[[6.229195866246568,49.75898695683216],[6.229429192174204,49.758874851291765]],[[6.229429192174204,49.758874851291765],[6.229489890808749,49.7588456875666],[6.2295007882230635,49.75883878925635]],[[6.2295007882230635,49.75883878925635],[6.229993187755002,49.75852708919255]],[[6.229993187755002,49.75852708919255],[6.230064355612626,49.75848203832567],[6.230459470041111,49.758196397696736]],[[6.230459470041111,49.758196397696736],[6.231282039398969,49.75760173647511],[6.231669470733365,49.757308031097146]],[[6.231669470733365,49.757308031097146],[6.2316737015523,49.75730482378229],[6.232088634752985,49.7570154267995],[6.232239144564537,49.75691341224267]],[[6.232239144564537,49.75691341224267],[6.232249105815961,49.756906660572206],[6.2325056743955765,49.75677839776808],[6.232609858916451,49.75674618441649]],[[6.232609858916451,49.75674618441649],[6.23285669643186,49.756669863446724]],[[6.23285669643186,49.756669863446724],[6.233015471872966,49.75662077084578],[6.233459447805182,49.756537353205914],[6.234002827371196,49.75647717515637]],[[6.234002827371196,49.75647717515637],[6.234313362331628,49.75644278411665]],[[6.234313362331628,49.75644278411665],[6.234663159891925,49.75640404483341],[6.2351677928198646,49.756359646550884]],[[6.2351677928198646,49.756359646550884],[6.235408996246239,49.756338425149586],[6.23587178308795,49.75645103305189],[6.238095314808569,49.755330633303124],[6.238933022769845,49.75502573295458],[6.238989039113683,49.75500312974099]],[[6.238989039113683,49.75500312974099],[6.2397715794963435,49.75468736605131],[6.240556347421268,49.75433453913505],[6.240646678275948,49.75429917128642]],[[6.240646678275948,49.75429917128642],[6.241179438700677,49.75409057600496]],[[6.241179438700677,49.75409057600496],[6.241216847858665,49.75407592894509],[6.2416188200050975,49.75395421019969]],[[6.2416188200050975,49.75395421019969],[6.242158987773689,49.75379064527688],[6.242260777958884,49.753732189174215]],[[6.242260777958884,49.753732189174215],[6.24232677310448,49.75369428945923]],[[6.24232677310448,49.75369428945923],[6.242368018590634,49.75367060298722],[6.242377023619593,49.753661665571975]],[[6.242377023619593,49.753661665571975],[6.242574467766304,49.75346570392266],[6.242852524909005,49.75314814001367]],[[6.242852524909005,49.75314814001367],[6.2429682042561145,49.75301602477542]],[[6.2429682042561145,49.75301602477542],[6.242976183144155,49.75300691223527],[6.2434742254288516,49.753080535004]],[[6.2434742254288516,49.753080535004],[6.243477250621478,49.753080982201084],[6.243570823575703,49.75302023281461],[6.24359660760722,49.75301191336952]],[[6.24359660760722,49.75301191336952],[6.244101339501974,49.75284905717381],[6.2448295402878555,49.752644031415834],[6.245176131691423,49.752559025493454]],[[6.245176131691423,49.752559025493454],[6.245564713054946,49.75246372100267],[6.2456445016956925,49.752439383045825]],[[6.2456445016956925,49.752439383045825],[6.2460990143759405,49.75230074288485]],[[6.2460990143759405,49.75230074288485],[6.246133372734497,49.752290262542786],[6.2461867277701915,49.75226391788574]],[[6.2461867277701915,49.75226391788574],[6.246466142536881,49.752125953659785],[6.246715713820285,49.75199991175229],[6.246857873980645,49.75195486021514],[6.247076380130517,49.75192548977023],[6.248540461458972,49.75199414989584],[6.249479176311248,49.75202702604458]],[[6.249479176311248,49.75202702604458],[6.24948411795982,49.752027199113506],[6.249338316324383,49.75196886247659],[6.249224997375581,49.75192517296444]],[[6.249224997375581,49.75192517296444],[6.249198072812891,49.75191479234389],[6.249108048652854,49.75179898753686],[6.249094316676489,49.751737861972074]],[[6.249094316676489,49.751737861972074],[6.249084206506314,49.75169285826353]],[[6.249084206506314,49.75169285826353],[6.24908111384672,49.75167909181365],[6.249081291455982,49.75167054344289]],[[6.249081291455982,49.75167054344289],[6.249093006238315,49.75110670853011],[6.249101144441826,49.750866150188294]],[[6.249101144441826,49.750866150188294],[6.249115552184717,49.750440269619595]],[[6.249115552184717,49.750440269619595],[6.249127023848107,49.75010117705215],[6.249143195610139,49.749842920409904]],[[6.249143195610139,49.749842920409904],[6.249150670623324,49.74972354740638],[6.249169503619737,49.74961898009894]],[[6.249169503619737,49.74961898009894],[6.249256200067081,49.74913761144867],[6.249383247095878,49.74868149467473]],[[6.249383247095878,49.74868149467473],[6.249384790080701,49.74867595514132],[6.24939034684982,49.748662737576396]],[[6.24939034684982,49.748662737576396],[6.249484984614106,49.74843762820672],[6.249516567819257,49.74838460635637]],[[6.249516567819257,49.74838460635637],[6.249615044121248,49.74821928444802],[6.249725780328781,49.74806186687028],[6.249793602045073,49.747968470303796]],[[6.249793602045073,49.747968470303796],[6.249844829925631,49.74789792493258],[6.249933905316904,49.74784245625523],[6.252294144484875,49.748764824838425],[6.253362144479357,49.749258824840915],[6.25411514445495,49.748209824847784],[6.2546521444447265,49.7469458249469],[6.255128144433181,49.746840824950944],[6.25899714438531,49.74685082495374],[6.259737144380748,49.74739582494979],[6.260904144371825,49.747489824946236],[6.261520144359827,49.74727882495253],[6.262353144349094,49.747343824952424],[6.262461890847448,49.746399943422134],[6.2613414303106225,49.74589728318629],[6.263195948781991,49.74540104762161],[6.264719305225766,49.74557226732838],[6.2649587739807755,49.74630153339238],[6.2649642282930635,49.74630918750159]],[[6.2649642282930635,49.74630918750159],[6.2651355663956645,49.74654962854693]],[[6.2651355663956645,49.74654962854693],[6.26513965808168,49.746555370464506],[6.265195216220749,49.746607788821514]],[[6.265195216220749,49.746607788821514],[6.2652000045761085,49.7466123065704]],[[6.2652000045761085,49.7466123065704],[6.2652703309224975,49.7466786585324],[6.2652879263768595,49.746566003962585]],[[6.2652879263768595,49.746566003962585],[6.265300933679124,49.74648272495138],[6.265318919638881,49.74637155744504],[6.26532072431059,49.74633784354749]],[[6.26532072431059,49.74633784354749],[6.265322208851645,49.74631011015711]],[[6.265322208851645,49.74631011015711],[6.265325156429141,49.74625504511386],[6.265330732212564,49.74625684175268]],[[6.265330732212564,49.74625684175268],[6.2654730816532,49.746302709841785],[6.265584372607655,49.74638752324965],[6.265764242831703,49.746660482648416],[6.26603289421965,49.74706468763075],[6.268179593345052,49.7472524258806],[6.268517581639364,49.74692311143308],[6.267942489840615,49.74646871845104],[6.268240429016844,49.74595137299599],[6.268911130104773,49.74607310796129],[6.269737597127323,49.74579616654671],[6.273599652335227,49.74485764221578],[6.274698991323462,49.744762224203605],[6.277064782753017,49.74486082695211],[6.278199457072694,49.745044381473576],[6.279775706853687,49.744190983096914],[6.280611377389667,49.744082278643425],[6.281676644748808,49.74426104697274],[6.282053540047726,49.743761684897],[6.282916481201716,49.7434573869713],[6.285037218524804,49.74310787739317],[6.2856021657447725,49.74396507630751],[6.285529336347263,49.74433212959714],[6.287814834708777,49.74518536716875],[6.289475577533591,49.74627376008922],[6.290230866471124,49.74729341533674],[6.290810654618002,49.747490595649765],[6.291169457763265,49.74808585211111],[6.29093585741775,49.748598736673024],[6.2903833991784115,49.749029262501985],[6.288336469291421,49.74990273974581],[6.287721614318607,49.75048442991823],[6.288128448772573,49.75175584610443],[6.289240331584269,49.75260779241693],[6.289534694708774,49.75323031837987],[6.290415987689362,49.756014278252565],[6.290451809475988,49.756459283559124],[6.289759460507754,49.757356812001134],[6.288622121493687,49.758016426782966],[6.285854470812947,49.75890736151337],[6.285729648111959,49.75920190032716],[6.286228970274069,49.760140362096266],[6.283961690585364,49.760933856453335],[6.282859063822314,49.761124963221896],[6.282574926393511,49.76086147496443],[6.2809165070972055,49.761539483794095],[6.279502408114455,49.76103098108328],[6.279864908479031,49.76174089982939],[6.280341140303642,49.76211355265581],[6.281482542327737,49.76351499201624],[6.281615534201022,49.76458678454268],[6.282344417218493,49.76554155581492],[6.28349290664762,49.766140350275755],[6.284582470681676,49.766982092492725],[6.284974428885134,49.76763633442728],[6.284848425092139,49.768278822790414],[6.284900345954468,49.77002786423163],[6.285567973905545,49.771067862020246],[6.285722249482997,49.771824936672495],[6.285630719314706,49.772717362254355],[6.285867948660731,49.77322060155999],[6.286444585507766,49.773429044582905],[6.2880622956377525,49.77358470686134],[6.28955947647372,49.774111342243664],[6.290581103099548,49.774600254835065],[6.2920588517495455,49.775646094128774],[6.2924804812599335,49.776290725082426],[6.292452721000842,49.77769257724056],[6.293624051727317,49.77796908869191],[6.293717657419689,49.778220143203754],[6.296415227674911,49.77975458360457],[6.2967680133789,49.78058133771922],[6.297378023884075,49.781535920006206],[6.2978881130329345,49.78198465798984],[6.298132941810976,49.782667677558166],[6.298213475224595,49.78369725040515],[6.298736852507643,49.78468339050801],[6.29918494583715,49.7850995828105],[6.299470123038833,49.78500390345043]],[[6.299470123038833,49.78500390345043],[6.299496928128673,49.78499491011637],[6.299723140378243,49.78593556832158],[6.2996950158408875,49.78595608132889]],[[6.2996950158408875,49.78595608132889],[6.299574423874012,49.78604403669211],[6.3001415756853705,49.78643091628086]],[[6.3001415756853705,49.78643091628086],[6.300162530820232,49.78644521071454],[6.300357994312622,49.78673503243432],[6.300347655475355,49.786741500210965]],[[6.300347655475355,49.786741500210965],[6.300289909799465,49.78677762478901]],[[6.300289909799465,49.78677762478901],[6.300200548374281,49.786833527568376]],[[6.300200548374281,49.786833527568376],[6.300199996957782,49.78683387252387],[6.300202135543254,49.787066651945295],[6.300213222686328,49.78707817720168]],[[6.300213222686328,49.78707817720168],[6.3003955141468335,49.78726767198898],[6.300685831084229,49.787469674829005],[6.301017253105035,49.7876012729714],[6.301409827010094,49.787679946325554]],[[6.301409827010094,49.787679946325554],[6.301514065740119,49.78770083617691],[6.3017462467203975,49.78772632628865],[6.3019047180122465,49.787807484107766]],[[6.3019047180122465,49.787807484107766],[6.302064517112497,49.7878893219367],[6.302108073487516,49.78792493702514]],[[6.302108073487516,49.78792493702514],[6.302274424788366,49.78806095881962],[6.302436036424679,49.7881832162788]],[[6.302436036424679,49.7881832162788],[6.302635631135019,49.78833420752367],[6.302670355813811,49.788383107489864]],[[6.302670355813811,49.788383107489864],[6.302693371342939,49.7884155184044]],[[6.302693371342939,49.7884155184044],[6.302855284295459,49.78864352736461],[6.302780441676163,49.78891481392046],[6.302702261689946,49.78896918526393]],[[6.302702261689946,49.78896918526393],[6.302567344353981,49.78906301537531],[6.3022121801414706,49.78930678825586],[6.302458211982277,49.78926529299588],[6.302702275550604,49.78942175038207],[6.302706425137627,49.78942017802635]],[[6.302706425137627,49.78942017802635],[6.303089784582869,49.789274916000906],[6.303535353618279,49.78916570646649],[6.303655076592065,49.78908458583879]],[[6.303655076592065,49.78908458583879],[6.303726881803742,49.789035932822095],[6.304004169633124,49.78907945863622]],[[6.304004169633124,49.78907945863622],[6.304204515527324,49.78911090689045],[6.304452064472816,49.78921816027033],[6.304637018071872,49.78928826440983]],[[6.304637018071872,49.78928826440983],[6.304890587156819,49.78938437631353]],[[6.304890587156819,49.78938437631353],[6.304997505717762,49.789424902336],[6.3050133143634,49.78944446986747]],[[6.3050133143634,49.78944446986747],[6.305110063464826,49.789564223395374]],[[6.305110063464826,49.789564223395374],[6.305194458009937,49.78966868477397],[6.305245789151432,49.789802907449]],[[6.305245789151432,49.789802907449],[6.305269813341938,49.789865726841306],[6.305413973804074,49.79005365461915],[6.30564829100269,49.79024172577843],[6.305900913383629,49.79042777398339]],[[6.305900913383629,49.79042777398339],[6.306272578408243,49.79070149324144],[6.3064623432723526,49.79081111458585]]]},"properties":{"name":"Mullerthal_Trail : Route 3","image":"","thumbnail":"","is_label":false,"label":"","color":"#FF0000","linestyle":0,"map_id":"ba80cd6995a54f72bc363ab634464142"}},
{"type":"Feature","geometry":{"type":"MultiLineString","coordinates":[[[6.214340759388268,49.70198238263951],[6.21434119772222,49.701982636690076]],[[6.21434119772222,49.701982636690076],[6.214604290485508,49.70213512057809],[6.214770725545953,49.70222496054153],[6.216535132941279,49.70248440238149],[6.216873995731871,49.701733520983325],[6.21844486055863,49.702661142875144],[6.2190444650558065,49.70271257354442],[6.2190453090773,49.703925073596494],[6.220314340665875,49.704160391486035],[6.220800502489887,49.704930267924574],[6.2231823146804315,49.70565290518362],[6.224715394131698,49.7066591296308],[6.225974210974176,49.70723840772446],[6.225545749158928,49.70833550784183],[6.226080386185718,49.709056752886504],[6.226237047866805,49.70962534420894],[6.227302055258712,49.710366541392936],[6.227118997899068,49.71103026572204],[6.227013969838331,49.71286839254707],[6.22623588892479,49.714528157024105],[6.224951626392781,49.715897103787675],[6.223929189152875,49.716063939364666],[6.2232952517451166,49.71644860623745],[6.223362259717923,49.7174398132924],[6.22417458233745,49.718401435843575],[6.22554877280859,49.719542587573216],[6.226426423843966,49.71999393150114],[6.2254662122358395,49.72021974435671],[6.225092725497357,49.72086446827825],[6.224222583828994,49.720907606203504],[6.218617689227245,49.72193967868523],[6.218077061668954,49.722151201745355],[6.218979279912057,49.722903783751285],[6.2207277673041945,49.72390097074195],[6.220298793410182,49.72477103023698],[6.219922126711497,49.72593101819085],[6.21920190629349,49.72683941644201],[6.21985173970964,49.7281742594707],[6.220827938868192,49.72878136638372],[6.219953729228452,49.72949811073419],[6.21913495230486,49.72908265538758],[6.218093910421899,49.72832114562475],[6.216924918048741,49.727863121481256],[6.216640527508893,49.72780030744563],[6.216428085113484,49.727815947363425]],[[6.216428085113484,49.727815947363425],[6.216425565013044,49.72781613289214],[6.215163760993039,49.728149322272984],[6.214560666275785,49.72839232238084],[6.213794021814268,49.729298338557825],[6.213731890340978,49.729595060413665],[6.213750605644644,49.72977274079147],[6.213792323595702,49.729885109204076],[6.213797817860336,49.72989310906394]],[[6.213797817860336,49.72989310906394],[6.21388013877563,49.730012971471396]],[[6.21388013877563,49.730012971471396],[6.213889550562109,49.7300266753932],[6.213986752176473,49.73014126906633],[6.214011799822592,49.730152964937375]],[[6.214011799822592,49.730152964937375],[6.214198368825576,49.73024008238503],[6.214600764200671,49.730401753129826],[6.214701383197564,49.73046239991879],[6.214836790475303,49.73063766519135],[6.215673221741998,49.731381308063035],[6.21574565137993,49.7314584355669]],[[6.21574565137993,49.7314584355669],[6.215794061305752,49.73150998541373]],[[6.215794061305752,49.73150998541373],[6.215911535631984,49.7316350792539],[6.216318982192084,49.73215199821163],[6.216953944057645,49.732515855152],[6.2171530200214535,49.7325195095881]],[[6.2171530200214535,49.7325195095881],[6.217193222007026,49.73252024757568],[6.217232616959563,49.73251244124269]],[[6.217232616959563,49.73251244124269],[6.217588295235864,49.73244196157757],[6.217689042094994,49.73245709693821],[6.2177827337296465,49.73251774404817],[6.217897290515966,49.732634574517725],[6.217977511010384,49.73279021450708]],[[6.217977511010384,49.73279021450708],[6.21798068502571,49.73279637258071],[6.218014909307437,49.732827565405195]],[[6.218014909307437,49.732827565405195],[6.218145095148186,49.7329462198773]],[[6.218145095148186,49.7329462198773],[6.218150767056524,49.73295138938948],[6.218169246934894,49.732964098826585]],[[6.218169246934894,49.732964098826585],[6.218261815544265,49.73302776239055],[6.218688481489768,49.73315119722683],[6.218725359768567,49.73316369712521]],[[6.218725359768567,49.73316369712521],[6.218744773405845,49.7331702773806]],[[6.218744773405845,49.7331702773806],[6.218761330943332,49.73317588956053],[6.218927870187195,49.73325673262089],[6.219077035117563,49.73330386768667],[6.219169482343557,49.733325832496796]],[[6.219169482343557,49.733325832496796],[6.219246999860859,49.733344250113234],[6.219254888490076,49.73335105778485]],[[6.219254888490076,49.73335105778485],[6.219330303800663,49.73341613913868],[6.2193165457185655,49.73352178732947],[6.219299299943213,49.733542581124404]],[[6.219299299943213,49.733542581124404],[6.219243815608547,49.733609480399934],[6.219015162812547,49.73381861915914],[6.218979466740656,49.73386286343004]],[[6.218979466740656,49.73386286343004],[6.218938971054178,49.73391305668739],[6.218890311027209,49.73399681044937]],[[6.218890311027209,49.73399681044937],[6.21886974091339,49.734032215781504],[6.218887603605268,49.73405533159688]],[[6.218887603605268,49.73405533159688],[6.2189426658368445,49.73412658672393],[6.219369345551136,49.734252266726145],[6.2197926373110874,49.73444987315021],[6.22009463970276,49.73472395530606],[6.220114244834923,49.734752389943544]],[[6.220114244834923,49.734752389943544],[6.2201441799212995,49.73479580680613]],[[6.2201441799212995,49.73479580680613],[6.2201569926836155,49.73481439001428],[6.220185087866536,49.735138046012445],[6.220178421808191,49.735231897593316],[6.220466743922087,49.73567456259804],[6.220633881758413,49.73629035578042],[6.220693119312507,49.73654656636862],[6.220700485840732,49.73657594796967]],[[6.220700485840732,49.73657594796967],[6.220769752084613,49.73685221829423],[6.220779616245468,49.736872798711765]],[[6.220779616245468,49.736872798711765],[6.220846224804402,49.73701176967687],[6.220942993275258,49.73720170382696]],[[6.220942993275258,49.73720170382696],[6.220943541135444,49.737202779149925],[6.221044900927074,49.73728225213675]],[[6.221044900927074,49.73728225213675],[6.221124037294432,49.73734430044387],[6.222556571378669,49.737536927235965],[6.22256098416148,49.737551060255655]],[[6.22256098416148,49.737551060255655],[6.222561218631845,49.737551811204526]],[[6.222561218631845,49.737551811204526],[6.222601653404806,49.737681313486156],[6.222640268841121,49.737943721019846],[6.222670328280422,49.738113304571485]],[[6.222670328280422,49.738113304571485],[6.222713570961523,49.73835726279605],[6.222828405087295,49.73869436274371],[6.222885083187285,49.73883602625593]],[[6.222885083187285,49.73883602625593],[6.222960574048189,49.739024711135954],[6.223085746432738,49.73930111793518],[6.22307626333474,49.73930455974151]],[[6.22307626333474,49.73930455974151],[6.22286717240681,49.739380447439885],[6.22241307125419,49.739440797781015],[6.2222952203800395,49.73950154176776],[6.222011428195235,49.74003662888275],[6.221029958863282,49.74008204293911],[6.220707911520584,49.74053847508901],[6.221148610248436,49.74089171490008],[6.220573781639034,49.741572478587464],[6.221104771581848,49.74186892907519],[6.219711005124447,49.74235956734894],[6.219350577337912,49.74262945394513],[6.219081559787853,49.744056863129614],[6.218485473394232,49.744535888118506],[6.217140859339199,49.74430245444],[6.216005896379424,49.74499773693289],[6.216442211703158,49.7454694495456],[6.218556268345181,49.745884475322896],[6.219926241936987,49.74574000749263],[6.221279441096515,49.74611474937646],[6.223513431134682,49.746241804088314],[6.2243734374215185,49.74618574524701],[6.22528191115442,49.74577116248802],[6.226167169271656,49.74638658447651],[6.2271379948821926,49.74604893182836],[6.228261608975353,49.74585504325271],[6.229149356283108,49.74567026089181],[6.229166582258669,49.74557809608436],[6.229186360247161,49.7455540178925]],[[6.229186360247161,49.7455540178925],[6.229249701114839,49.745476905219256],[6.229849066555614,49.74574026986784],[6.230406146454419,49.74559931447158],[6.2320851636433225,49.74665539339003],[6.232393962491423,49.746715907898746],[6.235848312795163,49.746467221448675],[6.238330099851215,49.74510756027531],[6.2395159755975635,49.74484159794204],[6.241533746534068,49.744213213409076],[6.243045539493982,49.7439992576483],[6.244900779250835,49.74362210766268],[6.247480804839481,49.74328544183558],[6.247938702105962,49.74331883917047],[6.249387668369632,49.7428053452203],[6.251714139734154,49.74240188849127],[6.252342198798746,49.74246156173911],[6.2540288331014136,49.74300650097273],[6.255014727580896,49.74347552702866],[6.256895793976836,49.74408995557943],[6.258752107507271,49.744427906218455],[6.260826561994216,49.744554367420434],[6.263010813899181,49.74406707910996],[6.264277480064696,49.74438969339438],[6.264654282727266,49.74548625376676],[6.264911635405044,49.74582094401139],[6.2649642282930635,49.74630918750159]],[[6.2649642282930635,49.74630918750159],[6.264964654597308,49.74631314507608],[6.265107292312082,49.74652206051194],[6.2651355663956645,49.74654962854693]],[[6.2651355663956645,49.74654962854693],[6.265195216220749,49.746607788821514]],[[6.265195216220749,49.746607788821514],[6.265199861734565,49.746612318329504],[6.2652000045761085,49.7466123065704]],[[6.2652000045761085,49.7466123065704],[6.265272392280824,49.74660634741861],[6.2652879263768595,49.746566003962585]],[[6.2652879263768595,49.746566003962585],[6.2652911197691274,49.746557710433294],[6.26531925210026,49.74640554833924],[6.26532072431059,49.74633784354749]],[[6.26532072431059,49.74633784354749],[6.265321188729361,49.746316485610045],[6.265322208851645,49.74631011015711]],[[6.265322208851645,49.74631011015711],[6.265330732212564,49.74625684175268]],[[6.265330732212564,49.74625684175268],[6.265336677347784,49.746219686472],[6.265370035904762,49.74604050595203],[6.265439637623494,49.74569849650266],[6.2657848835286165,49.743558523569234],[6.265354148597385,49.743452051179204],[6.264464953213755,49.742823445378896],[6.264504992750348,49.742032221349334],[6.264989955575347,49.74172612622754],[6.265474221207217,49.741078379095],[6.266471927891436,49.74050211783589],[6.265779308772371,49.73922096469802],[6.267333365758337,49.73920037817222],[6.267645332322201,49.73792798864302],[6.2681617418163675,49.73743868687092],[6.2710826374917605,49.73625441660079],[6.271724319771263,49.7362240642506],[6.272770048093089,49.73586275035171],[6.274095723286161,49.73590272707096],[6.274720279918599,49.73604824979204],[6.276169556828543,49.73589629981972],[6.276063637637398,49.73505575887158],[6.27519103899661,49.73408556808378],[6.274093675246634,49.731811910374724],[6.272856904774796,49.73076336726589],[6.271368731837028,49.728876643388155],[6.2708914389990795,49.7278206503543],[6.270363504983859,49.727400800816945],[6.268673063848073,49.726521193257106],[6.264596095051745,49.7230822112776],[6.263563899517337,49.72209532655569],[6.263275142098422,49.72158983227415],[6.262250181389054,49.72045783316608],[6.261437684736584,49.71989937256395],[6.258244978931842,49.71808747015238],[6.255714630386986,49.71636993376253],[6.2543013648159365,49.71513981520674],[6.253247138659059,49.714906841459175],[6.253087427336309,49.71466814741836],[6.251635103046078,49.71473889397748],[6.249393239461255,49.71529569040497],[6.248349856367535,49.715316655311405],[6.248164316008948,49.71422439822954],[6.246395457856806,49.71372493710336],[6.245549293966025,49.7133945434715],[6.244546500639857,49.71275686755424],[6.242878788334743,49.71249273909466],[6.239043911183749,49.71171747270729],[6.238350373481747,49.71163529099893],[6.236883481095134,49.711048974411696],[6.2334476915318735,49.71047332818983],[6.234216026716806,49.709172485473424],[6.23420805627733,49.70851813065153],[6.234863484826436,49.70780484180648],[6.236735621823702,49.70714084730034],[6.237044466528395,49.70682834989644],[6.2365470788771535,49.706336257638675],[6.236678244026526,49.705792254284134],[6.236050911576508,49.70528959047295],[6.235415880626095,49.705100153651465],[6.2346973222584685,49.70427566365934],[6.235160299045782,49.703250435469904],[6.23632069709625,49.70283167411803],[6.236877539525265,49.70204688822089],[6.237007508271031,49.70084428256302],[6.236157490855342,49.700154743084326],[6.235378691575584,49.70081378457446],[6.233940973292212,49.701145035856314],[6.232649933023743,49.70193797256095],[6.231745974730272,49.70235430689824],[6.229522056063839,49.70217454258565],[6.230335060458176,49.699888891691614],[6.229842368396746,49.699288464026516],[6.228709539674544,49.6968165833561],[6.22770961077318,49.69537687821739],[6.229209630067754,49.694959702592755],[6.230439590710091,49.69485564271321],[6.229610180864307,49.693869344519385],[6.229300686497673,49.693128318777575],[6.228620965727041,49.69252349015593],[6.227511516452221,49.69196888663519],[6.228522238529268,49.691163672776604],[6.229889225721048,49.68950737671442],[6.231361851625216,49.68961446097338],[6.232189789731686,49.68991868470805],[6.233076002070756,49.68936299745725],[6.230791517836847,49.688515191297405],[6.229665485790001,49.68835566055772],[6.227776442885282,49.68767785233209],[6.2264422812203986,49.68698724903596],[6.225041555715499,49.68608437323604],[6.22165215604711,49.685489365395654],[6.221866698303001,49.684797970838936],[6.221068965445422,49.68395095358815],[6.2210409460288245,49.68367449686124],[6.21905199255449,49.68372609720878],[6.216529176052228,49.682900037326746],[6.214176482656043,49.68183435181001],[6.214113637657057,49.68132414429188],[6.212225263803272,49.68084163325353],[6.2113511470001646,49.6801239415358],[6.2096741901033985,49.67968851022798],[6.20914824681202,49.67975264267686],[6.206802260185796,49.679323148673056],[6.203622771622284,49.67917459898786],[6.20182098158258,49.679149421886684],[6.200878672158445,49.678976624937526],[6.198297451825619,49.67803779805342],[6.1971369984138125,49.6779369561328],[6.194972230521556,49.678178001659575],[6.19311234996955,49.67858302274807],[6.1926147940729335,49.679964239566374],[6.192597701106798,49.68040030154823],[6.193613382604788,49.68173522165431],[6.194988707675023,49.68185852471262],[6.196100461794835,49.68235624249524],[6.197160625000763,49.682567259084266],[6.198550596449458,49.683051156102216],[6.1984054175834356,49.68436960324269],[6.198769402326725,49.68472914003058],[6.199961174144197,49.68479174537892],[6.200879002391748,49.684472305822645],[6.20168638251119,49.684748538024856],[6.201877587145794,49.68568578058063],[6.2034580576122424,49.68592680745218],[6.204191932810439,49.68585364383583],[6.204911885234391,49.68501950729697],[6.205618529517388,49.68491363224196],[6.206298029050589,49.685522537302674],[6.206090954536047,49.68651160407439],[6.207044291591461,49.687259770997535],[6.209621933615623,49.68731280113413],[6.21096638867152,49.687561797974745],[6.211881484069694,49.688062690215226],[6.212283286499891,49.68796813032082],[6.213096791627484,49.68725977908543],[6.214288333226714,49.68700081308328],[6.213198307667356,49.688367864764984],[6.212872863755402,49.68861074724841],[6.213029447006491,49.68932995565611],[6.214783611635922,49.69040365822635],[6.216803939503766,49.69078492302662],[6.216700231753587,49.691016482418064],[6.215586476038166,49.690978130219875],[6.21563797904487,49.692459966653345],[6.215926278345272,49.69317462009001],[6.216876649301205,49.69413623966019],[6.2175256480502314,49.69514743235623],[6.217751816906357,49.696053163821155],[6.217312257816911,49.69655234788257],[6.2160560612928455,49.69837633713137],[6.214993439101962,49.69945512899524],[6.2144438756097635,49.700932103236525],[6.215241467209367,49.70164036041266],[6.214545178047312,49.701759220889876],[6.214358167192152,49.7018919123133],[6.21434119772222,49.701982636690076]],[[6.21434119772222,49.701982636690076],[6.214340928578477,49.70198407562119]]]},"properties":{"name":"Mullerthal_Trail : Extra Tour D","image":"","thumbnail":"","is_label":false,"label":"","color":"#FF0000","linestyle":0,"map_id":"bf82901644464606878159fddbba4812"}},
{"type":"Feature","geometry":{"type":"MultiLineString","coordinates":[[[6.354636013589504,49.75322493802758],[6.354634477434017,49.75322524355923]],[[6.354634477434017,49.75322524355923],[6.354567301631967,49.75323860440313],[6.354450944805884,49.75325960898938],[6.354277215782544,49.75330377030736],[6.354058429259374,49.75368664863091],[6.3541605008571045,49.754969918320874],[6.3548379180765036,49.756101661805296],[6.354211902461327,49.75660840524525],[6.353286476243305,49.756848150794745],[6.350640347397791,49.75713333198013],[6.3504927702717495,49.757650895606844],[6.35126397884793,49.75830916089059],[6.352791142220885,49.75877735850142],[6.355105416833025,49.760857903695694],[6.35521032126439,49.76139556301074],[6.354495267211433,49.76214343047018],[6.352445409619742,49.76282909148306],[6.350882482044911,49.763177220670585],[6.349966708684919,49.76312749169655],[6.348270663836233,49.762718082336306],[6.347381870921058,49.762672952664715],[6.346480717793176,49.76285797472931],[6.34596831633824,49.76316894790101],[6.3459650789428395,49.7631672239187]],[[6.3459650789428395,49.7631672239187],[6.3458602604303715,49.763111405818485]],[[6.3458602604303715,49.763111405818485],[6.34580838719768,49.763083782212384],[6.3456565094490065,49.76303996092376]],[[6.3456565094490065,49.76303996092376],[6.345606918932079,49.76302565257133],[6.345603704511707,49.76302278391246]],[[6.345603704511707,49.76302278391246],[6.3454711482250445,49.76290448614087],[6.345313327960538,49.7626926453707],[6.345132003047319,49.762602122083756],[6.3451096841477765,49.76260278264602]],[[6.3451096841477765,49.76260278264602],[6.344802822868583,49.76261186467894]],[[6.344802822868583,49.76261186467894],[6.344778624509882,49.762612580866694],[6.344579166287117,49.76265303059174]],[[6.344579166287117,49.76265303059174],[6.3444397742056315,49.762681299024564],[6.3437317733232055,49.763071897397026],[6.342790154148718,49.763416167908716],[6.342481656947265,49.76353871856507],[6.342254567384955,49.763623493514665]],[[6.342254567384955,49.763623493514665],[6.342246739791877,49.763626415638434],[6.34224526776581,49.763627182563894]],[[6.34224526776581,49.763627182563894],[6.342216124618626,49.763642366141205]],[[6.342216124618626,49.763642366141205],[6.3417467737457915,49.76388689790778],[6.341411441866252,49.76403838720997]],[[6.341411441866252,49.76403838720997],[6.3411105552969955,49.76417431552218],[6.341089440228676,49.76417956219729]],[[6.341089440228676,49.76417956219729],[6.340734542013361,49.76426774735506]],[[6.340734542013361,49.76426774735506],[6.3406737237008945,49.76428285949778],[6.340471704391038,49.76431692829347]],[[6.340471704391038,49.76431692829347],[6.3403167508935185,49.76434305985016],[6.339949016900174,49.76443004209535],[6.339622845723728,49.764432775574356],[6.339358200528914,49.7644331689901]],[[6.339358200528914,49.7644331689901],[6.339303606534831,49.764433250148336],[6.338341928396562,49.76429531756104],[6.338125345435303,49.76423844453489]],[[6.338125345435303,49.76423844453489],[6.337806681747329,49.76415476589205],[6.33769262091895,49.764140035430124]],[[6.33769262091895,49.764140035430124],[6.337544108323454,49.764120855671706]],[[6.337544108323454,49.764120855671706],[6.3375314924709,49.76411922638899]],[[6.3375314924709,49.76411922638899],[6.337529330626328,49.76411894719613],[6.337494584945168,49.76398820557752]],[[6.337494584945168,49.76398820557752],[6.337434390176635,49.763761703715794],[6.337430604355595,49.76376107605318]],[[6.337430604355595,49.76376107605318],[6.337049179844577,49.763697838540395]],[[6.337049179844577,49.763697838540395],[6.336292114238125,49.76357232236464],[6.335792179277076,49.763496629275],[6.335627711079835,49.763454917952984],[6.335604759616955,49.76344940362281]],[[6.335604759616955,49.76344940362281],[6.335559491944414,49.76343852758872],[6.335456223822833,49.763367720579815],[6.335374059976653,49.763291089955686]],[[6.335374059976653,49.763291089955686],[6.3353192963866976,49.763240014351595],[6.335300343069448,49.76323527303027]],[[6.335300343069448,49.76323527303027],[6.335277994713095,49.763229682413225]],[[6.335277994713095,49.763229682413225],[6.335178060420849,49.763204683064316],[6.33504656272048,49.763192232828345]],[[6.33504656272048,49.763192232828345],[6.334647165672283,49.763154417813475],[6.3341552195179105,49.763110827084155]],[[6.3341552195179105,49.763110827084155],[6.333797689782686,49.76307914682449],[6.333371856740835,49.76305513399726]],[[6.333371856740835,49.76305513399726],[6.333212432447678,49.763046144023185],[6.3328563230046875,49.76302789184433],[6.332798795806383,49.76299658226665]],[[6.332798795806383,49.76299658226665],[6.332771576084481,49.76298176774374],[6.3327684815132725,49.76295675207688]],[[6.3327684815132725,49.76295675207688],[6.332762828211441,49.762911052331816],[6.332775581320048,49.762840194764856]],[[6.332775581320048,49.762840194764856],[6.332835880731966,49.76250516510662],[6.332907399526859,49.762109469004976],[6.3329100791034625,49.762088508409086]],[[6.3329100791034625,49.762088508409086],[6.332972207991184,49.76160251427597],[6.332981477962065,49.76153687182461]],[[6.332981477962065,49.76153687182461],[6.332998716644992,49.76141480138662],[6.331964056126538,49.761050795931816],[6.331253407254679,49.760951989390655],[6.331068511516,49.76093908377297]],[[6.331068511516,49.76093908377297],[6.330903945777974,49.76092759717779],[6.330187044846866,49.76089437114707],[6.329924886261309,49.76087109416155]],[[6.329924886261309,49.76087109416155],[6.329738123241764,49.76085451152668],[6.3296051133642175,49.760863657081046],[6.329000353568095,49.76095879381657]],[[6.329000353568095,49.76095879381657],[6.328951445780493,49.76096648766012],[6.32751349784456,49.76143273709506],[6.32692218988746,49.76157437179917]],[[6.32692218988746,49.76157437179917],[6.326867322532328,49.76158751405697],[6.326347810192047,49.761723554421216],[6.326131815231403,49.76177020356579]],[[6.326131815231403,49.76177020356579],[6.326067275404085,49.761784142445315],[6.325624146812256,49.76184167719967],[6.325619721603833,49.76184214364993]],[[6.325619721603833,49.76184214364993],[6.324905172570763,49.76191746249311]],[[6.324905172570763,49.76191746249311],[6.324890807545579,49.76191897667482],[6.324710084471107,49.761918903050464]],[[6.324710084471107,49.761918903050464],[6.32412564963985,49.761918664958905],[6.323521654021375,49.761886911506465],[6.323358504815509,49.76187710673774]],[[6.323358504815509,49.76187710673774],[6.323135591992258,49.76186371035824],[6.323015680240364,49.7618946835668]],[[6.323015680240364,49.7618946835668],[6.322862554756892,49.76193423588308],[6.3226299424587795,49.76205560395644],[6.322548387284461,49.76214839485274]],[[6.322548387284461,49.76214839485274],[6.322545598081239,49.762151568319894],[6.322038208060924,49.76248684124384],[6.321762814902111,49.76293422706473],[6.321726723409967,49.76260907675402],[6.321794393308535,49.76240271855633]],[[6.321794393308535,49.76240271855633],[6.321812655394062,49.76234702863903],[6.321880462147069,49.76221182964217],[6.321840036601196,49.76204280275965]],[[6.321840036601196,49.76204280275965],[6.3218375851457385,49.76203255275895],[6.321739861473208,49.7619914913212]],[[6.321739861473208,49.7619914913212],[6.321734371076215,49.76198918437152]],[[6.321734371076215,49.76198918437152],[6.321384453070658,49.76184215616399]],[[6.321384453070658,49.76184215616399],[6.321358799459642,49.76183137705465],[6.321349863997977,49.76182590054384]],[[6.321349863997977,49.76182590054384],[6.321113903306004,49.7616812811242],[6.320913293638181,49.7615620077003],[6.320518709567263,49.76132085230609],[6.320315147546723,49.76118182925812],[6.320104474187781,49.761095737921394]],[[6.320104474187781,49.761095737921394],[6.320002433683901,49.76105403923],[6.319207847726203,49.760394722715034],[6.318907712093797,49.76005421353268],[6.318325280980905,49.7595832083229],[6.3182855054422316,49.759546279440556]],[[6.3182855054422316,49.759546279440556],[6.3182799877203815,49.7595411566111],[6.318187647698174,49.7594396002197],[6.318148527438575,49.759386791504895]],[[6.318148527438575,49.759386791504895],[6.318144364929179,49.75938117250405],[6.318143223766125,49.75935910590915]],[[6.318143223766125,49.75935910590915],[6.318135113952249,49.75920228697169],[6.318140343324456,49.75916235655862]],[[6.318140343324456,49.75916235655862],[6.318146565177718,49.75911484776387],[6.318183218422287,49.75906116518509],[6.318201574412771,49.75900594107365],[6.318218772411186,49.758961114308015]],[[6.318218772411186,49.758961114308015],[6.318239690048951,49.75890659226288]],[[6.318239690048951,49.75890659226288],[6.318243272303514,49.758897255078296],[6.318289488660998,49.75885251367827]],[[6.318289488660998,49.75885251367827],[6.318371535054819,49.75877308572837],[6.318430390262667,49.758713933711725]],[[6.318430390262667,49.758713933711725],[6.318488465623945,49.75865556547444],[6.318633109909129,49.758552463595855],[6.3187580245448185,49.75849769992628]],[[6.3187580245448185,49.75849769992628],[6.318827483784282,49.758467248387774],[6.318922259322065,49.75838911325326],[6.318922561212695,49.75838407119504]],[[6.318922561212695,49.75838407119504],[6.318928459384266,49.75828556225991],[6.3188917988844215,49.758142287922205],[6.318802655926641,49.7579716553462],[6.319454230309944,49.758076652004405],[6.319739072941763,49.75818919945271],[6.319909188009846,49.75823309166249]],[[6.319909188009846,49.75823309166249],[6.320003631450618,49.75825745947048],[6.320137734597731,49.75825730041141]],[[6.320137734597731,49.75825730041141],[6.320519742884849,49.75825684731329]],[[6.320519742884849,49.75825684731329],[6.320579208179861,49.7582567767818],[6.320634540680792,49.75825504437833]],[[6.320634540680792,49.75825504437833],[6.3207681168297,49.75825086224703],[6.320822760025408,49.75826124008085]],[[6.320822760025408,49.75826124008085],[6.320904097258504,49.75827668764532],[6.321121906077518,49.75831578527411]],[[6.321121906077518,49.75831578527411],[6.32112640741706,49.7583165932841],[6.3211245833496505,49.758336576847036]],[[6.3211245833496505,49.758336576847036],[6.321107637729974,49.75852222451311]],[[6.321107637729974,49.75852222451311],[6.32110757076565,49.75852295814048],[6.3211493156178316,49.75852864651055]],[[6.3211493156178316,49.75852864651055],[6.321541487912219,49.75858208594138],[6.321708078249358,49.75862219038119],[6.3218310271160645,49.75865001945292]],[[6.3218310271160645,49.75865001945292],[6.3218339417838525,49.758650679178395]],[[6.3218339417838525,49.758650679178395],[6.321853951987949,49.7586552084223],[6.321875812062631,49.75865893043918]],[[6.321875812062631,49.75865893043918],[6.322003424627176,49.75868065845826]],[[6.322003424627176,49.75868065845826],[6.322075652303302,49.758692956340774]],[[6.322075652303302,49.758692956340774],[6.322084490352773,49.75869446115582],[6.322216574797253,49.75869437579273]],[[6.322216574797253,49.75869437579273],[6.322237468113132,49.758694362289866]],[[6.322237468113132,49.758694362289866],[6.322354307804357,49.7586942867791],[6.322591980013193,49.75867883089526]],[[6.322591980013193,49.75867883089526],[6.322639566371083,49.758675736342376],[6.322643345159521,49.758675311460024]],[[6.322643345159521,49.758675311460024],[6.322671416953953,49.75867215510175]],[[6.322671416953953,49.75867215510175],[6.322676794477511,49.758671550459574]],[[6.322676794477511,49.758671550459574],[6.323003742984856,49.758634788768866],[6.323772950165159,49.75836985891686],[6.324077596279771,49.75824686999391],[6.324573982234254,49.757977999252645],[6.325033277976449,49.75766324954927],[6.324782834578143,49.75624308418295],[6.324726391921099,49.756157935435596]],[[6.324726391921099,49.756157935435596],[6.324666530999409,49.75606762993326]],[[6.324666530999409,49.75606762993326],[6.324517865315178,49.75584335458107],[6.3242113697721605,49.755475148351415],[6.324096003718573,49.75520333353574],[6.324213634587536,49.75510202792725],[6.324360006854376,49.75504235160573]],[[6.324360006854376,49.75504235160573],[6.324423030477051,49.75501665672479]],[[6.324423030477051,49.75501665672479],[6.324528928999911,49.75497348164501],[6.324628454605434,49.754902030312834]],[[6.324628454605434,49.754902030312834],[6.324633956206881,49.75489808060813]],[[6.324633956206881,49.75489808060813],[6.32483006040648,49.75475729365956],[6.325151508505498,49.754388233912664],[6.325639724697717,49.75409536698052],[6.325715543150714,49.754019862530726]],[[6.325715543150714,49.754019862530726],[6.325764364806668,49.75397124307036]],[[6.325764364806668,49.75397124307036],[6.325985527606032,49.75375099621988],[6.326099195653473,49.75366098400294]],[[6.326099195653473,49.75366098400294],[6.326330529461201,49.75347779383336]],[[6.326330529461201,49.75347779383336],[6.32635231737106,49.75346054027695],[6.326449976632014,49.75341448519314]],[[6.326449976632014,49.75341448519314],[6.326450743247951,49.753414123665095]],[[6.326450743247951,49.753414123665095],[6.326591324615148,49.753347826965886],[6.327297776800822,49.75296249704978],[6.327727524232612,49.75283153611697],[6.328221766661236,49.75232490093351],[6.328370295287379,49.75173638536494],[6.328155899837315,49.75018989852296],[6.328339225226097,49.74968830127967],[6.328114429283592,49.74814005612227],[6.328689180607917,49.7474716712865],[6.32979658946827,49.74721426091615],[6.331320970157613,49.74647675737023],[6.332025669964321,49.74680696399774],[6.332787753139574,49.74633306543968],[6.332749762776776,49.74549589964863],[6.3343105668914115,49.746346613037126],[6.335386540421256,49.746540605977415],[6.338893046389257,49.74643206890773],[6.340087096291246,49.74665955864975],[6.3435223602934725,49.74811239567149],[6.344713938238755,49.74843498721637],[6.345856554887319,49.74847867767413],[6.350801656066713,49.748396280565736],[6.351294393647489,49.748438204996596],[6.352447985434178,49.748944346136064],[6.353033453996637,49.74964918572534],[6.353509258178073,49.751606165980505],[6.353991071705279,49.75240781800457],[6.354489606622216,49.75304311136463],[6.354634477434017,49.75322524355923]],[[6.354634477434017,49.75322524355923],[6.35463602225116,49.75322718570985]]]},"properties":{"name":"Mullerthal_Trail : Extra Tour C","image":"/mymaps/images/24207c1c7b6542d698dc6073cff6abed.PNG","thumbnail":"/mymaps/images/24207c1c7b6542d698dc6073cff6abed_thumb.PNG","is_label":false,"label":"","color":"#FF0000","linestyle":0,"map_id":"b7fd0b6ff45c45cc8dbd10c16d904c89"}},
{"type":"Feature","geometry":{"type":"MultiLineString","coordinates":[[[6.421165539202774,49.813596814880384],[6.421704663215508,49.81360893024363],[6.4223054780298625,49.81417488734434],[6.423086000847741,49.81380969865215],[6.4242420329275385,49.814875834201516],[6.424947453888041,49.814517573739245],[6.425438780561392,49.81367093325418],[6.425694532606406,49.812660595291554],[6.426359405598063,49.811629675389476],[6.426981275316278,49.81100567716523],[6.428211057408765,49.81040053724904],[6.429950251312668,49.81034322541349],[6.431283787797989,49.8101912862159],[6.432759614092633,49.810767814692575],[6.435373850896594,49.81244080934028],[6.437410669803656,49.81331267225437],[6.439239612851877,49.81364779306779],[6.441445472421602,49.813062694729844],[6.441815091381516,49.812810641877576],[6.442717922926633,49.81151886101969],[6.443363929611671,49.81106212500344],[6.445096289230043,49.8107754178531],[6.446140681634277,49.81048014928738],[6.4468259521190285,49.81005593490566],[6.447257717018268,49.80903894253885],[6.448138983633713,49.808385545362874],[6.451267042197604,49.80757774793911],[6.452956398353665,49.80782083978571],[6.453807176385882,49.80705277846624],[6.454735302660127,49.807219757386925],[6.455153900278239,49.807546529744315],[6.456598967735787,49.808177611550896],[6.4583669162322295,49.80868684138678],[6.458932193834568,49.8092577645521],[6.459655935724815,49.809430885482605],[6.460866328577811,49.8100392752477],[6.461361255051528,49.81059113306513],[6.462343952120844,49.811126189292466],[6.465980744121357,49.812569775017316],[6.466792634460092,49.81334215915434],[6.468294785232209,49.81367980543116],[6.468738215887241,49.81340903963579],[6.470076934757828,49.81298017647904],[6.470667515887102,49.812994365470665],[6.471367331396438,49.81270258086802],[6.47284604045846,49.81254584897474],[6.4734818024127465,49.812191739119626],[6.47532044549877,49.81160163664906],[6.477284272339559,49.81162606191535],[6.47871659932502,49.8107926609771],[6.480834288709199,49.81048050946168],[6.481821098628302,49.810054173580916],[6.481996006772122,49.8097485809598],[6.482796011693187,49.80945589911203],[6.48327709968133,49.80889229649984],[6.483841244256792,49.808973347045615],[6.484983612611224,49.80869897309276],[6.485980944599248,49.80800862880144],[6.486459328574048,49.80801211001576],[6.48990581403626,49.80756820140197],[6.490566005497848,49.808135024156236],[6.490477366343133,49.8084774805259],[6.489423090162437,49.80966662858873],[6.48951988100687,49.81012039044802],[6.491252161512199,49.8100801592938],[6.492146505099634,49.809816924741995],[6.492443540135729,49.80947613024855],[6.493260797073883,49.80920692222986],[6.495290706864212,49.80831729425448],[6.496258722664205,49.80817069858972],[6.4972126067023295,49.808500643020736],[6.497393577265752,49.80804384875415],[6.498703935952869,49.808188455142684],[6.499845060747081,49.80847064097029],[6.500259738082427,49.807658037892736],[6.502062817792039,49.80622556589537],[6.502930896704541,49.80535815175699],[6.501680947635842,49.805330406080856],[6.500294362928091,49.80460558894478],[6.499845568476981,49.80448999849689],[6.499239976662594,49.80388092778433],[6.498711931847691,49.80385546718811],[6.497839806831651,49.80233392294627],[6.496328423143281,49.802661998609146],[6.496067057084672,49.80304035096002],[6.495025200986702,49.80191665232099],[6.495283631154456,49.80119497719305],[6.494617489602008,49.80032914769998],[6.495008640731002,49.7984350395564],[6.495515084931518,49.79749452841197],[6.495100063283535,49.79654672708466],[6.495225310741357,49.7961603329975],[6.495802433317804,49.795754115016564],[6.496788113311587,49.79473975004382],[6.497559455901896,49.794231933089954],[6.498515670013274,49.792306870876615],[6.498906515703605,49.791162242848536],[6.499817589100491,49.790937003212576],[6.4999237006133,49.7906423592317],[6.499423263994673,49.79006389188604],[6.4998118284525095,49.78900861240353],[6.499594167021188,49.78856588068516],[6.500031419338339,49.787108686479385],[6.500743549719003,49.78657787056635],[6.500761232982424,49.785704031049484],[6.499650014591193,49.7845513505106],[6.499067052158502,49.784586736734845],[6.498128964580348,49.78431550921749],[6.49781079199762,49.7846465196907],[6.496838832575774,49.78465378385775],[6.492624741621445,49.78219379864233],[6.491358742752811,49.78173376096304],[6.490922178691212,49.781427609823005],[6.48992109677298,49.781128649696896],[6.488210927337337,49.78086873421018],[6.4868504084500564,49.78089721955528],[6.486117345107435,49.77974167917473],[6.488628864336306,49.77845580451418],[6.48947606307867,49.77840344039724],[6.490688396289949,49.7786388796182],[6.490827742351431,49.77810073060187],[6.490418369811503,49.77760962889021],[6.490964413229932,49.77653618591275],[6.491071641256563,49.77580372661825],[6.4909218322025835,49.77521784589515],[6.491558158844071,49.773771802530106],[6.491044279720795,49.77223683238909],[6.490286682654009,49.771386849155306],[6.489343642671064,49.77080367915283],[6.488733718473881,49.77004233565336],[6.48911355342606,49.769614875947745],[6.489916843501975,49.76914695768038],[6.493686667931012,49.76923511745734],[6.494365301002995,49.769078004126435],[6.4954268023711705,49.76798711883781],[6.496667972053296,49.76722623097793],[6.497953701828497,49.766882604227725],[6.49935841013203,49.766269460681784],[6.500618870343494,49.76596970679003],[6.500974079573358,49.765647263682915],[6.5009019497305,49.76511163251192],[6.500393128436811,49.76442394133815],[6.5006082361892465,49.76391309552974],[6.500282383074751,49.76294752312853],[6.499333426503807,49.76159657153265],[6.500410713608798,49.76192669972622],[6.501065755572793,49.76172645487488],[6.499159844519318,49.75971395274592],[6.500447027232828,49.759197782417395],[6.501345715869478,49.759132366539845],[6.502422923520249,49.758864026657925],[6.501258577446639,49.75797449110752],[6.497053943251072,49.755997323548506],[6.496378437559463,49.75477695037033],[6.497535320448778,49.75442761970684],[6.497067814285923,49.753529871560545],[6.497213834594636,49.75313824812376],[6.497164152895919,49.75195160311614],[6.496914343214689,49.75041683541118],[6.496127440984969,49.75063866151767],[6.495039150370789,49.75056641656638],[6.4946692479412125,49.74989335901575],[6.494900254192273,49.74945962424406],[6.494248372971608,49.74904246194965],[6.494189376638949,49.74802219496966],[6.493875838183163,49.74722280874594],[6.494062100748097,49.7466917827688],[6.492242347531948,49.746373233202675],[6.492383504192214,49.74681942461427],[6.4922022126413985,49.74746673153663],[6.4924982027157645,49.74786128322093],[6.491918014941027,49.74811622010849],[6.491439502926483,49.748740065454456],[6.491409021908588,49.75041244150006],[6.490874455242086,49.75175760690684],[6.490030832032052,49.75280120784756],[6.490742254822827,49.7569164471022],[6.489501500071521,49.75711545484047],[6.489173756651027,49.75853747334858],[6.4880575182898275,49.75973634497655],[6.486174911413945,49.758896408496504],[6.4834687483482805,49.75838460841723],[6.480323499435889,49.75800823248017],[6.476441530111571,49.757717912287916],[6.4735738194384185,49.75678386106909],[6.473617633032989,49.7565792046687],[6.471982245250402,49.755268614332714],[6.4704381579453845,49.75420040568982],[6.469873705395245,49.75251565263274],[6.468608861584433,49.7516221175974],[6.467688106675511,49.75138850066022],[6.466085247278298,49.75192984677224],[6.4651766454103,49.751514676788794],[6.463682597047652,49.75159886473385],[6.463177602375936,49.751274239348675],[6.460079233143952,49.75176986357204],[6.458648095403557,49.75098284389792],[6.457256147089394,49.75062624072606],[6.451823799471063,49.75105993477543],[6.45001776503942,49.751291374898734],[6.448973387004385,49.7518580919898],[6.448212525499034,49.751571529168025],[6.4473515364222305,49.750857534744426],[6.446565249194271,49.749946635517524],[6.446205229993425,49.748868606919245],[6.44517057563513,49.74749325329937],[6.442898186942115,49.74793968632063],[6.439245548057716,49.74847888528247],[6.436695636195753,49.747174434964066],[6.435660240748334,49.746866655942334],[6.434379235338047,49.746678562445226],[6.432604262028651,49.7455947546255],[6.4320014126892575,49.74508590579458],[6.429496005539147,49.745419207249974],[6.426791958712779,49.746351350087686],[6.427758320852477,49.747383123197466],[6.427372945808203,49.74796839128133],[6.425963989478581,49.74915833208811],[6.424339127384224,49.74954855387007],[6.423931278825273,49.749830420717146],[6.422942963359737,49.751214941309534],[6.4225318585225475,49.75232002991065],[6.4212709940563535,49.75401307045471],[6.419604914345421,49.7551900098173],[6.418217860749568,49.75587576095951],[6.41630999481913,49.75661262752491],[6.414396893834075,49.75781755642889],[6.412429523687078,49.75985365362789],[6.408218387233513,49.757967682229896],[6.407690543009134,49.757872128053165],[6.407360383373445,49.75916523774712],[6.406895175578228,49.75991457541678],[6.405733209026562,49.76069917071641],[6.40383766031846,49.761713184496145],[6.403073636617368,49.761940865151914],[6.401435536955064,49.763296327435114],[6.40068585418092,49.76357634552071],[6.400689594299082,49.76491161517842],[6.400906092984476,49.766637406584],[6.399477616116421,49.769800533051885],[6.398315563526002,49.771371744540204],[6.397535433471614,49.77257244045093],[6.3972459887421715,49.7738518430474],[6.3973959291493205,49.77462710574254],[6.398679121083054,49.77611308149125],[6.399297949069898,49.777779628313645],[6.400951420433342,49.77804827513082],[6.402153034209177,49.77867014038373],[6.403047982089097,49.779369492743434],[6.40414692229048,49.77969327385322],[6.405483724648733,49.780488461763575],[6.405913024771663,49.78096633554745],[6.405899268567559,49.781699109709876],[6.40524453413285,49.78278148528295],[6.405532756968605,49.783408105486366],[6.406303217550835,49.78407632875509],[6.406606411967136,49.78582654202053],[6.406571442956104,49.78660498262962],[6.405561647563641,49.78952455771748],[6.4050903081555255,49.790402122626574],[6.404291178374555,49.790990405443274],[6.40353379650201,49.792313589640344],[6.405618942388406,49.792481828479744],[6.4068279122161185,49.791319423091096],[6.408336110960564,49.79079718800922],[6.409169629616626,49.79025365149134],[6.409448899801151,49.790558752429895],[6.407512185673858,49.7920822179379],[6.407247334352375,49.79248521022118],[6.405777671429634,49.79369525010932],[6.405031586549397,49.79471779289935],[6.404682259379707,49.79618793071428],[6.404962720121861,49.79696336742983],[6.404824832044502,49.79787845610018],[6.404511790414599,49.79848147573385],[6.404256966642507,49.79963056151709],[6.406607846305915,49.80314784198056],[6.4074628536192115,49.8037658699363],[6.408679357409111,49.80397012815534],[6.40862888798215,49.80439718389366],[6.410593823918823,49.805541745636205],[6.411216867855997,49.806039981858895],[6.412942084229453,49.80792888074268],[6.413764446448188,49.80914537477299],[6.41547258792184,49.81037120717313],[6.417394401995786,49.8112549065361],[6.4190640913662,49.81173229288678],[6.420077472061436,49.812235813311176],[6.420095600241495,49.81238187262957],[6.419987357140292,49.81251606852026]],[[6.419987357140292,49.81251606852026],[6.419985367240856,49.81251853552577],[6.4209187759845845,49.813155467486474],[6.421165539205092,49.81359508411708]]]},"properties":{"name":"Mullerthal_Trail : Route 1","image":"","thumbnail":"","is_label":false,"label":"","color":"#FF0000","linestyle":0,"map_id":"2d6fbc25761843c7a88f6a75755abe5a"}}
]}