{"type":"FeatureCollection", "features": [
{"type":"Feature","geometry":{"type":"MultiPolygon","coordinates":[[[[6.266151258436841,49.84215396350108],[6.266236812387203,49.84329173684884],[6.264898454703116,49.843070579682674],[6.266151258436841,49.84215396350108]]],[[[6.277168688176729,49.82594124034828],[6.275978405224803,49.82568625055006],[6.272716199744759,49.83148300510722],[6.268947841144748,49.83024705539641],[6.267466466870811,49.82951736012142],[6.266320685335168,49.828549934683714],[6.267292829102927,49.82716078810925],[6.267541379628919,49.82687712273965],[6.267888366367845,49.826570619621556],[6.268110017968947,49.82641545936622],[6.268707088165766,49.826137251818814],[6.270853272470785,49.82550470064526],[6.273939384376138,49.82311946294773],[6.275844884981401,49.823146380230035],[6.277947648372452,49.823495826282844],[6.280472691091047,49.82340993401921],[6.281034852717039,49.82402511541946],[6.282304308460138,49.824749574952484],[6.283295775350628,49.825088241532896],[6.283712177511269,49.826617935834435],[6.2824380228939125,49.82645473282754],[6.28193973099017,49.82774111717122],[6.278873846221305,49.82641050198847],[6.277168688176729,49.82594124034828]]],[[[6.286761516751544,49.83595473041808],[6.287538868433319,49.83618605341664],[6.286332612003821,49.83739564933458],[6.286354229195855,49.83797442932335],[6.285336441934989,49.83908836519856],[6.284284535326739,49.83931039422211],[6.284941682250807,49.84049134523569],[6.287266437145172,49.84300766094206],[6.287330339635437,49.843802908890396],[6.286629083140147,49.844114600813825],[6.285334446417716,49.84421071020058],[6.283626381727424,49.842844019333555],[6.28407378587147,49.842464616882694],[6.282551663716718,49.841700053254996],[6.282903259922979,49.84135042644019],[6.281179780007528,49.84091589771656],[6.280770593998114,49.8415021932371],[6.280515015804359,49.84280636509217],[6.280122454555958,49.843454492870926],[6.279998332107995,49.84442888160377],[6.278469117905196,49.84387128339809],[6.2766810927824706,49.84397802027767],[6.275253230266136,49.84441073938698],[6.273373921910731,49.84422111104873],[6.270396626776709,49.84265682195069],[6.26850845934871,49.842686544406384],[6.26675971998171,49.842533654632675],[6.266811869205334,49.84167975314413],[6.269606702588389,49.84110538255791],[6.2710344482627445,49.84117560464136],[6.273805357417061,49.84050097549217],[6.274442880567029,49.83984890586666],[6.276077924639479,49.83951130991711],[6.277322099349569,49.83877579868257],[6.279006795727513,49.838167927217306],[6.280309073994621,49.83672677986739],[6.279180948333644,49.836396763513335],[6.278713520694388,49.8359400247778],[6.279911525853187,49.83609731779216],[6.28188064568314,49.83603072912265],[6.283733636109831,49.83612366451129],[6.286761516751544,49.83595473041808]]],[[[6.281635861145954,49.82383697837056],[6.2824287808870505,49.82421988401804],[6.283819829626961,49.82442869484273],[6.284883194878904,49.82434581264199],[6.286965953940967,49.824526419304995],[6.289916796040698,49.824246896722634],[6.293795898096317,49.82432644774301],[6.296000811943086,49.82404677309655],[6.296310522894305,49.8232494030377],[6.296146329240289,49.822420367393526],[6.29717119666469,49.822028218556234],[6.298184252409683,49.822022041353605],[6.300147432778205,49.82230685557747],[6.302789367561836,49.82294042343493],[6.307989217830102,49.823740238242124],[6.310112107580756,49.822838573272826],[6.3114061789288884,49.82284101659383],[6.31351050952537,49.82259329386465],[6.316171596948666,49.821556876403825],[6.317505004196864,49.82267602244646],[6.315883390197901,49.82341956549908],[6.314264489235228,49.82378871279602],[6.313503247507719,49.82431889830358],[6.313575853478418,49.82493858656772],[6.315944132466174,49.82659248072029],[6.315537337646459,49.82692501337545],[6.312972739939369,49.82560130008964],[6.310717041802955,49.82517597093201],[6.31009236719521,49.825850387757775],[6.3100627771325115,49.826703294297396],[6.3089843749431616,49.82658654503637],[6.308678389252723,49.82560841930602],[6.307556018779726,49.82494729029105],[6.301365137327049,49.823424596946815],[6.298872123135818,49.82330191695349],[6.298504406671018,49.82378902052768],[6.297402766271953,49.8242484425897],[6.298208481506303,49.82479708040045],[6.299066603582638,49.82601866854314],[6.298646977433281,49.82707264275156],[6.297845622188968,49.827988648077536],[6.295786330725272,49.82902826089569],[6.295331592188853,49.829501151964244],[6.292849793221142,49.83028173860374],[6.291325344437456,49.83138022255397],[6.29032529476906,49.831448940537996],[6.289802111234959,49.83191876062447],[6.289066355713157,49.83188513453182],[6.289852004342238,49.83086102246829],[6.292087452727864,49.82953553722936],[6.2948712340470765,49.82845211949733],[6.294360426283157,49.827963117175386],[6.292896440351227,49.82742390324205],[6.290705341378661,49.82672548520026],[6.284300172269973,49.826611054824745],[6.283818422650783,49.82722528355209],[6.283528028282415,49.82751784265287],[6.283207002981206,49.82818992061896],[6.2821052606620365,49.82774147174345],[6.2823784381214445,49.826806676972346],[6.283817349694029,49.826681318709895],[6.283373038839002,49.82503681566761],[6.282184491222357,49.82459933547637],[6.281318473320787,49.82370149739781],[6.281635861145954,49.82383697837056]]],[[[6.286761726105691,49.847413489794555],[6.287183682249098,49.84668944591513],[6.289704215889323,49.84693464911893],[6.291668501012697,49.84638256426569],[6.294230703103094,49.84606890707302],[6.29340589378067,49.84526541137273],[6.293749598993362,49.84472493545473],[6.295083942250236,49.844595055623145],[6.298129255946063,49.8438252090268],[6.30195120247152,49.84377604625583],[6.303710857000284,49.844124792826825],[6.304294241890582,49.84463345079527],[6.304308274867514,49.845661659007106],[6.30499049023734,49.845664087699404],[6.305953802032241,49.84645987127224],[6.30772987708316,49.84685062286946],[6.308599032705145,49.846880231192756],[6.313182562788009,49.84655971632248],[6.315040704490095,49.84668559759241],[6.316316245777241,49.847277481818885],[6.315995787817504,49.84926195104637],[6.315278214348216,49.85073128588209],[6.314467938307931,49.851454520606296],[6.313208740910315,49.85209054716426],[6.313066136888094,49.852770483700105],[6.311897588047585,49.854546653883475],[6.312022851157933,49.855503948194695],[6.311791586652204,49.8566988242974],[6.311309299141857,49.85743259772376],[6.310100017703899,49.85841123859792],[6.30737869608162,49.8572257299532],[6.307881261617498,49.85624579996157],[6.309218339873178,49.85492654029713],[6.309753769238761,49.8539178904132],[6.309663405180012,49.85256311415546],[6.3104456342537345,49.85010793342415],[6.310396639982805,49.847793948950745],[6.309979502981766,49.84685800963275],[6.309313000957941,49.84696759363168],[6.308290793617752,49.84708523666824],[6.308362903805197,49.84775566145365],[6.306643711020106,49.84747807024224],[6.304924671227302,49.84628814656956],[6.302708260701048,49.84681869739737],[6.299727414077443,49.848320477160186],[6.298189711711183,49.84855242080401],[6.296956953155787,49.84848763595316],[6.2959779525131,49.848100350121236],[6.293361015341515,49.84749120786966],[6.2920990809901,49.847664870673626],[6.289553151995318,49.84772754387726],[6.287300836193833,49.84719989201776],[6.286761726105691,49.847413489794555]]],[[[6.316814302376792,49.848291305778915],[6.316232717988724,49.84704494824677],[6.31518303109954,49.84660601052812],[6.313582386901033,49.846479806711976],[6.30789060019725,49.84678217340483],[6.305755510782485,49.84626640579101],[6.305269052025677,49.84524937279846],[6.307390981349914,49.84575311514815],[6.308499159760191,49.845749072052435],[6.309603330550654,49.84535689855921],[6.3116535174451815,49.844169394615136],[6.31224848898739,49.84323242195503],[6.31280153658569,49.84140369255982],[6.314086993435193,49.839909911804654],[6.315544941779858,49.83855941938926],[6.317543067230768,49.83643915252815],[6.3182940572325705,49.83547955321906],[6.320064796334534,49.834273467351615],[6.32209956959072,49.833548831335605],[6.321565562989322,49.83282733865689],[6.322958731971581,49.83221630858107],[6.323037849307891,49.83061010278203],[6.322667343441668,49.829202520073885],[6.320979285054835,49.82736764826258],[6.319886262773991,49.82658924395254],[6.31878189439814,49.826131164994486],[6.3173197028332595,49.824849266022326],[6.315743779106745,49.825449852063194],[6.314793297519364,49.8255458494495],[6.313764985773018,49.82443394438209],[6.314204717485165,49.8239262876006],[6.3159867523634,49.823517182960295],[6.317611526756918,49.822757178818684],[6.318385556308611,49.823373343029026],[6.320131174938465,49.823103609431186],[6.320934756354007,49.824350917292726],[6.321500410535464,49.82589943291126],[6.323201474629545,49.82747439035906],[6.323774482050147,49.8286386251645],[6.324151844533778,49.83006597918412],[6.324973031749089,49.83204065462632],[6.327232438136756,49.83234304035996],[6.327732017216604,49.83289369309671],[6.327777820052515,49.8339852567037],[6.326379176498483,49.83422196329592],[6.326512925223534,49.83517188047646],[6.324132290544188,49.83628410874027],[6.3229974539966625,49.83706036135252],[6.32212344251016,49.83689426822769],[6.321342601897043,49.83714054025091],[6.319932287705597,49.838403364354775],[6.320381467230721,49.83872516026463],[6.319721979578025,49.83935515948591],[6.318863232051942,49.84096238306003],[6.3171167376288055,49.8413815563301],[6.316589308752626,49.84302241587826],[6.316966307643482,49.843732802348356],[6.317791109144603,49.84426868794718],[6.317843548160132,49.84523941372101],[6.317135493791048,49.84559263314484],[6.31596619647562,49.84556239521739],[6.317182437807751,49.847457207573726],[6.316814302376792,49.848291305778915]]]]},"properties":{"prie_denom":"BEAUFORT,CNE.","SUM_surfac":366.41,"pygeoapi_id":1},"id":1},
{"type":"Feature","geometry":{"type":"MultiPolygon","coordinates":[[[[6.326817820559084,49.74369424937481],[6.32771985838997,49.744311804280315],[6.327317683137943,49.74470183993696],[6.326207789563526,49.74401350473872],[6.326817820559084,49.74369424937481]]],[[[6.3260492436381535,49.74438409102764],[6.325638989862796,49.74496494214096],[6.324349197966832,49.744798081725925],[6.3246906853328815,49.74425067373859],[6.325592118900301,49.74392660158655],[6.326203282209776,49.74416335498442],[6.3260492436381535,49.74438409102764]]],[[[6.31012612893429,49.74579845554772],[6.309524652410379,49.7463223471435],[6.308719538170985,49.745868098669234],[6.306403439655397,49.745293952666024],[6.3031812057905094,49.74504585351429],[6.300957494345305,49.74506960954233],[6.297534831354716,49.74525126537376],[6.2957246485670995,49.744725241797696],[6.2975425844707305,49.74447754843769],[6.298203345433385,49.743801880092576],[6.300211958736914,49.744305371135404],[6.3025591783794805,49.744245818329475],[6.3044697071135785,49.7437272902228],[6.305963192245833,49.744539510810505],[6.307939424993591,49.74414973554393],[6.309319322328888,49.74423265491624],[6.3115438423936405,49.74387827292144],[6.31304271582831,49.743966947622816],[6.310933541832459,49.744864203655204],[6.31012612893429,49.74579845554772]]],[[[6.325361662621128,49.746421604785624],[6.3228375784739805,49.74650589486386],[6.3196629427108455,49.74611593598332],[6.318068750043208,49.74478277832238],[6.316964459432474,49.74467000248536],[6.3152280008776565,49.74499939265408],[6.313773527130632,49.744189616074166],[6.313093538171753,49.744021163160426],[6.313975892770523,49.74318097319878],[6.314791412199156,49.743191655909094],[6.31551054141817,49.74441773503691],[6.316537506012243,49.74399215123216],[6.317439266678899,49.74397300387099],[6.318813902637508,49.74432185434959],[6.320558930451343,49.745776816795996],[6.322580046641225,49.74559379180292],[6.321928465939938,49.7450646507895],[6.322273264086433,49.74375078394737],[6.32450643264086,49.74326629670057],[6.324770336079251,49.7425407454396],[6.326623697911371,49.74274104255127],[6.326370222066239,49.74337280424651],[6.324989602628897,49.743323565715876],[6.323995514535744,49.74500392681796],[6.325408910198164,49.745602500550994],[6.325361662621128,49.746421604785624]]],[[[6.352036153929696,49.7485667380755],[6.350664082430952,49.7484255193299],[6.345801448717983,49.748675744135056],[6.345057891360471,49.74842958349584],[6.350616092089273,49.74832658354733],[6.352036153929696,49.7485667380755]]],[[[6.329271267597641,49.74601603824783],[6.329860359131465,49.74621062752971],[6.331819841655558,49.74625183567347],[6.3316745175745694,49.7469407750484],[6.3320984033840135,49.747963406947804],[6.332071861256236,49.74877855727246],[6.334469658126216,49.74842792317574],[6.3349322107645305,49.74822822733523],[6.336891701119736,49.749625919728636],[6.336136668050492,49.75018763635926],[6.33501987035891,49.74978170336142],[6.334294690684033,49.750010450381026],[6.330948955816618,49.74949669922496],[6.328481047411857,49.748575337416725],[6.3275166786907695,49.747673957291504],[6.327946913478498,49.74712350051717],[6.3278458984206445,49.746433942404245],[6.329271267597641,49.74601603824783]]],[[[6.341338628609251,49.75017867956524],[6.341463484152425,49.75062601245449],[6.343173192512879,49.75152763207561],[6.340220602500942,49.7512642898947],[6.339007944750151,49.75100215348269],[6.339428897722082,49.750164036958],[6.3401049089213615,49.75012567078276],[6.341338628609251,49.75017867956524]]],[[[6.3214712426933435,49.75269200382304],[6.320733184062675,49.751593969938085],[6.3207628154702515,49.75050102885365],[6.321718155637173,49.7503818628315],[6.3214712426933435,49.75269200382304]]],[[[6.3416824547015285,49.75511495997413],[6.340470195150064,49.75575482048692],[6.338352741382648,49.75538774860209],[6.336751130538377,49.754746902961315],[6.333519319116311,49.752953075848254],[6.3340370603069305,49.75265679956397],[6.333137566643569,49.75204438014404],[6.333720754101442,49.7514889770776],[6.335124971322488,49.75136623505963],[6.338126131723945,49.751480868769946],[6.338513200697305,49.751253139288934],[6.343127824568299,49.75158815500997],[6.3426204678100095,49.752352765161326],[6.3431475135194875,49.75416394216702],[6.34251856767706,49.75516126993569],[6.3416824547015285,49.75511495997413]]],[[[6.3275380022895735,49.75780070465838],[6.325052675856429,49.75763983557442],[6.323846247233338,49.756947735365856],[6.323409097349184,49.75625776530553],[6.323681294494214,49.7556374321636],[6.3223088275044095,49.75476292614124],[6.323978674098852,49.754664815413285],[6.326215794749718,49.75377429220159],[6.325454423803147,49.75476672843272],[6.324454589136402,49.75523647340316],[6.325677640968169,49.757393189272875],[6.3275380022895735,49.75780070465838]]],[[[6.355514059516065,49.75754954834429],[6.354476563344018,49.758040511091785],[6.35342325729232,49.758104432380485],[6.3519006768975,49.75773844501404],[6.3439183150690726,49.75707910149608],[6.344050955247414,49.75653641121216],[6.342604568545652,49.75631648194305],[6.3433578458905915,49.754523336208564],[6.344822098848177,49.753592081459054],[6.3466782652052425,49.75358832400902],[6.35131766207678,49.75448335985525],[6.353154386470414,49.754558536945034],[6.353510621800465,49.75407289042079],[6.353360030604467,49.753192643599846],[6.354242213744404,49.75316793104277],[6.354712732796591,49.75409316430232],[6.354311266034428,49.75470342396845],[6.355227964094868,49.755918054708175],[6.354667852045714,49.7566752595322],[6.351997616141765,49.75698407585856],[6.353228484518677,49.757490007929164],[6.354057066296864,49.75732966569044],[6.354930966080656,49.756741831429366],[6.35567899147721,49.75584483486395],[6.35665222077617,49.75668194201687],[6.355514059516065,49.75754954834429]]],[[[6.376078856672165,49.76067908270788],[6.374656887924232,49.761385278441296],[6.372969824138513,49.75993362590882],[6.370209838437895,49.75844665846183],[6.366613930924394,49.75699599531078],[6.365063617835412,49.75525643882543],[6.365323947368912,49.753403802947894],[6.365785215600222,49.75357650464112],[6.367475578197367,49.753098353411275],[6.373918033920392,49.75455350052256],[6.375002962653247,49.7546890847558],[6.375250515839062,49.75577043860693],[6.374347097966572,49.755936228985654],[6.3705119407106405,49.755286784599086],[6.369000837364053,49.754855079258576],[6.368206554337039,49.75597563454988],[6.370266595660856,49.75661821005479],[6.374416706109797,49.75901688508388],[6.374628331141644,49.75888164476959],[6.376859691539532,49.7599718965916],[6.376078856672165,49.76067908270788]]],[[[6.34627708751098,49.761018344933966],[6.341636983706611,49.76262464709784],[6.3409862148945315,49.76314034643738],[6.339887542870344,49.76350476677409],[6.338172678155425,49.76439558088352],[6.3376537092187375,49.76421010749406],[6.337521539732836,49.76298215001944],[6.338601001825463,49.76310335445956],[6.339214502207698,49.76189331089423],[6.34254322008939,49.761395424562956],[6.339394073088278,49.760905012536824],[6.339452784183111,49.75992637151966],[6.340916524409216,49.75874630491571],[6.3425203995773725,49.759424401119475],[6.343109805481562,49.758959697117454],[6.34627708751098,49.761018344933966]]],[[[6.3253177340768945,49.76395357741524],[6.3232395660774605,49.763712964393584],[6.3235881937674225,49.766032920562544],[6.323411359417192,49.76632758514952],[6.321731775391241,49.76615076267009],[6.319791101817376,49.76516605869017],[6.316339589408821,49.76238916681883],[6.316223677523975,49.762077046981084],[6.317063753725227,49.7612970948427],[6.31718996731546,49.75999922210217],[6.316239323721976,49.75948804657418],[6.317718919383705,49.75786350408884],[6.321726739651191,49.75787630413834],[6.3216351847624885,49.75702219600823],[6.324175601312378,49.75722499842393],[6.325017390976389,49.75770271480516],[6.323536457316051,49.75853334099527],[6.323097894710135,49.75924722169517],[6.322899074024401,49.760282724563965],[6.326000773529099,49.76105308816831],[6.328413623189433,49.76052484497257],[6.328638560223892,49.76088999921031],[6.330201071999356,49.76064887316196],[6.330164489645828,49.76114424949755],[6.326462607639793,49.76257079580715],[6.325911174841578,49.76214556971276],[6.324370675409195,49.76263888945407],[6.3253177340768945,49.76395357741524]]],[[[6.371642250052761,49.76274561247374],[6.371710616480979,49.76274684011234],[6.3730474645320925,49.7627929482039],[6.372828402819501,49.76337061996607],[6.374538125670847,49.76383005864052],[6.374496861035271,49.764764451460024],[6.3739611338578825,49.76533021039232],[6.372069764485348,49.76848276532153],[6.37048171833016,49.767843261863916],[6.36981550288058,49.76824707262224],[6.365260612617477,49.765644042154946],[6.366130894040555,49.76534310847231],[6.364471045258513,49.76475102494881],[6.36090608411401,49.76416934336756],[6.357276447351584,49.7638554392264],[6.353292664112807,49.76297253649007],[6.35283240610857,49.762421597349906],[6.353111870522663,49.76146012561713],[6.352402214807903,49.76127443405246],[6.351726286767335,49.76164089038036],[6.3478667805599756,49.760208827299],[6.346559160020098,49.760911400223826],[6.342947673211324,49.75877206808644],[6.341302535382925,49.7571747113547],[6.34183491338375,49.756979851213295],[6.351878657591391,49.75779997013898],[6.353396248976325,49.75816510207056],[6.354500792770031,49.75810147082184],[6.355157383320344,49.75789972462726],[6.356790963151592,49.75665556807484],[6.357044597578574,49.75680216032552],[6.357315488774555,49.756958726413885],[6.357438438952846,49.75718234641058],[6.359697931965843,49.75745547037493],[6.359786039456048,49.75738190288372],[6.360449842872191,49.75741989309432],[6.362020155024144,49.75828909961977],[6.3635432174215065,49.757926358296594],[6.365547150519634,49.758086507411015],[6.365977694208937,49.75755270203517],[6.366194161025399,49.75743854707516],[6.3661292463866275,49.75734842354428],[6.366033348033904,49.757305549532624],[6.366553162185185,49.7570453011319],[6.370150919846016,49.75849677891351],[6.372903481362406,49.75997963265933],[6.374541729114362,49.76138588185606],[6.373265314097988,49.76166222648486],[6.37306179457557,49.76246995954608],[6.371589095631891,49.76248974251724],[6.371642250052761,49.76274561247374]]],[[[6.37492314481543,49.77031335193032],[6.374123632702628,49.76975598421305],[6.373642967685769,49.767251835145935],[6.375735314693786,49.76733673747474],[6.37842978311945,49.76871194217258],[6.375953385221133,49.768922122238884],[6.37492314481543,49.77031335193032]]],[[[6.364847494732038,49.76588403264163],[6.365174151399316,49.76568018534657],[6.370318313912111,49.768619264581275],[6.369552543823097,49.768948772077486],[6.368642433315964,49.76886953089087],[6.36849816324614,49.76973073534744],[6.3653251799279,49.77059734224707],[6.365697152688679,49.76918911228452],[6.364847494732038,49.76588403264163]]]]},"properties":{"prie_denom":"BECH,CNE.","SUM_surfac":371.33,"pygeoapi_id":2},"id":2},
{"type":"Feature","geometry":{"type":"MultiPolygon","coordinates":[[[[6.356929359478627,49.849397364105606],[6.358502303422848,49.84963265717765],[6.358299284363569,49.84998590678063],[6.356929359478627,49.849397364105606]]],[[[6.337246087901686,49.8000078370778],[6.336332654589878,49.79992421138434],[6.3353780365829095,49.79925160730137],[6.337450541052869,49.79942201776002],[6.337246087901686,49.8000078370778]]],[[[6.337219831990783,49.79795343215981],[6.337692528831085,49.79798543341816],[6.3373622901796125,49.79931801513467],[6.336173195931191,49.799195893345505],[6.33633313577803,49.79798860019715],[6.337219831990783,49.79795343215981]]],[[[6.386398461745908,49.81275043521876],[6.385061806579131,49.81286262915683],[6.380718767662726,49.81271969322496],[6.381919186739443,49.81203604483123],[6.382140466617027,49.81116348497481],[6.383295839114864,49.811692724676526],[6.386398461745908,49.81275043521876]]],[[[6.336823969034866,49.81114967979805],[6.340080800649813,49.81187583836043],[6.341364598437657,49.813171373099834],[6.340676815556768,49.814038046095355],[6.336759982178643,49.812544246890795],[6.335578068693317,49.81192129293898],[6.335204953003447,49.81122367648107],[6.336823969034866,49.81114967979805]]],[[[6.342233365006152,49.80723983237402],[6.341826418534995,49.80751787940275],[6.342079582640821,49.80891879876624],[6.341866564504213,49.809518662786566],[6.340938225139655,49.810596564314146],[6.340499492585174,49.80688766828659],[6.342413697841018,49.80241093252113],[6.3430855357532785,49.80250163006572],[6.344584654226015,49.80217827290748],[6.344898822753441,49.8031058250724],[6.344872399802052,49.805432972871145],[6.346681952644213,49.80610596208658],[6.346858236334556,49.80536578471294],[6.348867713365121,49.80588947899565],[6.348621116052372,49.80664348386481],[6.346152216543901,49.806024580975404],[6.3457947614077295,49.806801964886],[6.344089041595563,49.80695065247063],[6.34308611010685,49.806782326397936],[6.342233365006152,49.80723983237402]]],[[[6.366630458946393,49.795894270869475],[6.367547238121108,49.79803962287899],[6.368999560507216,49.799541417210605],[6.369000594449502,49.800087680396956],[6.370234849128357,49.801839504893906],[6.369488983166019,49.802296215525026],[6.367491313185956,49.801218656205265],[6.3670436813697275,49.80063941828114],[6.366744993403328,49.79955098670795],[6.365150480181239,49.79832661604848],[6.3651157926336595,49.79766084620878],[6.364145580585405,49.79680802112426],[6.362925443508488,49.79789455733667],[6.361701214521347,49.798239423470996],[6.361023598524116,49.79900189598336],[6.362994281360297,49.80031519632614],[6.3627248668228855,49.80096688436917],[6.361511782830627,49.80000180793038],[6.359530596048338,49.8010330960908],[6.357982918129462,49.79939664893034],[6.356995790074114,49.79934558222458],[6.3553829151455785,49.799941426594316],[6.354842544382229,49.7994760874845],[6.355533395089312,49.79914830556996],[6.356475414377323,49.79884594892501],[6.3575538947070145,49.798803735990674],[6.360250545207152,49.798118258875334],[6.3613399799143995,49.79766348506333],[6.361829188842359,49.79714294539663],[6.362263899599083,49.79669850235344],[6.362423342017132,49.79654214534288],[6.363127125938773,49.79584336008823],[6.363195197431499,49.79526484140833],[6.364807441326532,49.795181124334356],[6.3659768520475515,49.79534449631415],[6.366578044974509,49.795532585265214],[6.366630458946393,49.795894270869475]]],[[[6.326796335872755,49.808495063450145],[6.327440692055343,49.808548919392024],[6.33031851699161,49.808172420623855],[6.332087369119105,49.808205477857165],[6.332138093060604,49.80867308738026],[6.330737573849391,49.8090671561051],[6.331310176075528,49.80953631386407],[6.331034779426423,49.81001960987273],[6.332099853279921,49.8110381315588],[6.33179606466491,49.81129813723502],[6.332973151027804,49.81193881060099],[6.332129308025249,49.81256025698243],[6.332105839085762,49.813031492465555],[6.333046278726618,49.81443952755923],[6.333757795488151,49.81515505617052],[6.334099338814742,49.81615432202363],[6.333777869607239,49.816978949728124],[6.33611571865095,49.81792009538771],[6.336809218973228,49.818811332423174],[6.332903020092899,49.817578853696965],[6.332238475336292,49.81703021925606],[6.33163070648426,49.81588246006706],[6.33033901713755,49.81467247908961],[6.329815311264253,49.81316520856557],[6.328682000245795,49.811788090290946],[6.327921542180381,49.81141878374538],[6.327727823290585,49.81234064303799],[6.328106309453122,49.81351834279349],[6.327555222379579,49.814401587495944],[6.3280517139119725,49.81654725956631],[6.32734600874069,49.81799676522657],[6.327103046589763,49.81922670304912],[6.325978954259284,49.81998665789132],[6.326777616957484,49.82172547846378],[6.327428255732992,49.82252084823885],[6.326778679285475,49.82283229027739],[6.325113011986654,49.82062465052096],[6.325120148400837,49.819541194789394],[6.325700288819109,49.818479547657276],[6.325304477080939,49.81734801027778],[6.325457709993505,49.81616467932063],[6.324991326188465,49.81450401345491],[6.325022260772341,49.81215011270517],[6.324074826136253,49.81092372882306],[6.323452749225619,49.809634819868556],[6.323981935643706,49.80909051617347],[6.325278431508053,49.8090444796975],[6.326609436651691,49.80854518493225],[6.326796335872755,49.808495063450145]]],[[[6.323930810297888,49.80390098617379],[6.324836840103705,49.804567344192776],[6.327270402879728,49.805652252542],[6.327916373274499,49.80622741983476],[6.329235297579353,49.807203043438925],[6.330400149473656,49.807707082046925],[6.331509284242933,49.80776241721742],[6.3317868027976205,49.807212729549185],[6.331347399208709,49.80651027453672],[6.331928478633129,49.80575347966856],[6.330394348108482,49.80500267672388],[6.3307281813325655,49.804599498248734],[6.32816747498852,49.803671947906125],[6.32738325974153,49.80374565945277],[6.326347687467009,49.80325317083383],[6.324969573941343,49.80186568691562],[6.32635598308304,49.80060616041959],[6.329189821567241,49.80145285081196],[6.331094678229508,49.80236322422289],[6.331033133520562,49.803001392443775],[6.334508767172003,49.80431840282188],[6.337499623069826,49.80482578169191],[6.338921619577666,49.804057123647304],[6.340337251479389,49.80484065957092],[6.341078019502704,49.803937025112035],[6.3400096031706035,49.80333573504273],[6.340260458372285,49.80280775554327],[6.339411008321165,49.80231669143403],[6.340190133956841,49.80075385767849],[6.339943175639736,49.79983768239468],[6.341732441436269,49.800135960522155],[6.341777574808163,49.80103611079882],[6.3411143443889655,49.80229709274799],[6.342276378122976,49.802394392135405],[6.340360653402225,49.80689094880865],[6.340828247297496,49.81083532775301],[6.339335596085769,49.81167278047965],[6.337232004427472,49.811130738253915],[6.335540719751014,49.81096821865595],[6.335707562345808,49.81036036713491],[6.335608768362193,49.808926839987784],[6.337436222835299,49.80927978305524],[6.336839174244706,49.80840429918703],[6.335232375611157,49.80805696445379],[6.334448623209552,49.808328042801485],[6.331927650854637,49.80722335516589],[6.331520492878035,49.807794498121],[6.330392149582075,49.80773664573585],[6.329868770132604,49.807559383584525],[6.328944272607967,49.807041635306916],[6.327212165381254,49.80567241818034],[6.324746710921246,49.80455844905992],[6.323930810297888,49.80390098617379]]],[[[6.383229627626018,49.828138041290146],[6.3817009927236565,49.82857953239461],[6.3809725484669215,49.82917897152992],[6.380311758469074,49.830316678813354],[6.379183101201425,49.830668233439795],[6.376469561483447,49.83100298817853],[6.375889506435044,49.83079194584798],[6.376775865560249,49.830045381942355],[6.378680501813662,49.829002038829444],[6.379833294775603,49.82897549338096],[6.382066568545298,49.827693632094245],[6.383656926104822,49.826167867329545],[6.384205099741353,49.825063282011335],[6.386018803239221,49.822449833660535],[6.385729294011167,49.82088845569653],[6.384215046011575,49.82013161477059],[6.3813310624276145,49.81987405827216],[6.380186894480864,49.81930500786416],[6.378439608998439,49.81929930623909],[6.376662507495649,49.819547502101656],[6.375752613370119,49.82004223316588],[6.3760884812853424,49.82089186104378],[6.375657776996718,49.82300846527107],[6.375230229639948,49.824188549494856],[6.37353882963052,49.82543230015441],[6.372664192638045,49.82649910467438],[6.371714273558042,49.825739700613205],[6.3726468576068624,49.82378401815363],[6.372080034935445,49.82200437259558],[6.372196758629126,49.82041668711086],[6.372734592367437,49.81923457833118],[6.37218008905671,49.819227889365415],[6.3704879834652655,49.818423879813594],[6.369937776512225,49.81785277601878],[6.372480573864945,49.81807620740568],[6.375851283004892,49.81805025754578],[6.377438642972374,49.81718934067564],[6.381094477808154,49.8174709341642],[6.383026866712918,49.81747474618596],[6.38453584382922,49.81765136555272],[6.386404939123838,49.81759706477073],[6.387747490807965,49.81740138912036],[6.389089823504329,49.81745131134944],[6.388792472980157,49.818310350429385],[6.387598085080525,49.82115172583805],[6.387933375579621,49.82199865347369],[6.387702027687631,49.822829843131544],[6.386913047235986,49.8233623623422],[6.385426808235626,49.82501713508929],[6.38497897677837,49.82609989209177],[6.384055587769397,49.82736672154628],[6.383229627626018,49.828138041290146]]],[[[6.38915972779601,49.81723233965881],[6.386394901610302,49.817507328815736],[6.384194580939514,49.817557953326876],[6.382825662288963,49.81736458013956],[6.381099495290384,49.81738107197366],[6.377420410157318,49.81709993348396],[6.375788592049923,49.81796995048565],[6.372488108657001,49.81798637711028],[6.369971656528899,49.817765426187144],[6.368901808420297,49.817307850705355],[6.367306731634862,49.81719093219063],[6.367322720903452,49.81683076823667],[6.365776165207705,49.81635383057348],[6.364603574136177,49.81620860014716],[6.3644075015343216,49.81678586631146],[6.362551701724861,49.81672123157547],[6.361899539964611,49.81692202097938],[6.360186892370564,49.81666288743136],[6.359232707249423,49.81683972219452],[6.358259896636497,49.816349724384615],[6.355736600252029,49.81608165398875],[6.353721592371218,49.81531241604562],[6.351747469506236,49.81515689921677],[6.350580446386662,49.81407033853618],[6.3488080607578405,49.81362139355624],[6.347519286697996,49.812292572867456],[6.348133561448738,49.81169994891666],[6.349862759250008,49.8122443384709],[6.3516669727338,49.812523321447024],[6.351766622005061,49.81185912820926],[6.352812377489218,49.81222199498231],[6.352728321923392,49.81296021146485],[6.354324821724634,49.81332930233953],[6.356411996296619,49.81414217892731],[6.357527285481486,49.81439311727052],[6.358944884301555,49.813866246050246],[6.3594020294832605,49.81445895542918],[6.361510366454804,49.81444046180432],[6.362567380503235,49.81473441583414],[6.364233368826944,49.814581730075496],[6.365032382293612,49.8149370387965],[6.366184162108549,49.814861708656444],[6.366569186343472,49.813811925119055],[6.368010473296215,49.81398956744777],[6.367382567948967,49.81509288527146],[6.368766885487214,49.815192000157296],[6.3708229032940915,49.81605938863508],[6.371925692337763,49.81672741425267],[6.373664420871987,49.81679157524025],[6.374432582056966,49.816113552653825],[6.376031575293619,49.816193559077725],[6.3766689812767385,49.815963604911445],[6.378627223357165,49.8160646652523],[6.378771552864541,49.815692079458366],[6.380934513805734,49.816103693356354],[6.3820322832346195,49.815488721852965],[6.384007752816076,49.81596994938322],[6.385040743298416,49.815740835869015],[6.386288387123631,49.81598982094178],[6.387664309681434,49.815717550740196],[6.387641307627332,49.81470547276539],[6.388454124598874,49.814146308731026],[6.389228577017885,49.814073499285],[6.38936085311301,49.812990514479495],[6.389583021605356,49.81474723866644],[6.38915972779601,49.81723233965881]]],[[[6.3817284591354575,49.81099404896295],[6.381795604248114,49.81199491469722],[6.379823659401303,49.8131497874929],[6.379341517732343,49.81368349448651],[6.377349137146262,49.81431643184643],[6.375822292613301,49.81439124227328],[6.373208014551623,49.814104282488664],[6.371815660752523,49.813772608756],[6.3704955701578605,49.813721709354084],[6.36742740639751,49.81228425046955],[6.3676667181574045,49.81162643722282],[6.364236206115273,49.81121469272069],[6.363855550574981,49.812273382120665],[6.3612185212774435,49.81207728330013],[6.361539137588889,49.81141708634046],[6.359979027007378,49.810798245705655],[6.360030315108646,49.81021270422423],[6.356905930447409,49.80940763625735],[6.35622778049335,49.808899912023115],[6.354889966847189,49.80855567442256],[6.355608301708168,49.80772164564756],[6.355851642778141,49.80605862365519],[6.3564966971266985,49.805418451619225],[6.358972688386789,49.80514479874969],[6.360127079851606,49.805226960478045],[6.363239407388339,49.80614489830765],[6.366304505670066,49.80645186860058],[6.3683887396805545,49.80686109209026],[6.3710771751229265,49.80780530008658],[6.371634949687468,49.80767170478859],[6.374010146521023,49.808299521274],[6.37540810741386,49.80781374672129],[6.376204766713293,49.80803959966211],[6.379646435765678,49.81007253230443],[6.3817284591354575,49.81099404896295]]],[[[6.366973813887218,49.842316064533684],[6.366250005057365,49.84288419800982],[6.365655246753066,49.842621963426105],[6.363765140822619,49.84348152548688],[6.361060389645222,49.843988504049456],[6.359144424508578,49.84362535923156],[6.358605156731975,49.84428914898716],[6.3587684140100125,49.8458495559676],[6.3570163031911955,49.84633293367518],[6.356589520999493,49.84611912395167],[6.353975207526911,49.84592819633437],[6.353541459810138,49.84650140568396],[6.350852485071594,49.84606472892684],[6.348408758863114,49.8453413968579],[6.347218683683512,49.845156175393065],[6.348167162536565,49.84447712442569],[6.346001663967443,49.84269895241094],[6.34475047200365,49.841407926953316],[6.343825187717055,49.841326491518004],[6.343701768520247,49.84193457845168],[6.342832891351907,49.84182252596566],[6.343465646893487,49.8410035282669],[6.343173712016368,49.840163982701206],[6.34350701290677,49.83974011742432],[6.342609871805876,49.839134965475864],[6.3427419893507855,49.83855662349933],[6.3422989196037864,49.83731978242244],[6.341348485024427,49.83732439134521],[6.3391495926172885,49.837836578729366],[6.33771975343293,49.83718172391074],[6.335899138191201,49.83602565588937],[6.337098530860103,49.83452508828031],[6.33704790634545,49.83396135832959],[6.338775198563923,49.833160893815894],[6.33807017528915,49.83182651998095],[6.338761879362663,49.83137749729763],[6.338668691377998,49.83071316406744],[6.337105160011006,49.83062430086171],[6.336843859210929,49.82992878099783],[6.334585699786084,49.82800799641669],[6.3342814521674935,49.8267525397061],[6.333139094817101,49.82523441928227],[6.331209769795242,49.82359381753556],[6.32983768055386,49.825536164293844],[6.32856007793138,49.82504346101909],[6.327742639419193,49.82528010661106],[6.327150024898351,49.82413353630391],[6.3280919439134635,49.82383369212092],[6.327552269932041,49.82247979525822],[6.3269089904176266,49.82169576856106],[6.326111386183235,49.82001497147568],[6.327092072329312,49.81941496414611],[6.3274770921988885,49.81802671632462],[6.328189925419604,49.816536356192685],[6.327693440468901,49.81441171571552],[6.328242862853133,49.81353542157296],[6.327865737954692,49.812329284621335],[6.328550406043841,49.811816983520664],[6.329697992529872,49.813213512841834],[6.330221162534358,49.814720193048515],[6.331515607724078,49.81593286952696],[6.332105022175106,49.81705537092109],[6.332813534330906,49.81764793652558],[6.336103341575298,49.81866650817946],[6.334461868539057,49.818619954769005],[6.334331344365294,49.819202354374646],[6.33553689393456,49.81976488481251],[6.335420135377537,49.82077660461424],[6.336497766303289,49.82195984882033],[6.339391841406548,49.823408121325635],[6.34079609916368,49.82392411089874],[6.344428358475083,49.82470804421126],[6.344679360493436,49.825218012122114],[6.342602799876641,49.82532503304699],[6.341976378854367,49.82612388328813],[6.341204437403351,49.826028484776245],[6.3407563876541415,49.826653019053275],[6.342667692061108,49.826904128152854],[6.341599942476184,49.82804807399664],[6.342434111984386,49.828144355788666],[6.3477355720538196,49.831425124726536],[6.347378660974557,49.8316551217178],[6.348770659997636,49.832705495583184],[6.346743134622079,49.83398039757783],[6.3468655547893,49.834896871128244],[6.348612631961626,49.83599617826732],[6.350232975504271,49.83660825410309],[6.350604345434399,49.837316686362435],[6.352996672947443,49.83879069751813],[6.353922852108408,49.840243765485496],[6.3557198338596645,49.84046035140074],[6.356862461833817,49.84095313343742],[6.357672744906911,49.84095538686944],[6.3609794668271835,49.84034090542163],[6.362396210513728,49.83916851590948],[6.364086999725655,49.838206638173844],[6.364686235245138,49.83761717521523],[6.366371909855464,49.837084562702096],[6.364867070297102,49.837848348653296],[6.364411925246225,49.83875808178421],[6.364971027431451,49.83916873182986],[6.363699414091304,49.84027537768622],[6.36390794067238,49.84129256419373],[6.366179545049311,49.841995654049526],[6.366254980466259,49.84201900106903],[6.366393025537955,49.842061725390096],[6.367022096844966,49.84225645227334],[6.366973813887218,49.842316064533684]]]]},"properties":{"prie_denom":"BERDORF,CNE.","SUM_surfac":667.44,"pygeoapi_id":4},"id":4},
{"type":"Feature","geometry":{"type":"MultiPolygon","coordinates":[[[[6.200567739148823,49.8541726648328],[6.200183294436461,49.854019307505844],[6.200298769102702,49.854061356350556],[6.200567739148823,49.8541726648328]]],[[[6.193398527620486,49.849399882656336],[6.19066505064582,49.8477134063196],[6.191547036479199,49.84822235961776],[6.193398527620486,49.849399882656336]]]]},"properties":{"prie_denom":"BETTENDORF,CNE.","SUM_surfac":269.08,"pygeoapi_id":7},"id":7},
{"type":"Feature","geometry":{"type":"MultiPolygon","coordinates":[[[[6.279640334128028,49.679310014383525],[6.280224741140713,49.679357489454105],[6.279644726712014,49.67933692075785],[6.279640334128028,49.679310014383525]]],[[[6.280633893965814,49.679390727520776],[6.281866876292392,49.67949089045809],[6.281690114837331,49.67958320441187],[6.281176443716648,49.67956860638323],[6.280754199235985,49.6794239977119],[6.280633893965814,49.679390727520776]]],[[[6.299390377726613,49.70400734071835],[6.30004736387539,49.7039255147132],[6.299397767935604,49.70402361900293],[6.299390377726613,49.70400734071835]]]]},"properties":{"prie_denom":"BETZDORF,CNE.","SUM_surfac":752.77,"pygeoapi_id":8},"id":8},
{"type":"Feature","geometry":{"type":"Polygon","coordinates":[[[6.313226100163743,49.70335956382764],[6.314276703333511,49.70370069552467],[6.313591003050987,49.70351307256752],[6.313226100163743,49.70335956382764]]]},"properties":{"prie_denom":"BIWER,CNE.","SUM_surfac":440.81,"pygeoapi_id":10},"id":10},
{"type":"Feature","geometry":{"type":"Polygon","coordinates":[[[6.117715736902775,49.80138966793989],[6.117694529322773,49.801353867294715],[6.117762812888705,49.80138062782567],[6.117715736902775,49.80138966793989]]]},"properties":{"prie_denom":"COLMARBERG,CNE.","SUM_surfac":62.6,"pygeoapi_id":15},"id":15},
{"type":"Feature","geometry":{"type":"MultiPolygon","coordinates":[[[[6.34627708751098,49.761018344933966],[6.347311222322784,49.7616458488898],[6.345676709321415,49.762938489463146],[6.345052612563599,49.76276282999286],[6.343242194173715,49.764042395951584],[6.341951921593589,49.76514255219901],[6.340435209594544,49.76527891242019],[6.338172678155425,49.76439558088352],[6.339887542870344,49.76350476677409],[6.3409862148945315,49.76314034643738],[6.341636983706611,49.76262464709784],[6.34627708751098,49.761018344933966]]],[[[6.3253177340768945,49.76395357741524],[6.325014129097087,49.7646181108037],[6.325539403002116,49.76521685398835],[6.32865496655518,49.76615813268237],[6.328970026562957,49.76647526430915],[6.330887407697488,49.766561777195626],[6.332478439227418,49.76625622063171],[6.335009135347266,49.766873453230914],[6.335166373343185,49.76753479178114],[6.3334313012509496,49.767611632244744],[6.332948617365204,49.76876902006355],[6.331765075208408,49.769041296183346],[6.3299497331121986,49.769843734134476],[6.32932550201526,49.77126594791119],[6.329240649750961,49.77197970880289],[6.330218349065232,49.77327776222881],[6.333068146449905,49.774064112399714],[6.33329478983269,49.77472953538389],[6.3311139679519775,49.7754634347949],[6.331598334161065,49.77719620293036],[6.330871184921925,49.77774777030203],[6.330492093883782,49.77907018114055],[6.329226165596558,49.77855207425838],[6.328031288429764,49.77874696944804],[6.324734118830324,49.777635664577076],[6.324105785312322,49.77681890933897],[6.322924702187652,49.77598033510339],[6.323823901425262,49.77588439859159],[6.32591713543531,49.77734369045515],[6.326696267222033,49.77684163157634],[6.325131190451228,49.77557776778067],[6.325934228903985,49.77475742639126],[6.323810135736047,49.77325656419832],[6.319953780468821,49.77222481179164],[6.319540228321827,49.77189581168394],[6.318350153458067,49.77188785498268],[6.317583020707339,49.772319079251055],[6.318178114767655,49.77291047187068],[6.317704313949844,49.77399874843112],[6.316276102680431,49.774055632509864],[6.3134017873636,49.7734305016122],[6.313966334995449,49.772819341378096],[6.313269791032432,49.77204235145647],[6.313697165460594,49.77125680596811],[6.313782148076905,49.77019147207922],[6.314559131404953,49.769519420891726],[6.314460893805591,49.768750951362236],[6.313401083078909,49.768067196333924],[6.313551941754674,49.76693944965237],[6.315193711293384,49.765004383088076],[6.3163935768135,49.764667432440355],[6.317141324545781,49.764202598681685],[6.316339589408821,49.76238916681883],[6.319791101817376,49.76516605869017],[6.321731775391241,49.76615076267009],[6.323411359417192,49.76632758514952],[6.3235881937674225,49.766032920562544],[6.3232395660774605,49.763712964393584],[6.3253177340768945,49.76395357741524]]],[[[6.3478667805599756,49.760208827299],[6.351716275048205,49.7616762388102],[6.3511551519151,49.761865530903975],[6.348310941864318,49.76178080202199],[6.348177575640562,49.7607209159233],[6.346559160020098,49.760911400223826],[6.3478667805599756,49.760208827299]]],[[[6.3653251799279,49.77059734224707],[6.364652669518259,49.770479934086374],[6.364055837003212,49.76964057186185],[6.3645702204402,49.768393831753045],[6.363890153742466,49.76825928600774],[6.363476095695586,49.767390589256536],[6.362763586457251,49.76700514494044],[6.363072263248918,49.76662919360887],[6.362694181255303,49.76611280469292],[6.363222152759193,49.76596568705477],[6.364847494732038,49.76588403264163],[6.365697152688679,49.76918911228452],[6.3653251799279,49.77059734224707]]],[[[6.3575538947070145,49.798803735990674],[6.356902001030134,49.79882809652421],[6.355901735067707,49.79846003646992],[6.356171798624644,49.798898892354764],[6.355482943810455,49.79914326809609],[6.354694025314867,49.79859513357673],[6.355350094460608,49.798007877679666],[6.3568273369144945,49.79831149312897],[6.359179931006247,49.797924618365386],[6.358943165388587,49.79707348453133],[6.360316409106658,49.79684179928191],[6.361194527170991,49.795630804278254],[6.359269664057615,49.7953600670593],[6.358684744778743,49.793996434331866],[6.35914812431628,49.7935872712258],[6.358598835270144,49.792796099767465],[6.3570471320514095,49.79213273587971],[6.3556070508804225,49.79126008884296],[6.356034617041998,49.79061236169983],[6.355295216541865,49.7899371007297],[6.353682894866457,49.78983617272595],[6.354658220553931,49.791145260330616],[6.353632301951029,49.79222377750683],[6.352882382197315,49.791174344389376],[6.352635422334698,49.78994276164553],[6.352773015251573,49.7891035142117],[6.354701584713743,49.78825158086131],[6.355418825803847,49.78839439323826],[6.357496628846546,49.7882539496889],[6.359247867213875,49.78856284152935],[6.362331659572193,49.78883143025668],[6.363946723811139,49.7883987863254],[6.364945309776742,49.78740802826362],[6.364093459389014,49.785740776997386],[6.363492203353447,49.78518307394192],[6.3626960611306105,49.785524707234515],[6.362215341515059,49.78494062544311],[6.363554488262183,49.78469376057859],[6.363723505258218,49.78439500308112],[6.362517182035114,49.78348612095883],[6.360185403408522,49.78255715643797],[6.3581722746163445,49.78143870098045],[6.3622042067378395,49.78258887960683],[6.364687505083767,49.78412654834443],[6.364929647733038,49.78479816695091],[6.366043966418021,49.78615938817287],[6.366057456983095,49.7866008208643],[6.3673998406245005,49.78899544800939],[6.367168729091356,49.79007075540022],[6.368099349359458,49.79012358010881],[6.3670622859670685,49.7918871765452],[6.368623250676474,49.79233945395417],[6.370680030169439,49.79068308593257],[6.371857933638972,49.79103694979245],[6.375157425142368,49.791139100479796],[6.375065014920964,49.7921746134609],[6.373857435810848,49.792878248043024],[6.372080168534205,49.79338439248871],[6.370744011266452,49.79442486962916],[6.370607855927741,49.795078291831125],[6.370339508425051,49.79616180963248],[6.368999783015218,49.796257754476585],[6.366578044974509,49.795532585265214],[6.3659768520475515,49.79534449631415],[6.364807441326532,49.795181124334356],[6.363195197431499,49.79526484140833],[6.363127125938773,49.79584336008823],[6.362423342017132,49.79654214534288],[6.362263899599083,49.79669850235344],[6.361829188842359,49.79714294539663],[6.3613399799143995,49.79766348506333],[6.360250545207152,49.798118258875334],[6.3575538947070145,49.798803735990674]]],[[[6.300331730200328,49.78636567913467],[6.300731871415792,49.786857553251],[6.301900658481652,49.787559003122645],[6.300839083947154,49.787118273739175],[6.300331730200328,49.78636567913467]]],[[[6.31486869379916,49.77598212701696],[6.316254517521845,49.77530894973122],[6.3164111475125315,49.77592817305609],[6.31486869379916,49.77598212701696]]],[[[6.290100731083137,49.75796574816664],[6.29054037133548,49.75644879713293],[6.291082729072138,49.75685363793808],[6.290100731083137,49.75796574816664]]],[[[6.341697759779782,49.787195723462276],[6.34030860877656,49.787412823981],[6.339760278639332,49.78668774433709],[6.341697759779782,49.787195723462276]]],[[[6.294895964968905,49.758118850295304],[6.294379079174047,49.75940492660397],[6.293364065697841,49.759267116223754],[6.293770637025053,49.75793103328722],[6.294895964968905,49.758118850295304]]],[[[6.28877488506304,49.7522194128009],[6.28956476199934,49.752560399192426],[6.290657886931441,49.75456536124595],[6.290529354575562,49.75630642658294],[6.289462473647924,49.75283046623733],[6.28877488506304,49.7522194128009]]],[[[6.352821592386871,49.76631349321537],[6.353740710645725,49.76738766246542],[6.353198991340289,49.7678658783016],[6.351164560110999,49.76698486069926],[6.352821592386871,49.76631349321537]]],[[[6.3591720312307904,49.79527199922579],[6.357956013464314,49.79503358905982],[6.357673518127086,49.79462531682079],[6.356610926466672,49.794325619671014],[6.35674759528455,49.79385120705685],[6.357720673455125,49.79362763956969],[6.358643860847478,49.794044954633904],[6.3591720312307904,49.79527199922579]]],[[[6.339875092770458,49.76880592393601],[6.341782930126365,49.769325008579386],[6.340319851482955,49.771195961068464],[6.33974637449935,49.76953414432354],[6.339875092770458,49.76880592393601]]],[[[6.35805262556099,49.78716474700806],[6.360907529526421,49.78773499128912],[6.3600646137228045,49.78814080176846],[6.35662423993699,49.78785395888673],[6.357057030700001,49.7871268950444],[6.35805262556099,49.78716474700806]]],[[[6.317384036938348,49.774161893896895],[6.316246369524774,49.7752167089917],[6.3143813486389515,49.77472861031145],[6.313379381863475,49.77348251920915],[6.316256577739115,49.77410807708878],[6.317384036938348,49.774161893896895]]],[[[6.352916116374372,49.79135198200923],[6.353859250724713,49.792551222207564],[6.353605762015437,49.79298346364003],[6.349664123093567,49.79196357003801],[6.350085928815884,49.79122387817364],[6.351924352931285,49.79112501028382],[6.352916116374372,49.79135198200923]]],[[[6.31537313469342,49.777048748666765],[6.313808694999963,49.77757133180256],[6.312656677121007,49.7766822259643],[6.314714139579641,49.77599775301098],[6.316699956582875,49.776270402982234],[6.31839425533367,49.77665594547694],[6.317047486922604,49.77737914954625],[6.31537313469342,49.777048748666765]]],[[[6.344051509272996,49.79533147541269],[6.345386030691238,49.79648878423342],[6.346265153435431,49.79699989421157],[6.345921717796193,49.798248337931206],[6.344605544732766,49.79929603942827],[6.343778634556533,49.79928057484542],[6.344233964716233,49.79803441504132],[6.344271028842652,49.79619897625665],[6.344051509272996,49.79533147541269]]],[[[6.328611728058078,49.78489642738269],[6.332770746993282,49.78681061933265],[6.3321198352552415,49.78712088533653],[6.331447008280395,49.78770297468152],[6.328758249518754,49.786983188844694],[6.327437906159036,49.78614738339386],[6.328611728058078,49.78489642738269]]],[[[6.355777618173777,49.78608946452413],[6.354194763776424,49.7853943764235],[6.353677737734536,49.784694111793364],[6.352469959852906,49.78418735279033],[6.353051456522054,49.78374227948533],[6.354375447155971,49.78431978167575],[6.355763743516425,49.78368553769759],[6.3584722659489,49.78468643285833],[6.35772104588144,49.78600304513669],[6.355992016651483,49.7857529975959],[6.355777618173777,49.78608946452413]]],[[[6.3752328473676485,49.78742355000858],[6.375367152718169,49.788415050519525],[6.374927502647961,49.788530630614154],[6.374077794713518,49.7873062919837],[6.373206483864421,49.78660416794485],[6.373332113182637,49.78532536414065],[6.372442866405222,49.78527987575086],[6.372884992541301,49.78456000390038],[6.37314681402568,49.7831030390513],[6.374291445414122,49.78321473279184],[6.374760498783217,49.78195399066438],[6.375586302444022,49.78164486327239],[6.376511246329501,49.78220189400693],[6.376012793291673,49.78281776711949],[6.375495657650627,49.78465527566381],[6.374788386874985,49.78467480105018],[6.3752328473676485,49.78742355000858]]],[[[6.333986494667447,49.78853994143386],[6.332635856597607,49.78899255305569],[6.331137138907265,49.788409430913035],[6.331685570080474,49.787498521697316],[6.333185071728638,49.78668125100215],[6.33380566625847,49.78589232194695],[6.334367111885888,49.786129642926454],[6.3359605789673195,49.785604042068776],[6.337331397346495,49.78624538255868],[6.337233927185947,49.78810282329122],[6.336800907378718,49.78849293243086],[6.3363116276133,49.78831881279845],[6.335748908829316,49.78871522576666],[6.334580886348387,49.788315198429075],[6.333986494667447,49.78853994143386]]],[[[6.348979158980103,49.771575591031706],[6.348124293929395,49.771897161038794],[6.347223176225761,49.77097554064225],[6.345865710023437,49.77102912888969],[6.344924510782822,49.76987958608224],[6.344270212412759,49.76822698814195],[6.3440072562405785,49.76560436323211],[6.344652623940673,49.764947890510534],[6.345241503290446,49.76522396571837],[6.344973588449234,49.76623391165381],[6.3454010600352335,49.767237124051725],[6.346051944560771,49.76804817231115],[6.348907378478591,49.77027277923885],[6.348161512505033,49.77106873120816],[6.348979158980103,49.771575591031706]]],[[[6.339523260875657,49.768900642906296],[6.34018421288249,49.771071651648285],[6.339506935284569,49.7712305745063],[6.340163362572256,49.77255533260468],[6.338115347621516,49.7722599204229],[6.335708649945133,49.771641435132906],[6.336090548695784,49.768781824816585],[6.339523260875657,49.768900642906296]]],[[[6.344456760992537,49.78845049758974],[6.340323354720358,49.79074723718775],[6.337019709187952,49.788904827157666],[6.336878422528973,49.78851997733222],[6.337308589080312,49.78812729358614],[6.337474867534834,49.78774826270472],[6.341594415841585,49.78770289156097],[6.344456760992537,49.78845049758974]]],[[[6.293409034874808,49.769501727265244],[6.294496520667521,49.7694391612979],[6.296612670696187,49.769670217416476],[6.2984710523995515,49.769538029929265],[6.298863241240953,49.77023990419626],[6.297089509195784,49.770422212042995],[6.294788451077841,49.77027180013404],[6.2940117320238675,49.77095062025532],[6.295404423773185,49.77326131983312],[6.295075915547484,49.774547833401755],[6.295143197001638,49.77539452130943],[6.29482213132924,49.776208544093826],[6.295261869717663,49.777445738590856],[6.2961932008675,49.77824164773859],[6.298319984397586,49.77852343317333],[6.2978255801720096,49.77928329468162],[6.295326172337942,49.778385236737634],[6.294851976535809,49.77804744467698],[6.292992483516426,49.77749759662501],[6.292276116808807,49.77743760773832],[6.292345254099577,49.7764680800075],[6.293138096385282,49.77608997308933],[6.293788308802471,49.7753935814315],[6.294184672469849,49.77442030621377],[6.2940040908156485,49.77289451462335],[6.292901387513858,49.77140632696563],[6.292751439521218,49.77023760397169],[6.293409034874808,49.769501727265244]]],[[[6.379459913896271,49.79663033637834],[6.377066696896377,49.79687988634533],[6.372987632750638,49.79681752821847],[6.371197962653416,49.796032782173896],[6.370862267391483,49.79447290787029],[6.372178236490581,49.79344820045459],[6.373928268171044,49.79295579003446],[6.3751760281616585,49.7922286739046],[6.375472212263564,49.79152044698717],[6.375140498073344,49.79095378697196],[6.374223427926303,49.790323528025915],[6.373714302639311,49.789172654909954],[6.375637668656766,49.78899871935507],[6.375349617461607,49.78956522875186],[6.376383157815834,49.79063118318861],[6.376635863253452,49.79125302469952],[6.376483746291878,49.79228008548214],[6.376040468641058,49.79281938462232],[6.374836699206193,49.79326124789912],[6.374628979274155,49.793812481526345],[6.372638002131357,49.794088239925806],[6.372835657353917,49.794628034039],[6.372209307305231,49.79514818681363],[6.3723803548555535,49.79572508863087],[6.374989750492639,49.79569326079755],[6.378978889697662,49.79628958728791],[6.379459913896271,49.79663033637834]]],[[[6.34450812306037,49.78860332458972],[6.345507732499637,49.79107483596747],[6.34547456701631,49.79227005744767],[6.344021568881913,49.79390324099038],[6.343776709333094,49.79477782241095],[6.344180792486798,49.796217236827594],[6.3441436205036235,49.797950204803506],[6.343680716137103,49.79926341362094],[6.342742991075388,49.7990857471633],[6.342318302945701,49.79837739878634],[6.338696221341836,49.7967627670714],[6.3401054066449785,49.794401726623825],[6.339395567395085,49.79429258428402],[6.339169319926,49.79290549899766],[6.3402734661935325,49.790987151831956],[6.340690354324674,49.790571082463885],[6.34450812306037,49.78860332458972]]],[[[6.292248029809687,49.77769011053853],[6.2929622498219135,49.77754790463171],[6.2948020114444105,49.77809095996143],[6.295283997977887,49.77843187522099],[6.2980291209744195,49.77945876847663],[6.299842109261824,49.78074134499981],[6.301027862152553,49.78329906876084],[6.3011145096129075,49.78406121128092],[6.3018665651788535,49.78502684259617],[6.30692217600061,49.78739603556868],[6.308790448551112,49.787738864769295],[6.310082246549118,49.78848897948095],[6.311345611800657,49.78875699672067],[6.312577835953912,49.78858168503467],[6.315283075798837,49.78683635463919],[6.316211669305234,49.78610897147306],[6.316830651828689,49.785342786128446],[6.317052638923376,49.784653140727364],[6.317764758562865,49.784120299124716],[6.318256871547913,49.78548939241658],[6.317200652208098,49.786958640654525],[6.313752619147178,49.789340418820856],[6.3117656116299,49.79006843450337],[6.3094753693626044,49.78987026032869],[6.306397696783827,49.788739271487394],[6.305509671358089,49.788671553146244],[6.304791129755456,49.7882448802923],[6.302900520306617,49.78754997743899],[6.301255570228151,49.787123660820704],[6.299715181406573,49.78566224295918],[6.298771466170936,49.78380789918201],[6.2985373431690705,49.782036753244604],[6.297374477818844,49.78070694456097],[6.29736462388505,49.780034626997576],[6.2965939717826025,49.7796557247029],[6.293983304429949,49.77816148840153],[6.292248029809687,49.77769011053853]]],[[[6.358034493148277,49.78066546288929],[6.356903491972387,49.780757540931525],[6.355182228574348,49.77997815080224],[6.353565963476657,49.77902626514446],[6.3522946891661105,49.77878199053888],[6.351589866909325,49.777887520628134],[6.349955985713043,49.77720908381094],[6.350035155468235,49.776668221218394],[6.351032684023465,49.77623103256393],[6.3502510905024465,49.77537165736571],[6.349261326357268,49.77472969184916],[6.347703615551653,49.77315281128052],[6.347280573010194,49.77306282081651],[6.345226942913261,49.77134791717263],[6.3467691504880595,49.771586635884766],[6.347720302028318,49.772619331426],[6.348076083031816,49.77194125110238],[6.350948149181684,49.77295661429291],[6.351456727508567,49.77344565661562],[6.351022151928395,49.77458248733068],[6.352007827344495,49.775664102595606],[6.352861025069083,49.77701594001268],[6.353595082770495,49.777808953361],[6.354235531382659,49.777503154690606],[6.35519559843593,49.777986494007976],[6.354231702453896,49.77885927587749],[6.355866777084704,49.779824555336404],[6.356141008502357,49.779704992335105],[6.355715330279669,49.77791964231617],[6.355295648987266,49.777765648110226],[6.355054638769036,49.7758224480561],[6.355563199613675,49.774321961604876],[6.355189748028836,49.773720405304964],[6.35590585029917,49.772563035763156],[6.355588443927173,49.77036004249244],[6.356435461014597,49.76851828275408],[6.356517565602883,49.767753309005876],[6.355929335232104,49.7667250399051],[6.356176339686757,49.766020229823255],[6.358254990995818,49.76730982459429],[6.359237120284579,49.767062053023984],[6.360345626317189,49.76644006526864],[6.362163628134194,49.76514268309355],[6.364213485055094,49.76590768421728],[6.363216096937118,49.76591165897045],[6.36269909765141,49.7660409801675],[6.361374798586785,49.76751801557593],[6.359999475311147,49.76822020983004],[6.359763988663526,49.768809816405266],[6.360465423236259,49.77049081186231],[6.359680186655746,49.77114702422545],[6.360675217992059,49.7718010333663],[6.362052807945014,49.771947287031416],[6.363677311366637,49.771809742009985],[6.363279403119723,49.77264145417813],[6.3652089855263085,49.772472872423975],[6.365541666924447,49.772976170639026],[6.363848400761485,49.773195693459215],[6.362483608420008,49.773673025864035],[6.360824467853022,49.773992962444076],[6.359353095341905,49.77409595052026],[6.358425298206237,49.77486546255683],[6.358667164964267,49.77600679900028],[6.35825063405376,49.77647763041349],[6.357778573741117,49.77973011546646],[6.358034493148277,49.78066546288929]]],[[[6.314428769572238,49.79011665904332],[6.314242814828561,49.78995961137276],[6.311856790307265,49.79011315374973],[6.313810812406993,49.78937911398667],[6.316705946395876,49.78746661563297],[6.317417834673989,49.78681334772462],[6.318337248738412,49.785503873530274],[6.317840542196771,49.78409786217415],[6.317367306271562,49.78343495056631],[6.31704680904963,49.782033370655306],[6.318125164566934,49.78131227078653],[6.319988869256956,49.78044411138096],[6.322046997601916,49.780097445032325],[6.321987899627541,49.780642267857324],[6.3247486205629,49.78047630835492],[6.326219009570337,49.78000234302341],[6.328042302897993,49.77880080169295],[6.329606034900072,49.78013263210424],[6.331120936337664,49.7807847734152],[6.3324361078016,49.78099360296876],[6.334222785251953,49.78093507351445],[6.33646120314014,49.781566447293265],[6.334931583943538,49.78179951620074],[6.334523368106929,49.78247087924131],[6.331037727085726,49.78189465495893],[6.327662361286993,49.78229002423134],[6.325503324275722,49.782758550842914],[6.324565109486655,49.78418545580926],[6.323969081046445,49.78471063369795],[6.324331591521771,49.78543426172465],[6.3245816288860395,49.78737553538827],[6.3232951382268805,49.78748078300366],[6.323062518457867,49.78863837697076],[6.324134537417194,49.789724697732915],[6.325858297130417,49.79061344611666],[6.327964262806742,49.791435176780745],[6.324221611997198,49.790364776277976],[6.322943232676974,49.78980885880909],[6.31831154861413,49.78844835655802],[6.317312480038173,49.78808166998255],[6.315307957554066,49.789146567059554],[6.314428769572238,49.79011665904332]]],[[[6.313703085964399,49.787782296743586],[6.312524052102427,49.78854040474996],[6.311363054240299,49.78870423977355],[6.310123788946981,49.788442169298484],[6.3088373020247515,49.787694182648316],[6.306968389985035,49.787351110430805],[6.302203711723001,49.78518305632073],[6.301108435502213,49.78384289897954],[6.30106034878876,49.783107621127776],[6.300011594171546,49.78083485499052],[6.300775305464033,49.78102052334673],[6.301783122308231,49.78237773081053],[6.302506754037229,49.782386544165284],[6.3033704939850415,49.78314332332498],[6.30382108186893,49.78396921467707],[6.306909497251582,49.7857102224761],[6.307783111700826,49.78512429260868],[6.309968528909149,49.78585956960343],[6.310573730312947,49.785242546425046],[6.311661118362451,49.78568409144024],[6.312176566615143,49.785285426520645],[6.313378467128086,49.78513688478416],[6.309968708726237,49.783467290178116],[6.308527592258502,49.782408283401935],[6.30773568393408,49.78250987637804],[6.306580976722601,49.781483483980786],[6.307430453521588,49.78101375502767],[6.308708873032363,49.77987524107116],[6.309190964381178,49.77893202719048],[6.309954828995092,49.77893594461335],[6.310822527850919,49.77980600771837],[6.311206838579466,49.78106347124878],[6.313082682851094,49.78245860046272],[6.313891309243456,49.78389928358536],[6.314641428028655,49.78404841615156],[6.315094056588869,49.783384620391914],[6.314793690299413,49.782284555459086],[6.312924677491073,49.78095796529547],[6.313096736888343,49.78000999811925],[6.3125457393205995,49.77857355092881],[6.314373202858354,49.77899777363229],[6.3152452875401925,49.77801752713419],[6.31589429014906,49.77994052540163],[6.317280933128751,49.78042848577503],[6.31943884882253,49.77909743513785],[6.321031511511819,49.77852087179286],[6.322551701666722,49.77714078677589],[6.323716403655436,49.77707276274105],[6.324687662125077,49.77768073168984],[6.326818831250037,49.77839129017234],[6.326679436554494,49.778812479750265],[6.325053187426018,49.77963026106653],[6.323150216734754,49.77985659260985],[6.319958025070413,49.78039394410018],[6.317081249114823,49.781698383401114],[6.316554717387088,49.78240167937342],[6.316969477572119,49.784649763855604],[6.316754651734051,49.78532064016871],[6.315849974159485,49.78636203705455],[6.313703085964399,49.787782296743586]]]]},"properties":{"prie_denom":"CONSDORF,CNE.","SUM_surfac":655.36,"pygeoapi_id":16},"id":16},
{"type":"Feature","geometry":{"type":"Polygon","coordinates":[[[6.152533247236362,49.83776399365728],[6.152999201837793,49.83580807699115],[6.152754466661526,49.83498793627627],[6.153162558329989,49.83582265668355],[6.152533247236362,49.83776399365728]]]},"properties":{"prie_denom":"DIEKIRCH,CNE.","SUM_surfac":422.88,"pygeoapi_id":19},"id":19},
{"type":"Feature","geometry":{"type":"MultiPolygon","coordinates":[[[[6.37842978311945,49.76871194217258],[6.38057408521503,49.76995683143458],[6.381508103514319,49.77405193661104],[6.376114605363619,49.77158415774738],[6.37652627211888,49.771244184532705],[6.37492314481543,49.77031335193032],[6.375953385221133,49.768922122238884],[6.37842978311945,49.76871194217258]]],[[[6.38936085311301,49.812990514479495],[6.388448298934211,49.81064120614796],[6.389317929956303,49.809769108335374],[6.393055201959633,49.80790247417668],[6.3942101535484985,49.80690746429697],[6.395630563606,49.80596047864623],[6.395016254019849,49.80554350296006],[6.395798348312153,49.80499535320833],[6.396267378673159,49.80476452128518],[6.3972468917138405,49.804575742665044],[6.398386322464225,49.8050112169595],[6.39925844303213,49.80602615057422],[6.398364937814768,49.8067512294027],[6.399110530622767,49.80725434817816],[6.399891342587678,49.807705927929106],[6.404846776492555,49.80910394368671],[6.406811692086939,49.81050250179984],[6.407800644135475,49.81176478835453],[6.409202726704719,49.812756420542655],[6.409815136685559,49.81403700688546],[6.411619453417746,49.814031112355586],[6.411675553679054,49.81446599986636],[6.410093659912788,49.81432563446665],[6.409915307160932,49.81478297813029],[6.407989542615857,49.815708202707555],[6.40684362089828,49.81578696425236],[6.407089243991335,49.81634473142124],[6.404850429286064,49.817658330225406],[6.403285712036951,49.8179349831292],[6.403057405398983,49.817909709361444],[6.40243629119352,49.81782925335221],[6.402104732212317,49.81808643010337],[6.398734591399443,49.81930419892162],[6.398419267619688,49.818728174673886],[6.394956952052669,49.81985513042898],[6.391841383870224,49.81835781736202],[6.392296751248436,49.81751616529062],[6.392960213700176,49.81706252645427],[6.390525495687403,49.81671100301752],[6.38915972779601,49.81723233965881],[6.389583021605356,49.81474723866644],[6.38936085311301,49.812990514479495]]],[[[6.376204766713293,49.80803959966211],[6.377837756515507,49.80737855919398],[6.377865388717756,49.80695927248191],[6.379028040690001,49.80673957844733],[6.378967462822474,49.80747018379839],[6.383194917097719,49.808509192015556],[6.3834155991713875,49.809046967537654],[6.3817284591354575,49.81099404896295],[6.379646435765678,49.81007253230443],[6.376204766713293,49.80803959966211]]],[[[6.4071427419068065,49.80090735446763],[6.407208161827689,49.801552842296225],[6.4055437631488905,49.80155664648247],[6.405075564502165,49.80089909599904],[6.4071427419068065,49.80090735446763]]],[[[6.407299772027499,49.80029547264357],[6.406976040515251,49.800754804239276],[6.4051549997979365,49.80075763125137],[6.404503883836318,49.80003129358485],[6.407344602403276,49.800001859819396],[6.407299772027499,49.80029547264357]]],[[[6.3983089688850425,49.79950561864072],[6.3986084218743455,49.79964488972378],[6.397633827158814,49.80099816308332],[6.39666238584264,49.80035773437854],[6.397580014269573,49.7992003425877],[6.3983089688850425,49.79950561864072]]],[[[6.380741993980889,49.77000631926897],[6.382384455476532,49.77111458572333],[6.38372348853633,49.771830598818106],[6.385539279198563,49.77256126836629],[6.383902966795876,49.7730686278491],[6.382715268081209,49.77454324985339],[6.381666072025223,49.774140434366565],[6.380741993980889,49.77000631926897]]],[[[6.409581190358037,49.793483290546554],[6.410911420277613,49.79422028493677],[6.410032058663455,49.79448268200968],[6.409041890778689,49.79564464589862],[6.408961623233089,49.79634429168096],[6.409813338526342,49.796461818784174],[6.409333736673884,49.7973321796706],[6.408075680448599,49.798112117084834],[6.40653086142374,49.797689889335686],[6.40766161352042,49.79557778695893],[6.407693940347301,49.794910121465186],[6.407704617265917,49.79442981473741],[6.4086381443202205,49.79317218023918],[6.409581190358037,49.793483290546554]]],[[[6.460299474127727,49.79368286230199],[6.460784638129618,49.79514501269405],[6.460650370809806,49.79586403310948],[6.459813200413509,49.79667239528802],[6.458537937198041,49.79730552272678],[6.455476357308732,49.79828766345286],[6.454955704130963,49.797180011418774],[6.453550238293524,49.79670959120221],[6.451834012689223,49.79643762366138],[6.451669440020389,49.79570977688759],[6.4519594674633165,49.793814359807946],[6.453456995190748,49.79321440521612],[6.4547581961887035,49.793684905710506],[6.4556724875674725,49.792752452241736],[6.457823427423077,49.791611491802364],[6.4594495589388305,49.79205639905181],[6.460299474127727,49.79368286230199]]],[[[6.470844936575519,49.80143395962147],[6.4700945369583795,49.80217812957172],[6.469045334627625,49.80277713144476],[6.465807603544871,49.80214268184635],[6.464221185533466,49.80156119256897],[6.460158030963427,49.80038790554151],[6.458478197971397,49.80021331398818],[6.457479528007393,49.79973229843284],[6.4557101778193555,49.79831234017379],[6.458601197853863,49.79738556996985],[6.459913349520217,49.79673469808464],[6.460782482114019,49.79589208765692],[6.4609218400359385,49.7951304911672],[6.460019310133593,49.79290748762312],[6.461316064482768,49.792750584675474],[6.461947932984357,49.79365902155819],[6.462910031315879,49.79416877281392],[6.46528794671592,49.79460781228345],[6.466336793912655,49.79370163101176],[6.467158488668388,49.79409476149468],[6.469255588174624,49.7956356400698],[6.4705330713409905,49.79771509592028],[6.470779700743947,49.79835827628971],[6.469895663679455,49.79864232745432],[6.470147981591732,49.80007844198011],[6.470818309881977,49.80120758886713],[6.470844936575519,49.80143395962147]]],[[[6.411599522777721,49.79139003786724],[6.409596659807136,49.79209923617098],[6.409042084597284,49.79247604361584],[6.408502088430101,49.792495492290236],[6.407586571221071,49.79328079298358],[6.406813149855681,49.79433156749433],[6.405589592315535,49.79519447615542],[6.405146014547835,49.79686727062687],[6.404663043675625,49.79821745695889],[6.407752039068864,49.798934823595204],[6.40736770344927,49.7998157130885],[6.404260477275204,49.79985548553168],[6.402628611364111,49.800259704290085],[6.401953926060659,49.79836786136902],[6.3984435316700745,49.79702252717062],[6.395924819365891,49.79592918624712],[6.395117573168712,49.79687186774616],[6.396938115206828,49.797033342953334],[6.398384350836859,49.79768810241082],[6.397369710015042,49.798699495530904],[6.395747894630818,49.79847956076052],[6.3943355862804845,49.799448488654576],[6.392835986568666,49.79873663777197],[6.392459766789099,49.798146904165456],[6.392745699396929,49.79747695306662],[6.392541364326958,49.796831933692694],[6.393031407692445,49.796007780417526],[6.394091836388653,49.79544139039601],[6.393134078640691,49.795014249281714],[6.391951824249077,49.794120001934374],[6.392220266105609,49.793185668313356],[6.3929219252678795,49.79187597319942],[6.394918803813305,49.78931782177184],[6.389719227244632,49.78550683770455],[6.388537147425945,49.784052781417905],[6.384790465552514,49.782066761359665],[6.384689175643524,49.779846367004986],[6.384101511515535,49.77780222336942],[6.387287889969673,49.77743896102905],[6.3901659864037414,49.77783085043145],[6.391178517387541,49.77613962556487],[6.387798214598118,49.775349798604424],[6.384044879595349,49.775002557096336],[6.382838719868479,49.774584374971546],[6.383985484968202,49.7731409578906],[6.3856653522642635,49.77260397241554],[6.387929486549954,49.77319923863773],[6.394357579985005,49.77417978250299],[6.39656504530436,49.77423237279699],[6.3972260341459,49.773772773183325],[6.399592540092081,49.773963274930914],[6.401699751211986,49.77422885705846],[6.402256358191398,49.774734502365334],[6.402189184743899,49.77575569891755],[6.40345098640493,49.7778182842027],[6.404540320519002,49.77869216203153],[6.404316172827561,49.77971599294477],[6.407404897901842,49.78091504849675],[6.409002160301928,49.783172602595684],[6.4108949924421506,49.78504718148039],[6.41235310277167,49.78619540644739],[6.415339610054974,49.78543999581833],[6.416643058614206,49.78640950121603],[6.416112950240253,49.787377469098956],[6.4162386229453015,49.787997577986935],[6.414449685239776,49.78818129865994],[6.4134919703369215,49.78738403083379],[6.412690865352075,49.787820837300856],[6.412067484144987,49.78889133445403],[6.414113301199896,49.790602893427305],[6.41270347101251,49.79136472428172],[6.411599522777721,49.79139003786724]],[[6.411599522777721,49.79139003786724],[6.413911683681405,49.79046102467241],[6.412868626364545,49.78963529454727],[6.412167801981684,49.79025401886153],[6.411599522777721,49.79139003786724]]]]},"properties":{"prie_denom":"ECHTERNACH,CNE.","SUM_surfac":664.22,"pygeoapi_id":23},"id":23},
{"type":"Feature","geometry":{"type":"Polygon","coordinates":[[[6.143133077814795,49.83612056096183],[6.142769229357313,49.83506042420909],[6.143142178690353,49.836064563546046],[6.143133077814795,49.83612056096183]]]},"properties":{"prie_denom":"ERPELDANGE_SUR_SURE,CNE.","SUM_surfac":124.84,"pygeoapi_id":25},"id":25},
{"type":"Feature","geometry":{"type":"MultiPolygon","coordinates":[[[[6.1899630913285035,49.75496189243635],[6.191235441270922,49.75520174452717],[6.190875271426555,49.75612340352048],[6.188734365736641,49.75652148430381],[6.188571422537008,49.75358382602276],[6.190506596892742,49.7531800343511],[6.1899630913285035,49.75496189243635]]],[[[6.163803932603972,49.74903347951013],[6.164086867068562,49.749482859944905],[6.161375740245461,49.74994237889971],[6.159952350389371,49.74967512114003],[6.1586477550334955,49.748981144491694],[6.158657346375878,49.7484669347384],[6.157549325551439,49.74726000778402],[6.157352488614448,49.74649838747243],[6.158635596035985,49.74588059085886],[6.159460389995846,49.746632900470885],[6.160393065320009,49.74715931033126],[6.1613038033510605,49.7475228516606],[6.1622500509399805,49.74777280716155],[6.163803932603972,49.74903347951013]]],[[[6.164157537662896,49.74343352592991],[6.162983661110526,49.743748807088046],[6.1617961828093435,49.74380981920508],[6.162156015563592,49.74505435556018],[6.163474218064764,49.74520170840996],[6.163163279991238,49.74602094624008],[6.164052931518346,49.74677700242676],[6.163391615003685,49.74765135690514],[6.162203049626663,49.747352569203656],[6.161324183165178,49.747484902374275],[6.160325886666736,49.74708394670298],[6.159544749038472,49.746630388060545],[6.159158811243146,49.7457715456051],[6.159685185264698,49.744465459689025],[6.158782259634859,49.74432816678601],[6.159872506562124,49.74350924410872],[6.160108658492676,49.74339116364484],[6.160770208458755,49.743252735501756],[6.163369885020304,49.74334828553212],[6.164157537662896,49.74343352592991]]],[[[6.1784734406764885,49.750219408318024],[6.175933973478895,49.75052853126966],[6.175914406369522,49.749930239392945],[6.17746733088357,49.75007615603447],[6.1785611006058945,49.74913558247114],[6.178703698535427,49.74755822381814],[6.180061911823007,49.74749567094936],[6.179684449119423,49.74675506156558],[6.178217750309289,49.74683821414133],[6.17740741808506,49.746580643115195],[6.17631903677027,49.7467676954122],[6.174863956805289,49.74652697219694],[6.1749561478222,49.74611851072883],[6.172519407353014,49.746228360825185],[6.171857872524297,49.745540616407126],[6.170990136090354,49.74527194181461],[6.170324133936257,49.7457694458802],[6.16884186131153,49.74520994095521],[6.167699792674601,49.745039627036924],[6.167833471577422,49.74438917369244],[6.1690962723655,49.744443656356],[6.173569576274324,49.74439835339685],[6.17634719240617,49.74492613803896],[6.179232434162748,49.7453498872478],[6.179913288852772,49.74555440191903],[6.181978504756392,49.74564498486967],[6.1823265130576415,49.74617893503932],[6.180485605474887,49.747726649678896],[6.179355476457508,49.748099077368295],[6.178839349635688,49.74856316082871],[6.1793641626728455,49.74941949507213],[6.1784734406764885,49.750219408318024]]],[[[6.202882494318773,49.74035046765507],[6.202107848708183,49.740277155270086],[6.201245639576741,49.73967012368668],[6.20069325481994,49.73890085617257],[6.199777593662143,49.738220268028535],[6.198724795227848,49.73708853771166],[6.198055503804195,49.73592585086066],[6.195536858356881,49.73433709540826],[6.19542558960556,49.73209520097021],[6.194129961351039,49.731332104647024],[6.195645253403744,49.72968083155496],[6.196611969009161,49.73057061474167],[6.19644195477855,49.731174708968695],[6.197616805653284,49.73142998398113],[6.198516864958568,49.73193802107955],[6.19839095826514,49.73331072653696],[6.198669785755606,49.73378016852004],[6.200931971393834,49.73524905602997],[6.2012095833781995,49.736057073432406],[6.200856376439286,49.736807091227796],[6.2018282257432995,49.73762956364973],[6.2021217558399035,49.73780708281555],[6.2022903618034535,49.737854424304935],[6.203139161630847,49.737995082435695],[6.203094702179133,49.73853970333749],[6.203434076290979,49.73860848307123],[6.204275197344019,49.73856307305265],[6.204766632137659,49.73940953814048],[6.202882494318773,49.74035046765507]]],[[[6.172298011854729,49.74047699369467],[6.175872173539772,49.74031607923408],[6.176296199428226,49.73970615102584],[6.177178668516318,49.74016462465554],[6.179050311504414,49.740567148505406],[6.182103348222214,49.74180259433765],[6.183364851301435,49.74258120632873],[6.1827913348397985,49.743309076262754],[6.182306426282704,49.7445235345869],[6.1809949965617195,49.74377459377809],[6.1809175228593825,49.74463036226204],[6.1800127965221945,49.7448465641197],[6.174558420446886,49.744002519841494],[6.172024016035876,49.74386371289051],[6.172024016341031,49.743863710209],[6.172024145483461,49.74386257538637],[6.172298011854729,49.74047699369467]]],[[[6.183555126929905,49.7441105934269],[6.18270581646288,49.743960799576634],[6.183570882081268,49.74263270613998],[6.182181968210077,49.74177722398498],[6.179130075875646,49.74054456833734],[6.177215054233719,49.74012433306183],[6.176326403095523,49.73965210188436],[6.177215466571637,49.738790602950864],[6.175826677513828,49.736740252329014],[6.176726491157686,49.73607444075903],[6.178688652002193,49.735049759110794],[6.180447316351257,49.736992246286306],[6.1823761241792,49.738258204942255],[6.184343176103942,49.738967107171156],[6.185001778161663,49.73984776828348],[6.1842722137984785,49.74025372549641],[6.185477670669564,49.74083268184947],[6.1864091622301585,49.74198928208846],[6.186555303530176,49.74253305565365],[6.18580849040849,49.74309927751122],[6.186071932824115,49.74361407596983],[6.185262802892776,49.74409739055501],[6.183555126929905,49.7441105934269]]],[[[6.22461984028743,49.74149625186816],[6.225301531768584,49.742287013099435],[6.225318217781665,49.74293799756241],[6.2253438214925465,49.74319751857354],[6.2253714884280384,49.743363062652534],[6.225854499751704,49.7457496115641],[6.226212602275328,49.74637551156037],[6.224646503547893,49.74643843909837],[6.222581972639646,49.74614402912347],[6.221416077196168,49.746247098562336],[6.21781091514887,49.74625970030658],[6.217133049336139,49.74600972388707],[6.213340090197896,49.74628072132688],[6.213244482038617,49.74606869617359],[6.214653264978892,49.74528125759341],[6.215602515430376,49.74412622807013],[6.217485025012693,49.74345696739851],[6.218262286461728,49.74232382704704],[6.219467058057721,49.7415783670708],[6.220132101393191,49.74039712334249],[6.222255567376192,49.73949900702161],[6.223026147227105,49.73931833141043],[6.224294877366075,49.741126842065704],[6.22461984028743,49.74149625186816]]],[[[6.188533327700643,49.75547232756573],[6.1886863676911865,49.75749379759912],[6.1883635188078046,49.7596128369939],[6.185456917209236,49.75995946446507],[6.184236081246807,49.75931900167496],[6.184081301216873,49.75770616057675],[6.1834234081244865,49.756539345051],[6.182934272734423,49.75636684004962],[6.182153199308752,49.754687532353515],[6.181517732938924,49.75474076004545],[6.1821984750601935,49.755983663108815],[6.1811819354465865,49.7562488089619],[6.179689453357042,49.7551121058681],[6.178795525062229,49.75536237904649],[6.178424883351302,49.75608480935989],[6.1773462375714825,49.756743274038314],[6.175601332567571,49.75590609099884],[6.174514729557111,49.75564672155891],[6.176402659681045,49.75438875954903],[6.177951699379559,49.75443197197861],[6.1780952678901055,49.75396621995825],[6.17634621050609,49.753722395359574],[6.175274176463897,49.75337364257019],[6.178939375420606,49.752762986304546],[6.178929285925176,49.751749494640414],[6.178516315611962,49.751477052793746],[6.1751703148722585,49.751088480230294],[6.173369462913409,49.751294346314985],[6.17338639586787,49.75212915053888],[6.172342839444857,49.75208279793556],[6.17167609213077,49.75156537813474],[6.172793413912959,49.751102468189345],[6.174505205770232,49.75092188660745],[6.174628750841767,49.75036827980466],[6.1758169916841075,49.750571975344],[6.178641365946317,49.75021057879331],[6.1791947042075925,49.75109559839699],[6.180149919421169,49.750024178416204],[6.181067435157103,49.74976148155503],[6.182135043992923,49.74999003671623],[6.184067991805409,49.75134499262469],[6.18230228134492,49.752195149274264],[6.182535989848235,49.752764275097206],[6.180978450541401,49.75365898769816],[6.18232203785633,49.75425108841185],[6.183841768631484,49.753953577198814],[6.185993076399862,49.75310999043729],[6.188504942520136,49.7536558709421],[6.188533327700643,49.75547232756573]]],[[[6.205695133437941,49.74206889105731],[6.205585515988021,49.74227165928126],[6.205625177871734,49.74278414918107],[6.206613577169173,49.74389695241236],[6.205112646378504,49.744532077966255],[6.204819560128466,49.74591338487232],[6.200381721129632,49.74475142556925],[6.1978097586616805,49.743856626004664],[6.197220136305016,49.743011452195304],[6.19656760346379,49.74276377593537],[6.195738894521178,49.743423608819434],[6.194852249780018,49.743278948647465],[6.193620146505146,49.74242266706083],[6.192485746981166,49.74295547703181],[6.191380562127317,49.74244348002266],[6.18887774685107,49.741717892104795],[6.188146744935225,49.74116694407449],[6.1870672256312425,49.740794830472744],[6.186206637856502,49.7400727583207],[6.186432814561437,49.7395708296978],[6.187742057425977,49.739005134097596],[6.188900820260891,49.738789454474244],[6.188746288740624,49.73819928205612],[6.186317651302824,49.739200163339554],[6.183588496691412,49.738176744391936],[6.184395439662028,49.73659262496318],[6.183594879847244,49.73606225241653],[6.183278807843652,49.73814998913767],[6.1820820958283536,49.7374232559664],[6.182829755454104,49.7364212629765],[6.181434326953127,49.735726024894326],[6.180605685450539,49.73610966904007],[6.179331083694582,49.73472194068451],[6.181249618108641,49.73371308440263],[6.18289195713773,49.73448212356881],[6.181107127309889,49.735231636720194],[6.183124864996563,49.73599217353807],[6.1831230032760995,49.73555053432257],[6.183954180601184,49.73497379459667],[6.185043836578183,49.73500555697496],[6.1857544590177795,49.734362365734604],[6.186748305044587,49.7340684057308],[6.188138298841462,49.73430071809811],[6.188999311789903,49.73383356011487],[6.189854818017338,49.73460426416338],[6.190600674004226,49.73479791237087],[6.191485636122311,49.73580430144223],[6.189590207705096,49.73576097797244],[6.1885985051147685,49.735506217594136],[6.187982634690563,49.736629717629924],[6.189546451306006,49.73716648047539],[6.190583732526776,49.736931922075385],[6.192157573496279,49.737302549089115],[6.192553389865477,49.73790300626934],[6.191996249459124,49.738498184176095],[6.192957813617361,49.73874536854051],[6.193558816866903,49.73928282622056],[6.193743588508029,49.74001839959569],[6.195800274539415,49.73919299566004],[6.196930249311379,49.74023831053046],[6.199986059965732,49.74036023915749],[6.201744128622507,49.74123311453483],[6.202717993554416,49.74078713444238],[6.204592995256037,49.7411617848005],[6.205695133437941,49.74206889105731]]]]},"properties":{"prie_denom":"FISCHBACH,CNE.","SUM_surfac":313.68,"pygeoapi_id":30},"id":30},
{"type":"Feature","geometry":{"type":"MultiPolygon","coordinates":[[[[6.392719234935728,49.76640458876369],[6.391174905071596,49.76511489140038],[6.392919491676464,49.76610194516455],[6.392719234935728,49.76640458876369]]],[[[6.392719234935728,49.76640458876369],[6.391518690227995,49.76721446975454],[6.3909413719326205,49.7668796910851],[6.391618345696406,49.76579922012281],[6.392719234935728,49.76640458876369]]]]},"properties":{"prie_denom":"GREVENMACHER,CNE.","SUM_surfac":684.2,"pygeoapi_id":35},"id":35},
{"type":"Feature","geometry":{"type":"MultiPolygon","coordinates":[[[[6.238911562918109,49.746648358572],[6.238104208926062,49.74805048011974],[6.237974481562476,49.74886931144429],[6.235558491525197,49.748831446895366],[6.235082348590769,49.74925529165383],[6.233181078525102,49.74911834886591],[6.23122246075353,49.7484272109726],[6.23069390091847,49.747610739451474],[6.2310172207516485,49.74771702445622],[6.235212686410778,49.7473719519751],[6.237612644341188,49.747039906151954],[6.238911562918109,49.746648358572]]],[[[6.22912965050511,49.74970529862974],[6.22860523262447,49.7508571117485],[6.228044619015903,49.74981387787171],[6.228253321990232,49.74906336130901],[6.229027521372592,49.74846901958193],[6.230170194367488,49.74881212203143],[6.2313155579319295,49.74886822585408],[6.232314376168815,49.75028089070362],[6.23086732656117,49.75060723838926],[6.230230312620382,49.75000389690555],[6.22912965050511,49.74970529862974]]],[[[6.267785251048704,49.75161145559368],[6.266020005330496,49.75196979698402],[6.2643478356880005,49.752067552548795],[6.262564665302043,49.751679107170716],[6.262616897226246,49.75128778533794],[6.264668465538448,49.75145226528142],[6.266940508540991,49.751051590708855],[6.266958145811844,49.750681072542335],[6.264954252835573,49.750628551549454],[6.265245704104256,49.75009872296634],[6.26237651299268,49.749127452666066],[6.25976198919785,49.74738331704866],[6.259365192929848,49.74644877108478],[6.257618170781331,49.74590800281742],[6.257197271178797,49.745265399015615],[6.26151283124534,49.745488714614055],[6.262716033880566,49.74513286250273],[6.264225668937986,49.74434149739954],[6.264576829095111,49.74531292768293],[6.265430072477214,49.74573422985814],[6.265213849799181,49.74728421295917],[6.266130951305199,49.748618770981736],[6.2675368504716245,49.7495516162755],[6.268934436518052,49.75074218369702],[6.268751897255108,49.7512359485963],[6.267785251048704,49.75161145559368]]],[[[6.2728333399803535,49.75756011625445],[6.2737241707661875,49.757771248424774],[6.275148005725173,49.758157907607476],[6.272774784324161,49.75757154870418],[6.2728333399803535,49.75756011625445]]],[[[6.239284991805971,49.75963080700308],[6.2401435759103645,49.76012700970955],[6.241104784524882,49.7602852675815],[6.241970094929495,49.76105108909784],[6.240486223624459,49.76260051283621],[6.2382657159800425,49.7616314721727],[6.238485946000702,49.76106902026106],[6.2377207088866236,49.75961747412595],[6.235658333893992,49.75823215428659],[6.236301388576129,49.75789416919427],[6.239396874570828,49.7592353089604],[6.239284991805971,49.75963080700308]]],[[[6.277211631353846,49.76316082450477],[6.2757047950597515,49.76329179082909],[6.274875641432208,49.76124617780887],[6.2740860192274575,49.760050924471635],[6.273902975487647,49.75936609718095],[6.271031330228568,49.75873709695053],[6.2712505935190554,49.758392535754396],[6.2701461342069456,49.757240549117014],[6.268498377685188,49.75705169712517],[6.269313676185963,49.75651676054913],[6.268446651135822,49.75521134146171],[6.268976697749255,49.75497891509707],[6.268219257209932,49.754102707344906],[6.2690930895970585,49.75353868617092],[6.269791992910855,49.7537560347646],[6.270106100861007,49.752880843709406],[6.268511966599852,49.75225319946499],[6.267201357469397,49.752538511326634],[6.267018482869058,49.75205433922486],[6.268802114460488,49.7512713480398],[6.269219376099423,49.750659626155205],[6.270263452095371,49.75189195351395],[6.271096203846243,49.752293885381114],[6.271791887454796,49.7531205965622],[6.271265393543754,49.7545840411114],[6.2721156675115886,49.755564534983776],[6.272156342297021,49.75739856404323],[6.272445144026629,49.75765640382698],[6.275266761513932,49.75836863976786],[6.276444085478105,49.75938804592177],[6.277470875903758,49.761206866178455],[6.278917468708468,49.762696994826],[6.278821837609936,49.762962555503485],[6.277211631353846,49.76316082450477]]],[[[6.2297562010034735,49.766083950703255],[6.227951347603135,49.764813675442085],[6.226930479474605,49.7645306213021],[6.22574471459517,49.76310563680904],[6.225691661357175,49.76180883584713],[6.222199303712153,49.760337980611766],[6.221904920702785,49.759660633247734],[6.223924206566828,49.75901412534986],[6.225251306554459,49.759047273504024],[6.2270940342365115,49.75877445497694],[6.227817284461581,49.756663740379956],[6.228301106188431,49.75712274977683],[6.229435248314606,49.757535207539206],[6.230420113510303,49.75732745426012],[6.231410489672239,49.75750633324636],[6.231757650553156,49.75902351269346],[6.231537522915475,49.75985159497995],[6.232509806842919,49.761151026126285],[6.230157421236216,49.761994582774086],[6.227279229346923,49.762752953039815],[6.228404493323846,49.76389464061502],[6.230020407567952,49.76476902656217],[6.230452928514618,49.765208349561085],[6.229680960455259,49.76559191310316],[6.2297562010034735,49.766083950703255]]],[[[6.252806648132523,49.7638636304147],[6.253525424161966,49.762577597880934],[6.254117147904147,49.762056770125135],[6.256908959636207,49.76272310595835],[6.258085369205564,49.76390033896028],[6.257657446979368,49.765576060757105],[6.254412191032065,49.76474757377597],[6.255119438781827,49.76396447641691],[6.252806648132523,49.7638636304147]]],[[[6.273841079897014,49.76635307710426],[6.2741173984446705,49.767090604170306],[6.270993492805773,49.76531920769626],[6.2676914882073795,49.76376303005654],[6.267646348215195,49.762673208781294],[6.268932074383256,49.7625028036944],[6.268244652265544,49.76127950652275],[6.270542034344365,49.759538369230704],[6.272386095859631,49.759862625454915],[6.2733274512962565,49.76041730678539],[6.2724172561590645,49.761289133606724],[6.271272954123246,49.761906153129694],[6.2699664104206665,49.76193195384118],[6.269170524693157,49.763259055474],[6.272098532598761,49.76526894333009],[6.273841079897014,49.76635307710426]]],[[[6.228776668864794,49.76954213139022],[6.228035693049152,49.7703197714088],[6.227224648815842,49.77015353271778],[6.2285853202909305,49.76893035819674],[6.228776668864794,49.76954213139022]]],[[[6.258507885236112,49.7720379888805],[6.263329990021218,49.77357375513676],[6.262956889908097,49.7740297150818],[6.262085751625593,49.77381923893367],[6.2597132156927655,49.772881174423304],[6.258507885236112,49.7720379888805]]],[[[6.252747538399883,49.7756314407181],[6.251242166730183,49.77495815085755],[6.25201365514546,49.774267414267115],[6.254757113326764,49.77476894578588],[6.254470582006957,49.7753950076531],[6.253164374270115,49.77519279304322],[6.252747538399883,49.7756314407181]]],[[[6.245290711561167,49.77709397391865],[6.244245031262974,49.777642119970935],[6.243833505757101,49.77737186141282],[6.244040353265859,49.77656885123844],[6.245290711561167,49.77709397391865]]],[[[6.255459803499203,49.77817284745004],[6.253888905800982,49.77727900484064],[6.254204698599818,49.77670183229617],[6.252502394907522,49.77596504763318],[6.252715467140208,49.7756719038537],[6.255474610198029,49.7764572201896],[6.2564035263945925,49.77735738400511],[6.255459803499203,49.77817284745004]]],[[[6.247632392849261,49.7804054597861],[6.244901525514231,49.77924787728391],[6.245586766286567,49.778333507269316],[6.246530428082015,49.7786531153383],[6.248199832664297,49.77622607892624],[6.249272207661559,49.776238720705514],[6.250582992680447,49.776593368947786],[6.250403367370748,49.777582479618154],[6.247632392849261,49.7804054597861]]]]},"properties":{"prie_denom":"HEFFINGEN,CNE.","SUM_surfac":149.95,"pygeoapi_id":38},"id":38},
{"type":"Feature","geometry":{"type":"MultiPolygon","coordinates":[[[[6.280224741140713,49.679357489454105],[6.280633893965814,49.679390727520776],[6.280754199235985,49.6794239977119],[6.280690015091339,49.68072027785938],[6.278750142439875,49.68047518251122],[6.277735838780998,49.68162087538104],[6.277899356032582,49.682549969169735],[6.277284788680675,49.68296112748226],[6.274411787215969,49.68249617922548],[6.274151310007483,49.68288197636605],[6.277988633001278,49.684083688144064],[6.277711712272841,49.6854045341536],[6.277278128204823,49.685535135043715],[6.274576524877029,49.68531202312072],[6.270794834306378,49.68473526180103],[6.269483283950383,49.68436069821793],[6.267868671283308,49.68383192009968],[6.267712985414019,49.68276221147322],[6.266402116662457,49.68177543117497],[6.2674011570501875,49.680979732001624],[6.2675933872845,49.67955966984747],[6.270731897380371,49.68015499898256],[6.271402678559458,49.67905768813767],[6.274433093482253,49.67932410960616],[6.277484270696295,49.67946831767056],[6.277560317034145,49.67906909083756],[6.279224565736007,49.67908338367083],[6.279644726712014,49.67933692075785],[6.280224741140713,49.679357489454105]]],[[[6.307674311836689,49.70353813124809],[6.308063511536551,49.70409131571373],[6.308320143354207,49.706399405803715],[6.3091766631268476,49.70720053221564],[6.3097243990199035,49.70681466445252],[6.310596144272368,49.70712602080749],[6.309270226279878,49.707594073029014],[6.308748766477594,49.70899236628468],[6.307581468420117,49.70956520021906],[6.308457724169216,49.70999974170143],[6.307270233061506,49.71052217633362],[6.306344081800651,49.71041833330194],[6.306305468864403,49.71138942718891],[6.304789394003043,49.71101560016488],[6.304065915091125,49.711040462748315],[6.303256847272157,49.709913408708196],[6.303346403041459,49.708639234406625],[6.302476038394706,49.708302368864935],[6.300788371919079,49.706551766489675],[6.299397767935604,49.70402361900293],[6.30004736387539,49.7039255147132],[6.302424708574588,49.70362942229183],[6.302426758131035,49.703629337626865],[6.30482873226611,49.70357272050416],[6.307674311836689,49.70353813124809]]],[[[6.221418081011373,49.730324917981264],[6.2249902566911945,49.732414208706324],[6.2247907373205065,49.732566294092614],[6.2225199015588295,49.73109216833064],[6.221922921207538,49.73088035248985],[6.221418081011373,49.730324917981264]]],[[[6.228140440682048,49.720262503037056],[6.226851595654822,49.72095073839576],[6.22628600523523,49.72045991316091],[6.227043806220872,49.72007015839165],[6.228140440682048,49.720262503037056]]],[[[6.309586982928299,49.73337896146074],[6.309645507265474,49.73404364680881],[6.306734984555681,49.73330978288509],[6.309586982928299,49.73337896146074]]],[[[6.270486005669723,49.70446221926916],[6.268960618679663,49.70511502863718],[6.268375083424945,49.70441472232],[6.269945187051275,49.70381770515851],[6.270486005669723,49.70446221926916]]],[[[6.202568278967659,49.69297120602357],[6.205151618341694,49.692771973601864],[6.204863788351669,49.693211782021095],[6.203659002447002,49.69326638234345],[6.202568278967659,49.69297120602357]]],[[[6.266160986883244,49.70397426678366],[6.265601337917968,49.70308485545851],[6.265966112287043,49.702131855687355],[6.267517948860051,49.70275639388636],[6.266160986883244,49.70397426678366]]],[[[6.221974722564174,49.7292819329956],[6.222072483652724,49.729728473110086],[6.22129343290655,49.730345955543456],[6.219116464011677,49.7289380114085],[6.217568247796695,49.72768444314282],[6.217752534510197,49.72745795701559],[6.219789557592749,49.72812413314032],[6.221974722564174,49.7292819329956]]],[[[6.3003802481459745,49.7163924310419],[6.302391542744731,49.716485035654536],[6.300181683184338,49.718473939039555],[6.298249423100199,49.71789139493675],[6.298314640680746,49.716929013872466],[6.3003802481459745,49.7163924310419]]],[[[6.286347927844312,49.71514242296662],[6.289588872253305,49.71557581041115],[6.290612856272877,49.716085856896974],[6.290184966470828,49.7171447637097],[6.287783739041451,49.71724948676933],[6.287682775496114,49.71756859568203],[6.285838674442362,49.71764246148459],[6.286347927844312,49.71514242296662]]],[[[6.226138040210764,49.707314334524085],[6.2257873313401815,49.70745513305824],[6.225695469127036,49.707558417152654],[6.224310019017373,49.70728688944925],[6.223259840252469,49.706479060168945],[6.220126980367926,49.70561302438331],[6.2191247028978625,49.70557695796011],[6.21827449430297,49.70503702069052],[6.2183461647840135,49.70452021279727],[6.219625798093785,49.70352764387992],[6.221713437904985,49.70431160183525],[6.224387013918528,49.706019230529705],[6.224505207358181,49.70652127431338],[6.226232005506835,49.70723977599786],[6.226138040210764,49.707314334524085]]],[[[6.2860592051758415,49.71137632241754],[6.28843181072982,49.71223136388605],[6.288963620137269,49.713206672328184],[6.289914645454557,49.71370025509402],[6.289585360775845,49.71473567945508],[6.2845058681423005,49.71458147622669],[6.2844468818063,49.71300265418849],[6.28390168157525,49.71230236842337],[6.2839171417197095,49.71175283242294],[6.2860592051758415,49.71137632241754]]],[[[6.300780616928669,49.71389502300502],[6.300162166720089,49.71432208201611],[6.298953879600644,49.71395366916895],[6.299238944225665,49.71359083383096],[6.297663041268937,49.71299397475722],[6.299354897352881,49.711304779307056],[6.29765661809316,49.71090211612391],[6.297859810543783,49.71041260520032],[6.29933646657017,49.71039845099149],[6.300448570696324,49.710604236377435],[6.300975647081812,49.71007279125484],[6.303528236033535,49.71110924736891],[6.30392741836188,49.71315327273557],[6.303210798130666,49.71344321239538],[6.302203341883861,49.71286277673171],[6.300780616928669,49.71389502300502]]],[[[6.174034173687172,49.686123494359876],[6.1749206254053615,49.686832145001844],[6.174823784453402,49.6887382681944],[6.175590050772485,49.689552549740164],[6.1741113869838955,49.689478715077094],[6.172969852836609,49.689164231621646],[6.170493904572413,49.68811191031245],[6.1681242647355905,49.68749070090859],[6.1670336755450395,49.68693525811572],[6.169025877160952,49.68595389115248],[6.16929775338366,49.686020020529995],[6.173218103373082,49.68553562573281],[6.174034173687172,49.686123494359876]]],[[[6.282233850540992,49.69874370039194],[6.281383636338786,49.69868803039385],[6.2796642347259155,49.69809125347176],[6.277573392639299,49.69833637934855],[6.277228086077865,49.697685902200654],[6.277382016522786,49.69630808521936],[6.278267599957904,49.69522572776637],[6.28059960115903,49.694666176345216],[6.281358119913144,49.6950850586365],[6.282450188162779,49.69485797011508],[6.282634010097024,49.69560690103719],[6.28330714717788,49.69610506691691],[6.283935297087981,49.697109855675265],[6.2822472499619995,49.697842232290576],[6.282821566627523,49.69851901434894],[6.282233850540992,49.69874370039194]]],[[[6.262788156886101,49.68803101116849],[6.262624864028482,49.68914218483816],[6.2608298560349995,49.68941477860348],[6.2574846718803645,49.68847588053663],[6.256181855090768,49.68822193605559],[6.256000498553853,49.68703132288723],[6.258777275525418,49.685771318216794],[6.2599839770566765,49.684945129794],[6.260872746638978,49.68475405025809],[6.264411593363686,49.68529058750637],[6.2633830069301695,49.6880144952136],[6.262788156886101,49.68803101116849]]],[[[6.200298238780372,49.69584489344992],[6.1993241067428055,49.69687052196066],[6.200121574900562,49.69755134716285],[6.201028964565241,49.69782410238942],[6.202406537686754,49.69787203589329],[6.205085060541833,49.699435149858765],[6.204874789807809,49.69961088366761],[6.208328908236564,49.70200845238902],[6.210207164648072,49.70273847538003],[6.2114563101163105,49.70284598517246],[6.212930997245876,49.70247345177519],[6.2143573515574495,49.701898523746934],[6.214339620843304,49.701939877098],[6.215905784940449,49.70311240640184],[6.216264728130641,49.70366334944869],[6.213008714335502,49.70383529299174],[6.21258422585715,49.7032728123184],[6.2116113782382465,49.703711280413685],[6.209007719473577,49.7034059990292],[6.207094115112532,49.70282077108573],[6.205529120877218,49.70174288379417],[6.2011451651113605,49.69920256549444],[6.198475797070765,49.698121975779365],[6.197307032140073,49.697073870538915],[6.19843281551035,49.69643494239499],[6.200298238780372,49.69584489344992]]],[[[6.316376993587722,49.714543821824414],[6.313991791362255,49.714160181574904],[6.3134512921746975,49.71392458583523],[6.312253042367852,49.71258002631668],[6.312205236495283,49.711602887274374],[6.313667031536438,49.70995334315848],[6.31491881869556,49.710582894222995],[6.3161197406306195,49.71020796666734],[6.316862548586299,49.71059586361013],[6.318357575216297,49.71068437041801],[6.32088265196279,49.71170718615155],[6.320341959724256,49.712205083442235],[6.318868944154812,49.71445589594801],[6.316376993587722,49.714543821824414]]],[[[6.295998396017784,49.70635728048478],[6.295427781625592,49.70681273383278],[6.2928620760168945,49.70650819310262],[6.290526360409522,49.705471734501096],[6.290713763795788,49.7048385606126],[6.288397233734937,49.70487211665724],[6.288155873227135,49.70395827121435],[6.288645289580218,49.70253383192393],[6.293501342146865,49.70314626621534],[6.295461282606493,49.70381866085869],[6.299259340747069,49.704033321589094],[6.300610211640198,49.706513292252524],[6.29760961526074,49.70549441468821],[6.296985055025579,49.706064021457465],[6.295998396017784,49.70635728048478]]],[[[6.303057673198626,49.73613605484684],[6.302597141593998,49.73691823856123],[6.300281518146295,49.735925639063545],[6.300085828872498,49.73609390187474],[6.298018115185357,49.735442651940566],[6.295732869641934,49.73515998341227],[6.293499675393682,49.734585687862676],[6.293019133330733,49.73503991392322],[6.290377962393218,49.734444314682115],[6.289932847313798,49.73413783629002],[6.29589045647067,49.73403527302155],[6.2979146924341745,49.733342306739],[6.299267433404183,49.73368893287495],[6.301264778076211,49.73356576644811],[6.301325865959152,49.732931124197805],[6.302318554467473,49.73235598193512],[6.302929935307945,49.732462730915884],[6.309617034856265,49.734132284462504],[6.309243252008651,49.73473255449719],[6.308143893724062,49.73539041502211],[6.305642597082495,49.73475702532926],[6.305033903373762,49.73534645131323],[6.303659218886997,49.73519471331416],[6.303057673198626,49.73613605484684]]],[[[6.288458249149171,49.73385386867402],[6.288209948931729,49.734322148507275],[6.286682880570569,49.73386893321215],[6.285207196538969,49.73305149059255],[6.284512676039897,49.7317410926173],[6.284912809883311,49.73117781145037],[6.284139429917267,49.730303658799144],[6.285839880032182,49.72914553112843],[6.2878244191828,49.728007725735864],[6.2903188568709485,49.7282639655097],[6.29175394796761,49.728585912287144],[6.293413805610825,49.728110596454144],[6.293144887229119,49.7272047941812],[6.2948763925251106,49.72730222956594],[6.295596701647308,49.72785952975729],[6.296818997652135,49.72833718164432],[6.298640123655268,49.729889192922045],[6.298248981640926,49.73060944081934],[6.300192163714253,49.73139509177342],[6.299729331767185,49.731637523600874],[6.298702079615606,49.73115664794425],[6.296719054606739,49.732060300831314],[6.298760503946437,49.73205538439513],[6.298098400937663,49.733156169333405],[6.295878614699546,49.7339456289071],[6.289427784891845,49.73405847516251],[6.288458249149171,49.73385386867402]]],[[[6.196444133204207,49.68728609750769],[6.1962752690959535,49.68790820945479],[6.19551904244012,49.688462171947975],[6.194074147343883,49.68900438728595],[6.193332466239837,49.68851578491408],[6.193392786423417,49.68780890838896],[6.191188072827442,49.68750099856495],[6.190590431280181,49.68877665763534],[6.190066318915772,49.68880885966783],[6.1899139995738865,49.69026846766337],[6.189234747029295,49.69112686772633],[6.188304374112791,49.69129562965889],[6.187232596604996,49.69185759661843],[6.185390620823006,49.690708201309164],[6.1838642377909006,49.69004220692519],[6.1827888165653695,49.688816720191525],[6.182708323456723,49.687586329219826],[6.181938592414603,49.6874200084488],[6.181329136612361,49.685584505965736],[6.181331483437145,49.68507499232285],[6.183340267182515,49.68442705222948],[6.187763349359664,49.684460680534634],[6.190565315105098,49.684235233328955],[6.190877363919427,49.68408449852366],[6.191879928494022,49.68360021090902],[6.193720099568238,49.68271131847989],[6.19846151407297,49.68469380493435],[6.198004151162845,49.68549744950793],[6.196620360852087,49.68612038999062],[6.196444133204207,49.68728609750769]],[[6.189120127540514,49.68556288510084],[6.187976670269745,49.68588655892365],[6.188665597851363,49.68650377610059],[6.1898679713850155,49.686054632425325],[6.189120127540514,49.68556288510084]],[[6.187659315747996,49.686942919902016],[6.186264891833797,49.68716794046846],[6.185592145505175,49.687989696909895],[6.186571902732295,49.688983757625216],[6.188369425815644,49.689531635009445],[6.188848633077348,49.68934777296263],[6.189094256845965,49.687295046277896],[6.187659315747996,49.686942919902016]]]]},"properties":{"prie_denom":"JUNGLINSTER,CNE.","SUM_surfac":420.26,"pygeoapi_id":41},"id":41},
{"type":"Feature","geometry":{"type":"MultiPolygon","coordinates":[[[[6.204492577074902,49.76728144748501],[6.203484980088847,49.767131808650866],[6.203243653730392,49.765355847953344],[6.202460547920292,49.765670927183976],[6.201538240984578,49.764601418828576],[6.200513357978243,49.76483184357564],[6.198923146501536,49.76399802624334],[6.19748224158918,49.763625390318474],[6.1947715376478385,49.76351453451116],[6.196461245777069,49.76212906639887],[6.1983921645883155,49.76095814160234],[6.201824119735702,49.76063433228877],[6.203918733650017,49.76062828784297],[6.204066835424264,49.76016627907247],[6.205842380649102,49.75989888714819],[6.207013622166405,49.75947996513551],[6.207451575789202,49.760466234091126],[6.208441622297191,49.761960280693316],[6.208709686277265,49.763633858641896],[6.207611451169383,49.76422005415073],[6.207330110747313,49.76465521118265],[6.2107004301824436,49.76496870248201],[6.210069487512536,49.76602097138685],[6.208672091797733,49.76608229147287],[6.206978988113214,49.765937220217346],[6.206755439916599,49.76621287782343],[6.204499918801189,49.76611796390277],[6.206829110168867,49.76702112169074],[6.206126538964583,49.76763282104629],[6.204492577074902,49.76728144748501]]],[[[6.227265423481566,49.768608593662606],[6.226858680139148,49.76903059326699],[6.223977712436673,49.768556810726444],[6.223872576890137,49.767714236060414],[6.221207825093039,49.76734122684116],[6.218407412217644,49.76543826990003],[6.215958367230305,49.76487961350947],[6.216248185029916,49.76454396865544],[6.219922075978073,49.76503820869753],[6.222549537764441,49.76559495022973],[6.223676617690297,49.76559036066123],[6.226211345939007,49.76480784756397],[6.227395668501337,49.76538304270522],[6.228399931702894,49.76631266645975],[6.228940041981078,49.76747099275611],[6.228439089144116,49.76810280425662],[6.227265423481566,49.768608593662606]]],[[[6.203351197776079,49.769275680966636],[6.203788988952947,49.76878292720777],[6.204669622216481,49.768458580478395],[6.206105100374896,49.76882197056956],[6.207025001266659,49.769855243170404],[6.206692748475779,49.77008764100152],[6.204732501007977,49.76897273413192],[6.2044932471859235,49.76877973582613],[6.203752090195277,49.76896698528205],[6.203351197776079,49.769275680966636]]],[[[6.2241763960045775,49.76972638414178],[6.222829736916288,49.769530030251],[6.222197382338005,49.76842533787345],[6.226824573650013,49.76911772582337],[6.226325489737826,49.769673463474405],[6.2241763960045775,49.76972638414178]]],[[[6.2225203482598745,49.77479954180025],[6.221251858039669,49.77490306182493],[6.220665491828901,49.7742060493889],[6.221685368460687,49.77391150875313],[6.2225203482598745,49.77479954180025]]],[[[6.207817428357618,49.78633356388173],[6.204551410983667,49.78671922247844],[6.204373522100801,49.78686989767817],[6.199307040421435,49.786349188803634],[6.192372762577433,49.78608931108902],[6.190946663046116,49.78582374084948],[6.188641805201092,49.784698677635845],[6.1873909286878135,49.783423621172545],[6.187681410625223,49.78286906691931],[6.1899798910943815,49.78272210544455],[6.192622666197753,49.783302190129994],[6.193808048230219,49.783823291211256],[6.196305149570127,49.78447057490134],[6.197585381967207,49.785187083503345],[6.2009456553458815,49.785668533627586],[6.205961472332949,49.78606029771666],[6.207558450670844,49.78603274731081],[6.207817428357618,49.78633356388173]]],[[[6.207932858949012,49.77695700130631],[6.2086149320276665,49.77687148065437],[6.212815589780937,49.77721173169476],[6.214900547328392,49.77711675940848],[6.215219687638856,49.77687462926474],[6.214133058523742,49.775450964172975],[6.212911136025341,49.77325352106748],[6.214635649565919,49.77431343946145],[6.215000461625244,49.774950129192405],[6.216535638281498,49.77507805357954],[6.216681885310583,49.7756809104833],[6.2181694328771036,49.77617080082204],[6.219638593473975,49.77606180703529],[6.218988860750557,49.7772056603208],[6.218651470363862,49.77829788244869],[6.2176412095946425,49.778753443950926],[6.2167947122227805,49.77801657944819],[6.214670662129509,49.77826576061699],[6.211494719996702,49.77943743017289],[6.210344783691857,49.78025243176738],[6.2114587137657855,49.780524582141744],[6.212900855707274,49.779743579935136],[6.214991931065967,49.778982300121534],[6.216235034537614,49.77875908034809],[6.217391176577753,49.779000001196806],[6.216826848996639,49.77976368721831],[6.216592360401145,49.78165695024676],[6.216975516123689,49.78244383510413],[6.2181560730049315,49.78379781536791],[6.21655188726872,49.78398564969715],[6.213943860726707,49.78486622540803],[6.212007112725195,49.785712311003095],[6.209941378046132,49.786771811991116],[6.20958646387048,49.78740890099351],[6.208371125217941,49.78749780302254],[6.208181232102196,49.78747309197504],[6.2062989521173995,49.787087903439925],[6.207215512726346,49.78646251591063],[6.208443448011511,49.786434492115475],[6.213373306661582,49.783854332626355],[6.215783647961053,49.78327482183987],[6.214975597403833,49.78063748522653],[6.213361102447377,49.780730044490326],[6.212526810580682,49.78113487046155],[6.21182328523332,49.781879746984636],[6.209994593402081,49.78319841847136],[6.209743249937973,49.783774360079576],[6.209904031244033,49.78468513916165],[6.208553765242878,49.785176576408475],[6.207094688246605,49.78493724026585],[6.207572740345818,49.78311519512042],[6.210228747608426,49.780151882950875],[6.210049872064006,49.77963066633186],[6.208585895347023,49.77913104355104],[6.20613468668371,49.77919527744499],[6.204490854090601,49.779095031725475],[6.2037160672375435,49.779955781761124],[6.203574359445315,49.78058266038133],[6.200600957403739,49.7797653083509],[6.198828215622179,49.778514564655964],[6.198185612902249,49.77778433058045],[6.197486982776069,49.77756909708172],[6.19645148860414,49.77789175469237],[6.194574631922293,49.7781552514764],[6.194288408071024,49.778572584256786],[6.19451320209987,49.779719113015105],[6.194150631772891,49.78003682257575],[6.192606089706126,49.77944949363899],[6.19373881993808,49.77849906102956],[6.193024138835587,49.77812287370279],[6.19206345002798,49.77864250740393],[6.190347789025828,49.77814313220117],[6.190497412525181,49.77750938100586],[6.192502551285127,49.77748000340844],[6.193688681588996,49.77371760004874],[6.194263233616853,49.77367394315948],[6.195439998892004,49.772714759846416],[6.194403552125546,49.77208227302509],[6.191534607970025,49.77150161563111],[6.189398460328268,49.771281323184986],[6.189566141258202,49.77061214901884],[6.192130794870737,49.77068421725034],[6.194458368733609,49.77125740571253],[6.195470995579484,49.771492312653876],[6.19649589128671,49.772084018071396],[6.1973396751327465,49.77305727314399],[6.199110921440332,49.774747636436786],[6.200835690413018,49.77587701552447],[6.20190555276106,49.77628775689355],[6.204150715695217,49.7767532329353],[6.205423615695371,49.777178172146556],[6.207932858949012,49.77695700130631]]],[[[6.2203843372645515,49.78789791655994],[6.221135398028608,49.7865930441331],[6.222292193999733,49.785996368199854],[6.222371663037667,49.784656945707646],[6.221173539420257,49.783596089404455],[6.221562996543793,49.782873068807646],[6.223867767327354,49.782573418718286],[6.2236348799052505,49.78322702367263],[6.222656850133874,49.78371310487003],[6.223282859972946,49.78490174134123],[6.223387808197139,49.78610879100227],[6.224194476418636,49.78641626212821],[6.223803330099976,49.787277315762296],[6.222170693943197,49.78855925806831],[6.221146762128029,49.78876517532954],[6.2203843372645515,49.78789791655994]]],[[[6.20533517683809,49.79786452677429],[6.204351823929949,49.79755436633125],[6.205590758346954,49.79634515463363],[6.2020841139500344,49.79544950406754],[6.2016213766905555,49.794789297938266],[6.202899560651146,49.793618971428245],[6.204364997815446,49.792809886004214],[6.206812905856994,49.79176965868277],[6.207523125252723,49.79109466044387],[6.20960892769229,49.790000285076346],[6.210466532635627,49.79014804713326],[6.2124213793302285,49.789818344982514],[6.2147993186255865,49.78882395961005],[6.215611511078892,49.78808837454141],[6.216025172857464,49.78887551864463],[6.214336536150246,49.78946128699472],[6.213343392122314,49.7901869554163],[6.214556409531364,49.791017667237114],[6.21294496123722,49.79168664656109],[6.211360351241545,49.79219482297507],[6.209509660996437,49.79362045171987],[6.208081740638529,49.794047564453294],[6.207577075029057,49.79456615485009],[6.208271434381651,49.795268876776866],[6.20816728155361,49.79612481137037],[6.20721275172471,49.79689743774552],[6.205742974135907,49.79775115077569],[6.20533517683809,49.79786452677429]]],[[[6.194397213243984,49.79923652620446],[6.193564639185939,49.79984443801167],[6.192337543315065,49.79981503219068],[6.192185215035921,49.80051596602256],[6.190046402565531,49.80014932026319],[6.188792927514049,49.7995786488808],[6.187611063429435,49.796967335815346],[6.187734618688776,49.7968665874101],[6.1885783646914945,49.79772041864926],[6.189674377316534,49.79815468621452],[6.193034329663675,49.79906535811606],[6.194397213243984,49.79923652620446]]]]},"properties":{"prie_denom":"LAROCHETTE,CNE.","SUM_surfac":254.45,"pygeoapi_id":49},"id":49},
{"type":"Feature","geometry":{"type":"Polygon","coordinates":[[[6.172024016035876,49.74386371289051],[6.169959655145789,49.7437402217588],[6.169906263862095,49.7443506131714],[6.168883156996034,49.7439827210632],[6.169959891170297,49.74373833087135],[6.172024016341031,49.743863710209],[6.172024016035876,49.74386371289051]]]},"properties":{"prie_denom":"LINTGEN,CNE.","SUM_surfac":393.99,"pygeoapi_id":52},"id":52},
{"type":"Feature","geometry":{"type":"Polygon","coordinates":[[[6.186793414830005,49.70933098459689],[6.186020015677179,49.70846152800158],[6.186171428504323,49.70850269739897],[6.186605159683294,49.70900836071248],[6.186793414830005,49.70933098459689]]]},"properties":{"prie_denom":"LORENTZWEILER,CNE.","SUM_surfac":320.57,"pygeoapi_id":53},"id":53},
{"type":"Feature","geometry":{"type":"Polygon","coordinates":[[[6.365977694208937,49.75755270203517],[6.364244089891157,49.75693520978601],[6.36459818002393,49.75667335584777],[6.366033348033904,49.757305549532624],[6.3661292463866275,49.75734842354428],[6.366194161025399,49.75743854707516],[6.365977694208937,49.75755270203517]]]},"properties":{"prie_denom":"MANTERNACH,CNE.","SUM_surfac":363.64,"pygeoapi_id":57},"id":57},
{"type":"Feature","geometry":{"type":"Polygon","coordinates":[[[6.115002922448581,49.79059757108901],[6.11576871353365,49.790567908432585],[6.116581593486571,49.790712873151875],[6.115002922448581,49.79059757108901]]]},"properties":{"prie_denom":"MERSCH,DOM.","SUM_surfac":212.37,"pygeoapi_id":58},"id":58},
{"type":"Feature","geometry":{"type":"Polygon","coordinates":[[[6.143855537038453,49.75212413378272],[6.145007461686761,49.75141080613764],[6.146240741659374,49.75209045827032],[6.144562078710723,49.7527280594801],[6.143855537038453,49.75212413378272]]]},"properties":{"prie_denom":"MERSCH_EST,CNE.","SUM_surfac":646.01,"pygeoapi_id":59},"id":59},
{"type":"Feature","geometry":{"type":"Polygon","coordinates":[[[6.479622678951523,49.73763344994509],[6.480470586590139,49.73733635277606],[6.480300566708986,49.73743851269456],[6.479980068646633,49.73754411546939],[6.479622678951523,49.73763344994509]]]},"properties":{"prie_denom":"MERTERT,CNE.","SUM_surfac":349.16,"pygeoapi_id":61},"id":61},
{"type":"Feature","geometry":{"type":"Polygon","coordinates":[[[6.228317006904132,49.685246517802995],[6.228302763252205,49.68521817819017],[6.227852360092569,49.685287786650036],[6.227736501125719,49.685251382891664],[6.229485674132426,49.68512717075972],[6.229179478185937,49.68516959390288],[6.228868398847559,49.68518585395766],[6.228317006904132,49.685246517802995]]]},"properties":{"prie_denom":"NIEDERANVEN,CNE.","SUM_surfac":398.96,"pygeoapi_id":65},"id":65},
{"type":"Feature","geometry":{"type":"MultiPolygon","coordinates":[[[[6.187611063429435,49.796967335815346],[6.187128731510551,49.797109143834774],[6.185962236906191,49.79665935680795],[6.184572897721212,49.797764137542295],[6.183476044560679,49.797124124068105],[6.183891633207795,49.79621658227843],[6.1835073858848135,49.79533885238098],[6.185066588263748,49.79453292954316],[6.1868994285821435,49.79573377251784],[6.187734618688776,49.7968665874101],[6.187611063429435,49.796967335815346]]],[[[6.1122506487727115,49.790237831292956],[6.113945923767521,49.790638513572326],[6.114294205980579,49.79062502297962],[6.115002922448581,49.79059757108901],[6.116581593486571,49.790712873151875],[6.116609102947826,49.79071777904396],[6.117328333814269,49.79066671612407],[6.1173736369895035,49.79065342381178],[6.117588352344007,49.790677414006424],[6.117325084446171,49.79150639256358],[6.118108565070541,49.79170991775799],[6.118956407699743,49.79143120168553],[6.117927672144443,49.793629704045756],[6.11690179874053,49.79406226509936],[6.115262663841033,49.794104346548735],[6.11337164969621,49.79338979658115],[6.111424814402742,49.79315391808924],[6.107501563077574,49.79124034191943],[6.107850975195826,49.79087862748258],[6.107846355160321,49.78951173861151],[6.109183738209235,49.78963542731023],[6.111695041811756,49.790149445447526],[6.1122506487727115,49.790237831292956]]],[[[6.133397280068321,49.790569128142614],[6.137813878827049,49.78519775763144],[6.138735815309004,49.78569073680422],[6.138880225778071,49.786127056203405],[6.142096050374925,49.788700806573544],[6.140282238209288,49.78995728930037],[6.139719499038313,49.789580145580004],[6.1385097389570875,49.79036087659504],[6.137656971196985,49.79057824268309],[6.134033323142769,49.79067921129709],[6.133397268159087,49.79056914299868],[6.133397280068321,49.790569128142614]]],[[[6.1200936477266135,49.80148688027626],[6.119218057321477,49.80141216767951],[6.1192925667556235,49.80083743884876],[6.1200697986889665,49.80074819081782],[6.1200936477266135,49.80148688027626]]],[[[6.181924757552841,49.79644603489903],[6.180500143176648,49.79676575963347],[6.180126520844634,49.796208305967255],[6.181924757552841,49.79644603489903]]],[[[6.181838480227573,49.78618997314374],[6.1801791349150825,49.78664038040608],[6.179621405842498,49.78620236739002],[6.180001841522159,49.78602728289542],[6.180363437450528,49.78603522709618],[6.181838480227573,49.78618997314374]]],[[[6.1220326863766035,49.78907878457058],[6.122053991057266,49.79006853823816],[6.121474052855642,49.7900538051281],[6.121123932963362,49.78855561996755],[6.1220326863766035,49.78907878457058]]],[[[6.184170581020475,49.805910556801834],[6.18300426633112,49.80615239532542],[6.181476160697209,49.80562356257738],[6.182312259139786,49.80521757702782],[6.184170581020475,49.805910556801834]]],[[[6.121390751001379,49.79899696596938],[6.120041928111764,49.79843300808529],[6.117903161188543,49.796090286105425],[6.11672612448533,49.79536252051289],[6.118052440271362,49.79438421810977],[6.1185328033430375,49.79538319008706],[6.120540223306923,49.79701593420797],[6.121366615596618,49.797946654819135],[6.121390751001379,49.79899696596938]]],[[[6.155923578131005,49.7765999178832],[6.15476113419052,49.7775617673741],[6.154279810160416,49.77989192679041],[6.153022612514759,49.77960636547527],[6.152388048804378,49.77886460566451],[6.152394038725936,49.77755208484892],[6.153922676661293,49.77671575721289],[6.154824795599512,49.77608380270389],[6.155923578131005,49.7765999178832]]],[[[6.132323608673387,49.8046153659508],[6.132134081903808,49.80545973457088],[6.131206103260233,49.80647629792741],[6.130213327476865,49.80629482250987],[6.129329765011953,49.80580130765134],[6.127032428093314,49.80509530369161],[6.127149818605317,49.8042837379977],[6.128787485346879,49.80455200123394],[6.131117322632404,49.804397707422424],[6.132233049088738,49.80384495810019],[6.132323608673387,49.8046153659508]]],[[[6.179863611609346,49.78952666112825],[6.179381848008114,49.78863219254585],[6.177933415496427,49.78888889489918],[6.17818731016313,49.78950712534415],[6.17687965725024,49.78934645142716],[6.176053447830439,49.788160189882454],[6.175791660949329,49.787412820005606],[6.174961396991246,49.787023849665864],[6.172189936600731,49.78735040831721],[6.1710658458822305,49.786929598630174],[6.171096254832976,49.78645379433257],[6.17274592824068,49.78516728191787],[6.175297029461873,49.78568310619289],[6.176608242063416,49.786564997872574],[6.1788550377940865,49.78723580901071],[6.179287168676107,49.78733918995388],[6.180158912245529,49.787699732431165],[6.180443108167053,49.78824941852266],[6.1816408514151,49.78814178998316],[6.181926097522544,49.7884756738403],[6.181329872681997,49.789223686133894],[6.179863611609346,49.78952666112825]],[[6.176016056889591,49.78712276233166],[6.17685145054028,49.78771365598384],[6.176843268119937,49.788466629705226],[6.1775417394247745,49.7889357053732],[6.178300200562464,49.78811514026134],[6.17721348989646,49.787104144334286],[6.176016056889591,49.78712276233166]]],[[[6.164339732862207,49.82214086286524],[6.162644961665444,49.82269139791841],[6.161550228492714,49.82180535506117],[6.158621096488877,49.82047170549528],[6.1569655149247,49.81990197366839],[6.156249464773748,49.81963824959305],[6.154841087341643,49.81844351361182],[6.1533579249876915,49.816580660681836],[6.153615399345228,49.81607865197997],[6.155441512099921,49.8152649253521],[6.156325947575338,49.816294264652555],[6.15807773245673,49.81745106693258],[6.158410026283892,49.817885342228344],[6.16066226779833,49.81825437914705],[6.160523806507143,49.81870857978656],[6.161915453837476,49.819474195303755],[6.162542415619152,49.82011553978297],[6.163327412409061,49.82028110108304],[6.164339732862207,49.82214086286524]]],[[[6.149021165073421,49.77591931700375],[6.149353553648882,49.77197712153627],[6.151198119219005,49.77253020523019],[6.1522126448784356,49.77224542936368],[6.155458015932817,49.77293898553451],[6.156451340010009,49.77341073680223],[6.156359155127607,49.774412356131805],[6.155473743944448,49.77508857687383],[6.154746534424597,49.77604561768],[6.152434363221627,49.777331342211525],[6.152297883867313,49.77754013607507],[6.15229212980129,49.77887918903238],[6.152896167294406,49.77960777722123],[6.150300375868637,49.77947046079453],[6.1484953373519176,49.778169063763336],[6.149497022438471,49.77676046225686],[6.149021165073421,49.77591931700375]]],[[[6.1679173426831015,49.82211514802694],[6.16737772605693,49.82111762242569],[6.169020148639641,49.82002409274022],[6.171366523866304,49.81896951815958],[6.171384700332303,49.81794741094111],[6.172153952001814,49.817435983849144],[6.1720337257151,49.81648401638859],[6.172410177974814,49.81610159226936],[6.174090516435323,49.81608714514966],[6.188634361919003,49.82103871493253],[6.189137111638856,49.82227194225049],[6.185525526845869,49.82302968226916],[6.181862800220197,49.82259320255434],[6.178424048414075,49.82189034491582],[6.174998548818492,49.820882825289935],[6.17099315994827,49.82125709092286],[6.168684962814427,49.8217891930842],[6.1679173426831015,49.82211514802694]]],[[[6.191644134080622,49.811783956911896],[6.191603602499828,49.81246325890362],[6.190850952736039,49.814751597646456],[6.190042225923252,49.816075637426174],[6.1883312466701765,49.81769903089165],[6.1876936976792365,49.8180122455978],[6.188611382279571,49.82092962726607],[6.1741288045081655,49.81602908428791],[6.171464731073358,49.815907401605855],[6.171082758144178,49.8152721118272],[6.17169601359404,49.81472239773443],[6.173451515253334,49.81536128597009],[6.174150878248449,49.81447564659107],[6.171319016734643,49.81320787734377],[6.169121893744082,49.813066503899734],[6.169342999081282,49.81161213986593],[6.168426438668695,49.81142038157643],[6.168163182131657,49.81268501360508],[6.1673609531207205,49.81273302788689],[6.165304405310729,49.812209934251825],[6.163773391088566,49.81126839398106],[6.163367397852659,49.81147195024356],[6.1608462925437575,49.809405039973164],[6.160222352738547,49.808514656232546],[6.1607823806729884,49.808393044354766],[6.164242357500227,49.808499370274504],[6.168913514003537,49.810581813900356],[6.171430614439591,49.81133184264901],[6.171727072122338,49.81103343056958],[6.170322950973629,49.81027954852047],[6.17082758453526,49.80873112688772],[6.171953795308341,49.80801677578693],[6.17396244871342,49.8075376700229],[6.174124554388536,49.80686457945859],[6.176622780480209,49.80672150567621],[6.177420812364176,49.80691541961068],[6.179641688978562,49.80666283722294],[6.180780243920439,49.80750864412626],[6.182250106664588,49.80812962993036],[6.182566329044239,49.80778011977756],[6.1808054957986025,49.80689664297781],[6.178962156232969,49.806245026284635],[6.180261111726905,49.80557430737696],[6.181434959908134,49.805680760952654],[6.182969230780707,49.8062111737964],[6.184085445848523,49.80637439556837],[6.1858437689087316,49.80718390167919],[6.188814842599711,49.808050463275215],[6.19096588409941,49.808970676255456],[6.191195331342663,49.80989850067125],[6.190000848737371,49.810722988140995],[6.190217132853607,49.81123802169489],[6.191644134080622,49.811783956911896]]]]},"properties":{"prie_denom":"NOMMERN,CNE.","SUM_surfac":385.93,"pygeoapi_id":66},"id":66},
{"type":"Feature","geometry":{"type":"MultiPolygon","coordinates":[[[[6.30737869608162,49.8572257299532],[6.306216276092355,49.85686275764516],[6.305516812888675,49.85825331908807],[6.304247113575785,49.86023496505852],[6.304373684255464,49.86075532700149],[6.303839302855277,49.86129945853113],[6.303870696815928,49.862025746138734],[6.3062123855363605,49.863146662868694],[6.3061295178833,49.863616449626605],[6.30519953399683,49.864540518087765],[6.303168399419252,49.863983288230365],[6.300103694222538,49.863323712136385],[6.298749149577349,49.86319677199854],[6.294742302955349,49.86334400148143],[6.29276686559458,49.86378158171828],[6.29160701432744,49.863804966810676],[6.290550737419985,49.86337995841779],[6.290077279848897,49.86210092650487],[6.289205901638955,49.860898740958696],[6.289075297234831,49.85877962507637],[6.289285491469068,49.857886639302514],[6.287565021816245,49.856926855490904],[6.286437341784147,49.85556980769864],[6.2855049952276465,49.855024177926595],[6.2841879220293855,49.85360786391714],[6.281357303446854,49.85356497706483],[6.279767010615268,49.85300246014779],[6.278915133759703,49.852481277590314],[6.277432126355639,49.85201025040248],[6.275520571833521,49.8519386884754],[6.274604216782904,49.85116832499515],[6.273311447595511,49.85170504199019],[6.273127705323785,49.850919170283795],[6.274200070322084,49.85038637919203],[6.277033817406928,49.8498414380905],[6.27693525122214,49.84910306265358],[6.280410221470484,49.8500628878844],[6.2808162115362185,49.84999398216498],[6.284812454146878,49.85071626030549],[6.288431274678154,49.850337122944424],[6.287021699995896,49.848379131534394],[6.286761726105691,49.847413489794555],[6.287300836193833,49.84719989201776],[6.289553151995318,49.84772754387726],[6.2920990809901,49.847664870673626],[6.293361015341515,49.84749120786966],[6.2959779525131,49.848100350121236],[6.296956953155787,49.84848763595316],[6.298189711711183,49.84855242080401],[6.299727414077443,49.848320477160186],[6.302708260701048,49.84681869739737],[6.304924671227302,49.84628814656956],[6.306643711020106,49.84747807024224],[6.308362903805197,49.84775566145365],[6.308290793617752,49.84708523666824],[6.309313000957941,49.84696759363168],[6.309979502981766,49.84685800963275],[6.310396639982805,49.847793948950745],[6.3104456342537345,49.85010793342415],[6.309663405180012,49.85256311415546],[6.309753769238761,49.8539178904132],[6.309218339873178,49.85492654029713],[6.307881261617498,49.85624579996157],[6.30737869608162,49.8572257299532]],[[6.288259405701984,49.85367167147521],[6.290101848437864,49.85515614383548],[6.289314844457572,49.85569944248893],[6.291012213936835,49.85723909315916],[6.291082595872235,49.85830017159997],[6.290738144642378,49.859596527395034],[6.290913714403438,49.86058419291648],[6.291692098602893,49.861192797495036],[6.292892150207576,49.86150720818475],[6.29570317794003,49.86150954827023],[6.297836375371039,49.86107157832963],[6.2959569225560585,49.85936225424562],[6.297109423218552,49.85886912807769],[6.295787602141798,49.85840833996891],[6.296011321819577,49.85707374906878],[6.301193448315209,49.85430847463351],[6.296880398969813,49.85281774346831],[6.29509045710764,49.85205656232982],[6.292131836905213,49.85112253310928],[6.288719126426054,49.85073193367162],[6.286552655003349,49.85214359617181],[6.288259405701984,49.85367167147521]]],[[[6.3150938666060625,49.85793183313527],[6.314977805540163,49.85808392717578],[6.314691933727427,49.858012300397824],[6.3150938666060625,49.85793183313527]]],[[[6.28950027895497,49.870327130462854],[6.288815616402076,49.87132203978338],[6.288270410917216,49.87115724626433],[6.28950027895497,49.870327130462854]]],[[[6.27269008973477,49.85441469978658],[6.273411948586279,49.85440633583223],[6.274474109442703,49.85495712144166],[6.274677863930103,49.855487210359016],[6.274477641947606,49.85526514584021],[6.27269008973477,49.85441469978658]]],[[[6.23203975199495,49.89227850278545],[6.23283709789207,49.89242770492072],[6.233553991733931,49.89297385567557],[6.232028243899264,49.89332562274518],[6.231649125555845,49.89277205507789],[6.23203975199495,49.89227850278545]]],[[[6.2681987338925325,49.84936502335038],[6.26977132727789,49.85093506982422],[6.268451145330979,49.85134636371347],[6.267726950746213,49.84989709421237],[6.26819557361566,49.849369782144514],[6.2681987338925325,49.84936502335038]]],[[[6.241375993765649,49.89328982560167],[6.2417564817677125,49.89378220497733],[6.238075359485575,49.89542578232734],[6.235276249139441,49.89725950574701],[6.236275725933318,49.89595500568652],[6.239577574987297,49.89454770350613],[6.241375993765649,49.89328982560167]]],[[[6.26329817964208,49.86779925890989],[6.259289178541538,49.86675346878443],[6.258090761764971,49.86613497976896],[6.257020709409694,49.86531311038262],[6.254159411946855,49.86255558882519],[6.2529400957978964,49.86187677080215],[6.253051506288484,49.86141813131011],[6.25643977520597,49.864353730912626],[6.257729453278726,49.86571576085235],[6.259820507059269,49.866765405893105],[6.26329817964208,49.86779925890989]]],[[[6.25697230953523,49.87995130749617],[6.257555729764235,49.87928247296077],[6.259811659423554,49.87817165093206],[6.261427687312021,49.87768934384411],[6.264875487193051,49.877646261857095],[6.266004556873868,49.87810251079277],[6.264164378068392,49.878885004141914],[6.262730898502846,49.87837399310817],[6.2609216869102,49.878398305450325],[6.259837497664876,49.878702455946545],[6.25697230953523,49.87995130749617]]],[[[6.255022073550955,49.876848316225285],[6.253036637621413,49.87699284300398],[6.252057681928452,49.874719034699886],[6.252413027194735,49.8745772083113],[6.251234618579092,49.873502218204685],[6.2513032199661165,49.87285610455087],[6.254503134546346,49.873645909732915],[6.255624662648011,49.873294597735885],[6.257326465367076,49.87316921744539],[6.258929844115059,49.873671433374085],[6.258548215247291,49.8745345615997],[6.257836543888664,49.87470684027409],[6.25655077521109,49.87625925400871],[6.256188892678242,49.87730297971928],[6.255022073550955,49.876848316225285]]],[[[6.232130505414687,49.89732553053177],[6.230738565210084,49.89539346806446],[6.231799117426193,49.895591358592085],[6.234021558288864,49.89488253911631],[6.2346686459434135,49.89414004071027],[6.23532354497414,49.89456350339542],[6.238115952343107,49.893515177607895],[6.238170263394081,49.892274497377784],[6.237532838639752,49.89146993366295],[6.238311826163057,49.89119625343952],[6.239382606771438,49.89203687488266],[6.240593438933637,49.89243499924994],[6.241201268518438,49.89321745441903],[6.239503229184733,49.89447162951684],[6.2361893325372115,49.895884315815344],[6.235629129162162,49.896439986186195],[6.234476545431123,49.89829590343604],[6.232486482731996,49.897675182071126],[6.232130505414687,49.89732553053177]]],[[[6.246628731243232,49.88504990467701],[6.2498456976596115,49.88347215484942],[6.25134051745993,49.88263468689668],[6.253183395283033,49.88090139018356],[6.2546967061951,49.87992118049047],[6.257946158189058,49.878496053098274],[6.255785221964795,49.88068554605645],[6.254864837574949,49.8809832043035],[6.2537103816572035,49.88243716450078],[6.2523279504111855,49.88380148251731],[6.250128944478352,49.88475899861922],[6.245712993074902,49.887064692456086],[6.243869321892542,49.887647346019044],[6.24355975601102,49.88741449671576],[6.239715769301335,49.88897073178299],[6.238907355821325,49.889106146856264],[6.237492219321528,49.88976587778053],[6.23710058348268,49.88937101507091],[6.234956477713504,49.89012862236648],[6.2338949105391785,49.88959996854339],[6.234489096692269,49.88890313479564],[6.236924968426817,49.887998368147784],[6.23793722734026,49.88779727542812],[6.241287262520009,49.886737731046985],[6.24290811313889,49.886432416446034],[6.246628731243232,49.88504990467701]]]]},"properties":{"prie_denom":"REISDORF,CNE.","SUM_surfac":302.99,"pygeoapi_id":74},"id":74},
{"type":"Feature","geometry":{"type":"MultiPolygon","coordinates":[[[[6.470818309881977,49.80120758886713],[6.47360044460248,49.80295652759478],[6.472910380151797,49.80330503725318],[6.469737921617629,49.80246372056733],[6.4702477740517015,49.802129866987094],[6.470844936575519,49.80143395962147],[6.470818309881977,49.80120758886713]]],[[[6.467158488668388,49.79409476149468],[6.4687465846807966,49.79385728557649],[6.469324559325128,49.79317508364444],[6.4714187606581035,49.79275858400977],[6.472868120520881,49.792271878226266],[6.474956893553112,49.792552749878006],[6.476341074210967,49.79215988836282],[6.478603337565388,49.79265959761358],[6.4796099427981035,49.79336164021134],[6.481539235640052,49.79393695075227],[6.482877467242418,49.79452505958575],[6.484146714457578,49.794327280251885],[6.484312249209973,49.79470324265767],[6.485620393016755,49.79572545353191],[6.487155548384188,49.79658399447556],[6.487750572997833,49.79783738461988],[6.48532344560047,49.797563642215614],[6.484829552552192,49.797870196445615],[6.484273151094483,49.79894693923907],[6.4830944480160095,49.798557748341025],[6.482664137570666,49.79935676659158],[6.479252460198995,49.79908575282359],[6.477722174199797,49.798742443493275],[6.477472699994926,49.79920580124926],[6.475966545584081,49.79874165831474],[6.473027761361089,49.798619075772635],[6.4713312475705,49.79818061224577],[6.470779700743947,49.79835827628971],[6.4705330713409905,49.79771509592028],[6.469255588174624,49.7956356400698],[6.467158488668388,49.79409476149468]]],[[[6.3972260341459,49.773772773183325],[6.397421738342067,49.772830124272055],[6.3980639708747615,49.77172594995847],[6.3990635673544185,49.77043377992543],[6.399735616809361,49.769134976315904],[6.400910281685904,49.766598565425994],[6.400597123730526,49.76353172546912],[6.398810376647441,49.76020668243038],[6.397677092460218,49.758571217580744],[6.396616520228105,49.75745896904509],[6.396432124601285,49.75644075889729],[6.39580977710304,49.75479938996771],[6.396331875792961,49.75455049167669],[6.396794019641659,49.75337856303974],[6.396400576797449,49.75313638648417],[6.399889265494281,49.751770723962004],[6.4021875010966784,49.75075931904827],[6.40304989398249,49.75014126804318],[6.403503098751666,49.74940010616624],[6.404775030581929,49.74821547879917],[6.4073299824380126,49.747613352303745],[6.409874336745225,49.747348873551566],[6.412774714530143,49.74721208887208],[6.413492863372968,49.746884588807156],[6.4154960429727845,49.747829662926556],[6.416374598628837,49.748669126665334],[6.417309943001469,49.75019538510172],[6.41816703129789,49.751235565058025],[6.417756210055858,49.75250965824654],[6.418025625436366,49.752778889209885],[6.419905686420622,49.75347083523585],[6.419313052684495,49.75403449086546],[6.418590091986962,49.7552521470983],[6.419200296395416,49.75544493249192],[6.421729477224582,49.754301287499864],[6.422556680916403,49.754689793471954],[6.423261781155107,49.754362231206485],[6.424081614264105,49.7569916699314],[6.427763665613417,49.75602061572041],[6.427650500578138,49.75665687837713],[6.427947873969948,49.757772379716755],[6.429123136113029,49.758466344084724],[6.430289149845875,49.76031005906998],[6.432311688706698,49.76123894301796],[6.433159096851174,49.762181945422086],[6.433622434321322,49.76352025912583],[6.4330994514225575,49.76437032537779],[6.43310451987957,49.76544056190759],[6.43356307175726,49.766147192272996],[6.433556008644305,49.766825370929546],[6.431716738465451,49.766387481674116],[6.430659952885672,49.76649651897077],[6.429470959192794,49.76697372117956],[6.42814288655474,49.76679463941272],[6.427185496633309,49.7675331418968],[6.42544566046599,49.767266590083175],[6.424587474153306,49.76763072853044],[6.423130952614579,49.767202469385715],[6.42085261063782,49.768565193192806],[6.421906449915751,49.769840226697156],[6.42012105474758,49.772225279005305],[6.418412264358569,49.77139936460879],[6.415685665677035,49.772594554903684],[6.4143832173244535,49.77148527760454],[6.41319324348112,49.77163543825001],[6.410736778717769,49.76988180848948],[6.409360330449279,49.76993399854485],[6.408679758327684,49.770568701277284],[6.409708479112525,49.77184781657427],[6.408113320743904,49.77256478563388],[6.407734714252994,49.773059955772574],[6.410699543170433,49.77372707303069],[6.410262815391063,49.77505837028249],[6.4113109747469474,49.77542065215839],[6.409985555603744,49.77610601468441],[6.407606341311407,49.77634620036156],[6.406291960188714,49.77604848435797],[6.402750278060349,49.774259429220976],[6.4021617391907535,49.77410365471872],[6.399592540092081,49.773963274930914],[6.3972260341459,49.773772773183325]],[[6.424105208008376,49.75703394610588],[6.425478542827974,49.75779993797063],[6.426643242123289,49.757522136836215],[6.42693711846597,49.756367367269675],[6.424105208008376,49.75703394610588]]],[[[6.477275120196055,49.740835560611075],[6.477275183232403,49.74083535863134],[6.477386173246213,49.73969059414483],[6.478194712004318,49.73829253573878],[6.479622678951523,49.73763344994509],[6.479980068646633,49.73754411546939],[6.4815165540374595,49.738563283483785],[6.482672971320694,49.738962572992754],[6.481301333272589,49.739150032787585],[6.479870846399403,49.73958156880505],[6.480543968335444,49.74068765288269],[6.479365341834105,49.740595621842026],[6.477686821972285,49.74234024184457],[6.477217762021589,49.74219616160084],[6.477203931247897,49.740937744875374],[6.477275120196055,49.740835560611075]]],[[[6.460830447786558,49.77901752043705],[6.461988160643553,49.77983013864164],[6.4613111859565455,49.78009383142676],[6.460830447786558,49.77901752043705]]],[[[6.4787933282987895,49.814872616868726],[6.4773932785316255,49.8145704545576],[6.478364518851735,49.81406085819278],[6.4787933282987895,49.814872616868726]]],[[[6.504071822099016,49.76913745557447],[6.504395293333442,49.76962161918918],[6.502132419323832,49.77014835447628],[6.502526062649308,49.76946670364316],[6.504071822099016,49.76913745557447]]],[[[6.433847897000418,49.76615295148927],[6.435643623834715,49.76713351077903],[6.434990717822269,49.76762597157994],[6.433954579087553,49.767171720070245],[6.433847897000418,49.76615295148927]]],[[[6.529447819803478,49.808768555740514],[6.529068607453141,49.808580430513594],[6.5290517938458725,49.8071668934649],[6.529982386585166,49.80723286946076],[6.529447819803478,49.808768555740514]]],[[[6.498248985935402,49.80255453715725],[6.496061327240549,49.80061274500312],[6.497140488472805,49.80005486798345],[6.497544987176679,49.80068791266931],[6.496801331561564,49.801057318492504],[6.498248985935402,49.80255453715725]]],[[[6.495048124750241,49.80241329212623],[6.493689833098365,49.802541387402684],[6.493321028371819,49.801510326395935],[6.49394856754814,49.80114297802505],[6.495048124750241,49.80241329212623]]],[[[6.481625739843199,49.78375261268506],[6.482872428874305,49.783021965775816],[6.482644437895654,49.78267227075428],[6.48307629105127,49.781475207036976],[6.484312922228862,49.781202448867276],[6.484882105892808,49.78157107411023],[6.483797290350196,49.782410095241154],[6.483185984061697,49.783213438665385],[6.481625739843199,49.78375261268506]]],[[[6.515523009405708,49.80356597694988],[6.516369360080061,49.80443192512588],[6.518803103477854,49.80767160342789],[6.518528093589234,49.808628130874006],[6.516933716012262,49.80557437296718],[6.515458175615999,49.80384615354146],[6.515523009405708,49.80356597694988]]],[[[6.497994731793406,49.74664361822197],[6.497355327420597,49.746391906510155],[6.496903974462715,49.745220295239],[6.4987027827082136,49.745262750763835],[6.499160576129288,49.745783437502205],[6.497994731793406,49.74664361822197]]],[[[6.46907582838367,49.7553025196527],[6.469567439893362,49.755695735541664],[6.469492032316842,49.756573766390986],[6.46841790977672,49.75724184464659],[6.467877360119848,49.75698611094278],[6.466680497500102,49.755857056882725],[6.46716821513559,49.7554142213846],[6.468383447512904,49.75503251158594],[6.46907582838367,49.7553025196527]]],[[[6.45504122260219,49.76461184314436],[6.45413232581871,49.765192869454665],[6.453082153374107,49.76435959997957],[6.453208454326488,49.76378771009964],[6.454043770419466,49.762770684365144],[6.456475740649985,49.764039478363074],[6.455763104121459,49.76408646985179],[6.45504122260219,49.76461184314436]]],[[[6.496186384176711,49.756816769456584],[6.498197106969342,49.758376095858615],[6.497842182346782,49.75852712234369],[6.498473303675673,49.75986178245032],[6.497838276926719,49.760132642849925],[6.496065673194875,49.75809511702205],[6.495307394535784,49.75788549747928],[6.496186384176711,49.756816769456584]]],[[[6.487766923208559,49.74452759659805],[6.487441830544198,49.74516393000656],[6.485861125043365,49.74581569883343],[6.484424563601091,49.74681186699906],[6.484193710996482,49.746439344294615],[6.484836521115321,49.745300039448956],[6.486364017566363,49.74435037666193],[6.483710455354342,49.74297275573249],[6.484161558316698,49.742779901569435],[6.487766923208559,49.74452759659805]]],[[[6.495366589034427,49.80126899523581],[6.493875115972205,49.800699548074405],[6.494563286363356,49.79994653435482],[6.494087168222655,49.79949228851982],[6.495033499125165,49.797583199551624],[6.495901436040207,49.79754119087441],[6.496573688789099,49.79803663164076],[6.495514664560509,49.79905882554949],[6.495008834723002,49.80089424030068],[6.495366589034427,49.80126899523581]]],[[[6.509156355021946,49.776006724819],[6.507857405351832,49.77622795756348],[6.507141250019725,49.7741867462314],[6.507672226561258,49.77321273311492],[6.508535592007175,49.772625817173044],[6.508728235994908,49.771978935134776],[6.508321717757522,49.77128055613876],[6.510348301253422,49.77159133164196],[6.508975913269951,49.77294140543359],[6.508726530460301,49.773842638270324],[6.509156355021946,49.776006724819]]],[[[6.47064673876797,49.778222478698275],[6.470794931779211,49.778823887080975],[6.470352397182197,49.77983579562313],[6.469540475553295,49.78005674275219],[6.468903971360665,49.77882745001813],[6.466250553529323,49.77684683806104],[6.468845995495708,49.77637897682778],[6.4695201581388035,49.7771503891955],[6.469732870444214,49.77812500787133],[6.47064673876797,49.778222478698275]]],[[[6.4888128686463835,49.77584331399689],[6.487492114825954,49.77669553837663],[6.485976003156017,49.775857643791404],[6.484848614547826,49.77386892525846],[6.485184495379792,49.77344212911814],[6.486716203790349,49.77246973509492],[6.488750511504869,49.77390757881382],[6.4893593744109275,49.77482316016504],[6.489419199728359,49.775575733372605],[6.4888128686463835,49.77584331399689]]],[[[6.489043309204538,49.77935333314206],[6.486340311670535,49.7800467308996],[6.486142106398549,49.779443745671585],[6.488855752077736,49.77790903875538],[6.490602922344739,49.77787725375605],[6.491423743274136,49.77626059891303],[6.492543041821913,49.775357667198136],[6.493210788194505,49.775367641397885],[6.494673847831868,49.775955971729445],[6.493220012397883,49.77679438677116],[6.492518843191237,49.77760226177228],[6.492480023932264,49.77886281780772],[6.491275502165902,49.77937561309684],[6.489559940086749,49.77920606712855],[6.489043309204538,49.77935333314206]]],[[[6.48365889720834,49.77496324591022],[6.483741336842786,49.775696819918586],[6.485259409192427,49.77707217913304],[6.484060964008668,49.778672392414],[6.484710390510193,49.77913295567282],[6.48320931180216,49.780348473459064],[6.482339084477926,49.78176635724117],[6.481752683701276,49.78235136227378],[6.480948110885235,49.78149739667161],[6.480669817145347,49.780692829972004],[6.481628630194757,49.77936110140138],[6.48200429095122,49.77804188366637],[6.481758247263698,49.77745318022634],[6.48325975497817,49.776185892640505],[6.48365889720834,49.77496324591022]]],[[[6.482503297840343,49.7727713205825],[6.481840062419567,49.77299105896191],[6.4815636139021295,49.77198191720642],[6.479279066032261,49.770522310794846],[6.47562087793685,49.76999494248329],[6.474510358797585,49.769419953309026],[6.474819340757111,49.76887306122849],[6.4762772121278,49.76811244968228],[6.478335548963153,49.76808479696399],[6.480009426588353,49.76879626182154],[6.480509241501299,49.76845232713756],[6.481812027478466,49.76909463150715],[6.483429725357153,49.77056518250883],[6.483247332426066,49.771459758319544],[6.4839150328983655,49.77212238020221],[6.482503297840343,49.7727713205825]]],[[[6.492374401794238,49.74829577060298],[6.4920453965708065,49.747909119239694],[6.492395430063292,49.746902073269226],[6.493863629503524,49.746190635570514],[6.4945822936386,49.74664246340361],[6.4963998289517475,49.74671144283498],[6.497266827616285,49.74711910979989],[6.497257697344666,49.74771207193353],[6.497821370587177,49.74937645264144],[6.497513400604116,49.75009795499265],[6.496014014374194,49.75074624774806],[6.495427314813379,49.75197878740957],[6.494623445371429,49.752380082436915],[6.494441868050538,49.75162413720372],[6.494297629321363,49.751332100568376],[6.494179418007482,49.75109279323965],[6.492672500466257,49.74864607868618],[6.492374401794238,49.74829577060298]]],[[[6.4563939828126875,49.761452146214644],[6.455647331037434,49.76158455631025],[6.454090466863331,49.76252967343824],[6.453356925255941,49.76348899546511],[6.452616003604546,49.76223506970923],[6.451801077518446,49.76167625609354],[6.452749206292723,49.7604605725493],[6.453828985337765,49.76013073172817],[6.456141305811421,49.75802339212358],[6.456403482293039,49.75741102927161],[6.4572917577148425,49.756922156736074],[6.45927847876018,49.75668149441797],[6.459457119356422,49.75780919352592],[6.458123290214986,49.75901504373694],[6.457604696354737,49.7597805766277],[6.457668881731842,49.760405455316715],[6.458427411235456,49.76096599065038],[6.458056281430089,49.76153293122038],[6.4563939828126875,49.761452146214644]]],[[[6.503925333037544,49.78463732583438],[6.503932251220215,49.78362491788872],[6.504855800017209,49.78153600615956],[6.503089603929025,49.78006380583631],[6.503622001352847,49.77852648379813],[6.502228296676487,49.7781667048003],[6.501664025843619,49.778899856440766],[6.4999886468189425,49.77765294081424],[6.502046588721415,49.77773885364151],[6.50285845124091,49.7768770326399],[6.5025681522623175,49.77577567704768],[6.501193389568493,49.77582267733955],[6.4990056770291025,49.77621820814209],[6.497499143228333,49.77698202499715],[6.4954702077504125,49.77660080973622],[6.493384668594368,49.776811892436264],[6.494798413034707,49.775987074423604],[6.495272952968841,49.77628455204642],[6.497716402323814,49.77530515811533],[6.497451936649999,49.77493461160222],[6.4989997540735365,49.774710203711315],[6.501056492518028,49.77415837687435],[6.502387396744868,49.77435837774897],[6.502817559714313,49.7747353638252],[6.503892158299325,49.774920648742636],[6.504892781771179,49.775560016427505],[6.504749587022581,49.7766479549636],[6.5052824332486665,49.77817606718872],[6.50476480964545,49.77815604171889],[6.503543856930378,49.77926002511349],[6.503750698257428,49.779694020314835],[6.505326999976721,49.780075476784546],[6.505486248844915,49.78136461874036],[6.506491712973191,49.781962257252886],[6.504747047635443,49.78321308321004],[6.504322444459983,49.784496140833376],[6.503925333037544,49.78463732583438]]],[[[6.495392433480911,49.78411392746908],[6.495973715048307,49.78521749760053],[6.495912187822197,49.78572069811147],[6.493663068919899,49.78519330278261],[6.491932372441882,49.78459480530704],[6.490143293029995,49.78356254153696],[6.4879898187328715,49.78341600351378],[6.486764925738191,49.78415921879574],[6.486463047573421,49.78493005444168],[6.485357161817431,49.78518062931923],[6.484775310488912,49.78448588272632],[6.48377539511016,49.78462448024362],[6.483261153202932,49.78326657698744],[6.484678129053139,49.781780037727984],[6.485138764553536,49.78208128487752],[6.486892417733153,49.780921072350985],[6.488291522956048,49.7805059778612],[6.490259614379753,49.780611388266685],[6.49150697315191,49.78145951815669],[6.492636612165324,49.781180409301385],[6.493748416352478,49.78152934588999],[6.493128201860595,49.78217337037714],[6.496433903397139,49.78423834702986],[6.495392433480911,49.78411392746908]]],[[[6.4614662183839835,49.78263961301163],[6.459463813061131,49.782580701531494],[6.458391099312896,49.78146158123472],[6.4558830746173825,49.779126007720315],[6.455521445233926,49.778455465986724],[6.452642252956731,49.77475046424414],[6.453105008884296,49.77330763772465],[6.454484407424326,49.77315300190124],[6.456533034324992,49.773941994998665],[6.4576141995365735,49.77506626182704],[6.458181026012725,49.77612825723571],[6.458012496935989,49.777152832984946],[6.458705471523452,49.77776749737467],[6.459876412628979,49.77831968048141],[6.460574615804554,49.7789278955214],[6.46204571066754,49.78151494189709],[6.460806319392995,49.781782238143],[6.4614662183839835,49.78263961301163]]],[[[6.519624319676679,49.806269674587654],[6.519062285830236,49.807919637204975],[6.5178228766163215,49.806232715201546],[6.518244718917126,49.80559187934128],[6.5176155544092,49.80492011742742],[6.516992828598234,49.805124958023335],[6.515684629856219,49.803598804901895],[6.515768633516546,49.80260975543312],[6.514344255875176,49.801470772268296],[6.5135934397043265,49.80182748849071],[6.511809409680845,49.801014250532724],[6.513456554595007,49.799452641027656],[6.514117073303532,49.799435669532286],[6.516439886704613,49.80069541548689],[6.519800660221132,49.80309171610841],[6.520972164864779,49.80239541080844],[6.522626874423662,49.80339476540415],[6.523113223245645,49.803116512036254],[6.524872342378265,49.80446611875858],[6.524767076137922,49.80581616465585],[6.524063569949911,49.806810885899154],[6.521011664340812,49.80672722296904],[6.519624319676679,49.806269674587654]]],[[[6.468430133756147,49.81610182985434],[6.467717804565765,49.816571344888516],[6.466094104094853,49.81626422199159],[6.464778351449184,49.81546897628688],[6.463837229835425,49.81450274506556],[6.46165638571678,49.81328039149731],[6.460560835752153,49.8128885315708],[6.459198927528186,49.811770865388134],[6.45804412683474,49.811097326493446],[6.4568078473222545,49.81190941469199],[6.45530087964844,49.8111864846894],[6.4548380063080115,49.81060556940555],[6.455581882317205,49.80996899457968],[6.454629308780591,49.80945469218321],[6.455313152308494,49.808629410467994],[6.453060950175269,49.80782933745008],[6.453701422882237,49.80657506216067],[6.455161884933112,49.80674361621494],[6.456692190460479,49.80774329338863],[6.460258232352309,49.809262977084956],[6.462636826524405,49.81072310645263],[6.465843909309769,49.81230101030242],[6.4672359357222895,49.81319970448425],[6.466664851118285,49.81363514520413],[6.468096601919002,49.81490062415799],[6.469031932527565,49.81502431122105],[6.468622413157332,49.81566894041665],[6.468430133756147,49.81610182985434]],[[6.466272367789744,49.81392922599586],[6.4656262646246025,49.814463565192796],[6.466299661132416,49.81539797728036],[6.467588388389939,49.81601308810087],[6.468243403838262,49.815025270442874],[6.466272367789744,49.81392922599586]]],[[[6.470639777061687,49.81482066017285],[6.469136136850574,49.81504946283171],[6.469169681961528,49.8148503035599],[6.468613943197147,49.8149174819268],[6.468157600176765,49.81484016005958],[6.466756502060111,49.81359390660328],[6.468254236384685,49.813717479246456],[6.470016381112195,49.812844297593216],[6.471013295972017,49.81257969777272],[6.473349881345409,49.811362024903346],[6.476167177572253,49.810416445184906],[6.476997923232078,49.810283817463144],[6.479615671175144,49.80945878033843],[6.481756464277707,49.80866181663052],[6.4853490538739935,49.807977967719296],[6.4867225570456855,49.80800002001627],[6.4867753596023165,49.808668486634566],[6.487559459066901,49.80974127867053],[6.486214520603061,49.81015810249234],[6.48654929585272,49.81091015864963],[6.484638221826037,49.812080223822015],[6.484054160237893,49.81154838733998],[6.483274811277641,49.81179375270489],[6.480692389530494,49.81306009470931],[6.478061223889816,49.81401733785249],[6.475662582654041,49.81284618790101],[6.473115204133617,49.813531584217785],[6.472322303107042,49.81438782607718],[6.470639777061687,49.81482066017285]]],[[[6.444099524426601,49.74374616785472],[6.444147111729203,49.74312285709253],[6.445354331235318,49.741543346674966],[6.446383794245585,49.74218754375212],[6.447267667584155,49.742432189995014],[6.44790584817574,49.74354094787716],[6.446003887075263,49.74439986526043],[6.4476945128066285,49.74673347532172],[6.447335125736679,49.747577421209876],[6.45010212877651,49.748703872287585],[6.45009573754792,49.74947894785251],[6.453227447595201,49.74982830195921],[6.456068363384689,49.749881024724054],[6.457264343088424,49.75060964532091],[6.458593393791275,49.751002840335296],[6.459700798552527,49.751608633828226],[6.459197514401787,49.752367588391245],[6.45827111169051,49.75309339088121],[6.456915524624154,49.753079058288066],[6.453013581427544,49.75325768650285],[6.449309063995493,49.75333951995033],[6.448270936177117,49.75238047628015],[6.448564693157774,49.75191079399257],[6.4473145831918,49.751287003522705],[6.447186977204577,49.75066928137947],[6.447131056183179,49.75056191829385],[6.446985996415321,49.7503541752029],[6.446304560460063,49.74909944386779],[6.445196636339254,49.747553981559854],[6.444917933979927,49.74586159136574],[6.444098285235583,49.74422791484718],[6.444099524426601,49.74374616785472]]],[[[6.497691701675769,49.794443520075916],[6.495679061297695,49.79587332099892],[6.494738706718018,49.79550114957556],[6.493938158818484,49.79480078303974],[6.494291611811588,49.793839638528596],[6.495659158100482,49.79195916026915],[6.496553636582344,49.79095535892947],[6.497809925307906,49.79005948641237],[6.498334576445819,49.78837873299951],[6.498345245073673,49.78746582783965],[6.496603884822177,49.786534421791806],[6.496022777997259,49.78572764280185],[6.496084684431012,49.78521390743097],[6.495849003241488,49.784616015632665],[6.4961837061257865,49.78438961391326],[6.497492299341975,49.784995247874484],[6.496408138432073,49.78580430891921],[6.498438009567097,49.78697200540499],[6.49963672464272,49.78699891691112],[6.502515389916878,49.78591327080604],[6.503603762807493,49.78618000196902],[6.503979162500093,49.78486169350362],[6.504463136432928,49.78445108528032],[6.5059299969650635,49.78463935922415],[6.50535205399998,49.78566657647261],[6.504448372026292,49.786612636499086],[6.504714583534185,49.78703973107895],[6.506107608849877,49.78688437849552],[6.504226118808663,49.78844932282413],[6.504051898104903,49.78982840363575],[6.504219428882152,49.79127461726509],[6.504025308774926,49.792318395568145],[6.50330253364703,49.794447703074276],[6.502028875595361,49.79433284699454],[6.5022662951695525,49.793168426465016],[6.501483092314123,49.79305323313816],[6.5014973503416496,49.79120216030881],[6.500372237438136,49.79094100051867],[6.499124028504304,49.792050326512104],[6.498917840400858,49.79342588007119],[6.497691701675769,49.794443520075916]]],[[[6.490980792008716,49.7721298981601],[6.491263918892505,49.7735600231242],[6.491583815865922,49.77369861626408],[6.490856702183962,49.77548054620702],[6.491220554938497,49.77560988657396],[6.490903978440194,49.77684540646585],[6.490214306449052,49.77617827982069],[6.489901154975445,49.77441318497207],[6.4902297734957966,49.773209474453026],[6.488422678863018,49.77067830967287],[6.487023820058337,49.77091040806689],[6.486315468783273,49.77026791219792],[6.487281917600459,49.770089081622935],[6.487050540103123,49.7696021505519],[6.488551226851136,49.76890642843351],[6.489085955402752,49.76929501781262],[6.491986431943442,49.767232297925446],[6.493238870067973,49.76723165811049],[6.496134899508617,49.766490383094336],[6.497634655771473,49.765764497973294],[6.4989585432688095,49.76533306827909],[6.498248554098867,49.76338273198871],[6.498623976178642,49.76334839313703],[6.497721603549971,49.761481084530324],[6.496853285438587,49.76021915628887],[6.497753580148913,49.760179160698264],[6.500123944080038,49.76180432246063],[6.500791558930113,49.76293304817076],[6.5007011692154935,49.76413413547509],[6.5016964572594045,49.76574755787937],[6.5030068028313455,49.76718490948847],[6.5009387537286925,49.76848344346162],[6.497903264597545,49.76986902033091],[6.496617339282793,49.77030514032772],[6.495559029104703,49.77107460628974],[6.494170289277739,49.77174906508807],[6.495617471488437,49.77275506799866],[6.495346256713242,49.77339348884564],[6.494066721257625,49.77421890629174],[6.493906416214306,49.774942930255754],[6.492829508162902,49.77501239956881],[6.495133671681462,49.77319589797711],[6.492113772884768,49.77220374122261],[6.490980792008716,49.7721298981601]],[[6.493229962816595,49.770730066563466],[6.494367903999646,49.7706232497078],[6.49410468502484,49.77006305799252],[6.492987485608789,49.7701074533129],[6.493229962816595,49.770730066563466]]],[[[6.474468423489809,49.76375524104227],[6.473780044443751,49.76504009264549],[6.4741389289213584,49.76605539749121],[6.47529735495222,49.767496421607355],[6.4758635119183605,49.767918225509796],[6.47469961461207,49.76882744783454],[6.473693753795155,49.767990878533524],[6.472456170709786,49.767345047326415],[6.472515080973431,49.76654051406544],[6.46987106480389,49.76368671965011],[6.468970727189761,49.76361614351085],[6.467495929379449,49.76273575852518],[6.464936984643645,49.76199082262686],[6.463982934532353,49.76298761287421],[6.460605037412816,49.761967575448864],[6.458741694579901,49.761144005331616],[6.457779240761145,49.76035073766568],[6.457734078837151,49.759813234258864],[6.458248512234609,49.75905387225013],[6.459593782235704,49.757825422399044],[6.459409806360355,49.756711822358824],[6.460400855173023,49.75530074580837],[6.462036581574545,49.75475211230926],[6.463558369506378,49.75455651876396],[6.4636837097294615,49.75497983150581],[6.464736189480055,49.7555431919264],[6.464273307705419,49.75659186759458],[6.465835657537543,49.75693296284917],[6.466607233349893,49.7559457721954],[6.467503537012768,49.756803171149976],[6.468394841643232,49.757332565137126],[6.469365542740703,49.75756112080625],[6.469183793037243,49.75838766499923],[6.46961758932635,49.75886433003778],[6.472931268097947,49.76075207641795],[6.475716571722112,49.76216228255327],[6.476895528113085,49.7628875458577],[6.477232335600891,49.76371889154432],[6.476062735490992,49.76396357033431],[6.474468423489809,49.76375524104227]]],[[[6.440017506959342,49.776891406662926],[6.4370166241579465,49.775699125375574],[6.436241956877737,49.77507483092042],[6.436252647764185,49.77456250869211],[6.437137070783981,49.77367443958868],[6.437820602938351,49.77257804078579],[6.437191335366995,49.771536596130986],[6.437090851935763,49.77036746057061],[6.436756601379251,49.76988997313208],[6.437509497788921,49.769345173096966],[6.439012582969787,49.769822078818926],[6.439810809087411,49.76863519354606],[6.439550121298065,49.76814988228127],[6.441024989642787,49.76748450597782],[6.442906326377935,49.76718065725782],[6.444189226987887,49.76773743887657],[6.445360755343856,49.767242432980545],[6.448015958024496,49.76585406584597],[6.448524660854225,49.76545313788225],[6.450323322959458,49.76610466222793],[6.45040064578441,49.76693527462023],[6.44951324579081,49.76765399152773],[6.451232401747552,49.769105454596264],[6.450098186512349,49.76983383814832],[6.4496588637233305,49.771125440179766],[6.448320302196772,49.77186094434935],[6.451118351416589,49.77432838623629],[6.451236783821358,49.77555899391087],[6.450048503182917,49.77643456220848],[6.447534040181113,49.77626147952424],[6.445575084829012,49.77675298855913],[6.444808927428215,49.775782089023025],[6.443418273956908,49.7754025056386],[6.442582669872752,49.77577939131178],[6.442823898985898,49.776221198669596],[6.441868699128729,49.77652465733234],[6.440692305237969,49.776381051979776],[6.440017506959342,49.776891406662926]]]]},"properties":{"prie_denom":"ROSPORT_MOMPACH,CNE.","SUM_surfac":1260.51,"pygeoapi_id":77},"id":77},
{"type":"Feature","geometry":{"type":"MultiPolygon","coordinates":[[[[6.118947519954833,49.8138726867377],[6.117607961077289,49.813433251608956],[6.115421864120988,49.81220476997019],[6.113285594018558,49.81148386618564],[6.113592962298625,49.811434685294515],[6.114711644208979,49.811838339652375],[6.1163495720166035,49.8126208103385],[6.117000013505141,49.81308869938138],[6.117655487009098,49.81340176759787],[6.118947519954833,49.8138726867377]]],[[[6.14356775551124,49.82559741621113],[6.142124849630517,49.825157885335756],[6.142149313303068,49.82515066378082],[6.14356775551124,49.82559741621113]]]]},"properties":{"prie_denom":"SCHIEREN,CNE.","SUM_surfac":325.05,"pygeoapi_id":83},"id":83},
{"type":"Feature","geometry":{"type":"Polygon","coordinates":[[[6.228746365039279,49.89285784806084],[6.2287462182293165,49.89285787881575],[6.228675129644964,49.892751777940326],[6.228746365039279,49.89285784806084]]]},"properties":{"prie_denom":"TANDEL,CNE.","SUM_surfac":356.44,"pygeoapi_id":90},"id":90},
{"type":"Feature","geometry":{"type":"MultiPolygon","coordinates":[[[[6.186428882426433,49.84617266588436],[6.185225237677825,49.84649078563554],[6.182825593030024,49.84656569066361],[6.1828903921191065,49.84625584922883],[6.181111076016604,49.84564162036773],[6.1807747012719565,49.845296770512824],[6.183708586973796,49.84296084788674],[6.186775689422606,49.84310635191309],[6.188506590370625,49.84299584868864],[6.188757014200794,49.84233422633962],[6.188474201990893,49.84161100862089],[6.189080321251648,49.840485355817975],[6.190907349634601,49.84127037602147],[6.191829751502888,49.842810424115946],[6.191007324103496,49.84402869223598],[6.190790974131823,49.84476604763638],[6.189412964854432,49.84706931558879],[6.187305385085135,49.84601715381004],[6.186428882426433,49.84617266588436]]],[[[6.200183294436461,49.854019307505844],[6.198284920877645,49.85326196783908],[6.197096193595187,49.851937335067745],[6.19709537016703,49.85193658785941],[6.195480419280015,49.850828419011854],[6.193398527620486,49.849399882656336],[6.191547036479199,49.84822235961776],[6.19066505064582,49.8477134063196],[6.189527551809352,49.84712652425798],[6.190616267778549,49.8459331661802],[6.1945864933619506,49.846793250483984],[6.1953072350191,49.84754912719331],[6.19389633261236,49.848864295074826],[6.194769247519319,49.84956646569257],[6.19615009826313,49.847945424647676],[6.196711191849849,49.848426281912815],[6.196660550709924,49.84933762981631],[6.196149725498908,49.850279059079064],[6.197859765121427,49.85104366794794],[6.198570305656938,49.849700771122265],[6.200131317491887,49.85051211285359],[6.200391170395303,49.85259595756336],[6.200298769102702,49.854061356350556],[6.200183294436461,49.854019307505844]]],[[[6.152754466661526,49.83498793627627],[6.148113818264514,49.83559835285713],[6.1470277969200735,49.835748497879706],[6.144448745459557,49.83610505540573],[6.143453384589036,49.83622310118747],[6.143142178690353,49.836064563546046],[6.142769229357313,49.83506042420909],[6.143697135392606,49.834229414373695],[6.146028447709534,49.833039537299584],[6.146965418327644,49.83216219658448],[6.149934975267097,49.83224434661269],[6.1522398660255115,49.832584538285715],[6.1535347816457495,49.83490536355282],[6.153490637587693,49.83617196094649],[6.153120227050583,49.83785459691917],[6.152533247236362,49.83776399365728],[6.153162558329989,49.83582265668355],[6.152754466661526,49.83498793627627]]],[[[6.21294496123722,49.79168664656109],[6.214397643529606,49.79444873131635],[6.218080878816789,49.794771746963704],[6.2181001790518104,49.79332388804699],[6.218463759591338,49.793206819084446],[6.218909547616496,49.793257892443165],[6.218879154526242,49.79641202791649],[6.218185735315331,49.79699181319956],[6.216873573760305,49.79680689554401],[6.216691901174612,49.7972286914664],[6.21791638895428,49.79795866630446],[6.21634985759323,49.79841973720953],[6.215172487349856,49.7995946234323],[6.215708862392865,49.80035537349625],[6.215698181818848,49.802039606349865],[6.21464726549003,49.80194442510728],[6.213517733956336,49.80243411988834],[6.212003691921828,49.80248939633127],[6.211469359828268,49.80210342400861],[6.210097284153272,49.80169614854959],[6.209146031387421,49.80170615263101],[6.209488902166791,49.803166072944876],[6.209224804703016,49.804257819635225],[6.208657250701242,49.805015013722084],[6.209201360988586,49.805291560517865],[6.207828424849776,49.805900108506385],[6.206249790228621,49.805222635589786],[6.203598785924701,49.80492854934158],[6.202159530565089,49.80450122384764],[6.202017285144853,49.805319743732056],[6.200970026465354,49.80471462894864],[6.1992170583160275,49.80501792392247],[6.197239369428749,49.803972960886874],[6.1974427727369585,49.80324709788644],[6.196151346174652,49.802809652364395],[6.194303725027657,49.802821049612874],[6.196679042158046,49.801764683085814],[6.199186105951141,49.801450243100746],[6.201058868150062,49.801095477665406],[6.200732659401886,49.79939929631335],[6.201414015241928,49.79907633091959],[6.204502081357768,49.80023255060294],[6.202565746566335,49.802099289250464],[6.203311300678659,49.802333536927556],[6.205826039029721,49.80085699256994],[6.205398589544463,49.800628590506875],[6.207853012586987,49.79995785849316],[6.204911519976189,49.79928203230308],[6.2024993620315065,49.79852432682497],[6.20533517683809,49.79786452677429],[6.205742974135907,49.79775115077569],[6.20721275172471,49.79689743774552],[6.20816728155361,49.79612481137037],[6.208271434381651,49.795268876776866],[6.207577075029057,49.79456615485009],[6.208081740638529,49.794047564453294],[6.209509660996437,49.79362045171987],[6.211360351241545,49.79219482297507],[6.21294496123722,49.79168664656109]],[[6.207436726169389,49.802928495826784],[6.206463826307955,49.80243034899098],[6.2050359211518655,49.802387974082244],[6.204978994035012,49.80286718799215],[6.207436726169389,49.802928495826784]],[[6.199235498349069,49.803068070145706],[6.198459065289834,49.803253659498154],[6.198679463000849,49.804305684231686],[6.2000578132266995,49.80434887075498],[6.200573419018825,49.803718277754314],[6.200041406570967,49.80293001725449],[6.199235498349069,49.803068070145706]],[[6.208372079064986,49.79890107501664],[6.2107443198393,49.79759907670156],[6.2092501103392905,49.79693632975131],[6.207973718695367,49.79793960932548],[6.208372079064986,49.79890107501664]]],[[[6.164339732862207,49.82214086286524],[6.163469608027918,49.82394817452516],[6.161782405362439,49.82308873026812],[6.161203493106685,49.82308311848331],[6.160365141916662,49.822386726689594],[6.158355201268998,49.82135349055148],[6.156727424331755,49.82015764028482],[6.1569655149247,49.81990197366839],[6.158621096488877,49.82047170549528],[6.161550228492714,49.82180535506117],[6.162644961665444,49.82269139791841],[6.164339732862207,49.82214086286524]]],[[[6.188634361919003,49.82103871493253],[6.191494055387981,49.82204646032878],[6.189385383529375,49.82316901634286],[6.185766399191201,49.82408199262094],[6.179980538507244,49.823223662009845],[6.17792429315703,49.82278563807705],[6.176390629315672,49.822152727616206],[6.175944932396223,49.82202477275372],[6.174829408540425,49.821704592850445],[6.173287109554008,49.82154171901038],[6.171534323005969,49.82172936094565],[6.171085259198298,49.82293312854921],[6.171234381636072,49.82355994385717],[6.168457064223216,49.82461491777186],[6.164515016151168,49.82384933772332],[6.163624122530638,49.82394574833891],[6.164476800423558,49.822156114360396],[6.166861955032919,49.822438373174975],[6.1679173426831015,49.82211514802694],[6.168684962814427,49.8217891930842],[6.17099315994827,49.82125709092286],[6.174998548818492,49.820882825289935],[6.178424048414075,49.82189034491582],[6.181862800220197,49.82259320255434],[6.185525526845869,49.82302968226916],[6.189137111638856,49.82227194225049],[6.188634361919003,49.82103871493253]]],[[[6.191644134080622,49.811783956911896],[6.192680699528302,49.81198141422097],[6.193468371498433,49.81244543655787],[6.194068548513936,49.81371638398533],[6.1952864781078665,49.81441129993352],[6.197041518465686,49.814672238686576],[6.199272617796437,49.8152934565599],[6.201982196874194,49.81645585904424],[6.191602530140859,49.821988482798155],[6.188611382279571,49.82092962726607],[6.1876936976792365,49.8180122455978],[6.1883312466701765,49.81769903089165],[6.190042225923252,49.816075637426174],[6.190850952736039,49.814751597646456],[6.191603602499828,49.81246325890362],[6.191644134080622,49.811783956911896]]],[[[6.26819557361566,49.849369782144514],[6.266144035077753,49.85122512181863],[6.264461104469603,49.85065869772879],[6.265094069923567,49.85010418053658],[6.26316361521319,49.848995818464104],[6.262138621706379,49.84924927379217],[6.2611716757569305,49.84994557655947],[6.259614031929591,49.8499133833722],[6.258357344819701,49.849396338147535],[6.257997903848745,49.849611765930604],[6.256842398660389,49.84884689537311],[6.257754437770959,49.848620322256025],[6.257530195266885,49.84739225466508],[6.259982189974206,49.846735897496806],[6.260339575367651,49.84743323641723],[6.260768249356543,49.84766423462116],[6.2616042591432945,49.84750743282568],[6.262762622549651,49.846817559567214],[6.2643728959995775,49.84716275795321],[6.268278364804694,49.84924536060154],[6.2681987338925325,49.84936502335038],[6.26819557361566,49.849369782144514]]],[[[6.147202185305208,49.83134493520381],[6.147095198906054,49.82993748394685],[6.146497610095089,49.82786510549007],[6.146510422394281,49.827178380465675],[6.148329240516713,49.828027617184205],[6.148948747118629,49.827343365320864],[6.147910775197548,49.82639611173118],[6.149133051970739,49.825657006570225],[6.150772570597945,49.82287363251244],[6.151222877348546,49.821365654506664],[6.154656589025779,49.823392232640394],[6.155508497742431,49.823270138635415],[6.152005728376475,49.82126894832943],[6.152463734394771,49.82072535060549],[6.152050604535601,49.819918905883156],[6.1523990317783905,49.81882146834933],[6.1553656146996305,49.81995202723192],[6.158034978159199,49.82168108297515],[6.158193011050031,49.82251657944877],[6.159835252179313,49.82361912149991],[6.158863775042517,49.82452036002536],[6.15779389238719,49.82473643518717],[6.159640946485809,49.82542527533019],[6.1584544125463,49.827325206544565],[6.157551991950718,49.82715898739614],[6.155094378333821,49.82713635173091],[6.154903408659129,49.82772998498301],[6.153308963132383,49.828686788525225],[6.151037402710117,49.82841030966914],[6.149969420288545,49.82768798987363],[6.149560771233948,49.82822990336288],[6.150597689856555,49.82953925847528],[6.149119501062872,49.83211534924188],[6.14702844062713,49.83208709765906],[6.147202185305208,49.83134493520381]]],[[[6.2021795064982275,49.84653581217903],[6.203180341772984,49.847066057554954],[6.201939197949882,49.847622635935004],[6.2021795064982275,49.84653581217903]]],[[[6.24735010356303,49.83436260287978],[6.248049038723742,49.83511381069106],[6.246705136572747,49.83499192056097],[6.245698837453837,49.834459377901815],[6.246418799661168,49.83374116441614],[6.24735010356303,49.83436260287978]]],[[[6.200010379014981,49.812686176042746],[6.200577564845397,49.81316877795523],[6.199254704021997,49.814132493903855],[6.1984603056788545,49.81331964734382],[6.200010379014981,49.812686176042746]]],[[[6.17158792090982,49.83590705327588],[6.1721061034441185,49.8360513144926],[6.172103237946475,49.83699688796157],[6.171008432911744,49.83779763588242],[6.169999647095944,49.837867151401355],[6.17158792090982,49.83590705327588]]],[[[6.16117756843906,49.831179927472235],[6.160853566545306,49.83234186235998],[6.15841944736877,49.83204178938014],[6.159923533932958,49.83108975641308],[6.16117756843906,49.831179927472235]]],[[[6.261887975466633,49.84610331587587],[6.2615727247762125,49.84737073165743],[6.260465925733838,49.847395519843744],[6.259677809253292,49.84628943204236],[6.260946548795122,49.845840366687746],[6.261887975466633,49.84610331587587]]],[[[6.201851205432241,49.84693670140272],[6.201493759122901,49.84767922965967],[6.1992628368386935,49.847074426199256],[6.2003007374351045,49.84675992465187],[6.200700921443021,49.84601097999507],[6.202043391297628,49.846470413938064],[6.201851205432241,49.84693670140272]]],[[[6.230296445403646,49.818225575804],[6.230578923006301,49.8186495389038],[6.229097157864756,49.81948751521157],[6.227529279307072,49.81920419140079],[6.227098883256776,49.81827700836659],[6.228375938647468,49.81770088425837],[6.2288561781929435,49.81806616381912],[6.229990080346924,49.817732225885834],[6.230296445403646,49.818225575804]]],[[[6.2372195858796635,49.842879603912436],[6.2345405227481,49.84273904879317],[6.232762186132122,49.84227138594848],[6.232888810331957,49.84163658410043],[6.23531498069623,49.84221093581549],[6.235450520648411,49.84131673694405],[6.234559520795801,49.83980179535943],[6.235248193339671,49.839604748082174],[6.236479308683306,49.84163529455272],[6.236735541587754,49.842684438722166],[6.2372195858796635,49.842879603912436]]],[[[6.161840077307777,49.834249009475656],[6.162504996602381,49.83431721630448],[6.16136408860122,49.83597637250102],[6.158970854822935,49.8366770308928],[6.158553109503247,49.83600135775811],[6.159783782128325,49.83469474224355],[6.160609661551818,49.834159668726656],[6.161840077307777,49.834249009475656]]],[[[6.259859497601837,49.833570800149566],[6.260498072531203,49.83399916018268],[6.255742987368517,49.83757964141563],[6.255001423130506,49.83692794465226],[6.259658680480085,49.83343608268263],[6.259859497601837,49.833570800149566]]],[[[6.2403764357922435,49.810914137381864],[6.240805836672459,49.81180304455773],[6.2438714389949155,49.811881973733875],[6.2448450306725745,49.812097911372874],[6.243678852204735,49.8139847525556],[6.241403600395902,49.81257091763857],[6.240744021486114,49.81236068617806],[6.24059731259701,49.81163145464353],[6.237309428018265,49.811468483610724],[6.23688838034188,49.81108208126643],[6.2403764357922435,49.810914137381864]]],[[[6.170314237666119,49.83735119274384],[6.169828612202044,49.837879703626825],[6.167504933533743,49.838062004564264],[6.166067932568952,49.837969248158174],[6.1660953041247,49.83699081802129],[6.1664897910014655,49.835924186937994],[6.167079260948144,49.8356886269477],[6.1677866613945875,49.836409226058954],[6.168992904086897,49.836101886526755],[6.171421274636006,49.8358539426921],[6.170314237666119,49.83735119274384]]],[[[6.155834744216768,49.831984997035285],[6.1557533976515035,49.83252281173918],[6.1540965066834055,49.83180541562182],[6.153260913795838,49.829951723457825],[6.15424526913754,49.82952498831364],[6.155160783943065,49.82948058337899],[6.1572371475092345,49.82992851547785],[6.157188668200321,49.83114081143738],[6.158818436673336,49.83150593369214],[6.158229519849238,49.83205476990442],[6.155834744216768,49.831984997035285]]],[[[6.228122708305379,49.810435961191665],[6.22679525034684,49.81209454295586],[6.225076436743283,49.81230277495592],[6.224480513314584,49.811977940741336],[6.222624557483084,49.81029476121669],[6.222562939149796,49.80964704744746],[6.2216654291870075,49.809119331552495],[6.223289992308656,49.80898096161158],[6.2275945568889375,49.80904820987415],[6.2282107963683755,49.80924066199737],[6.230290551138988,49.810674132025724],[6.228122708305379,49.810435961191665]]],[[[6.21415214649904,49.84499612657322],[6.213341361218171,49.84489458812395],[6.210673535396115,49.84322300101845],[6.209236274579001,49.84288737097812],[6.207765075653837,49.8421760161912],[6.206389248571578,49.841765016502954],[6.207695659351998,49.8413224763276],[6.209308117854787,49.84128228029063],[6.212878086166617,49.84162038143445],[6.213650540359534,49.84159711249283],[6.215821979678682,49.843016842176596],[6.214558917167357,49.84481947500322],[6.21415214649904,49.84499612657322]]],[[[6.2323892102836504,49.82315350945394],[6.231128096971843,49.82281248534009],[6.232041298271056,49.82223448048902],[6.230173300442142,49.82199226757768],[6.229625825266171,49.82239569633202],[6.226715641798308,49.82224977077959],[6.225362203484953,49.82169611086562],[6.224490068029861,49.820662607031224],[6.2246891767938255,49.82004536348418],[6.2264245494369845,49.81926545704547],[6.229750898924397,49.82013487948911],[6.2299347136701115,49.81995137941276],[6.23248704321861,49.821190431367405],[6.232097001388557,49.821313912470224],[6.23315210770222,49.82271649107006],[6.2323892102836504,49.82315350945394]]],[[[6.228567312884612,49.795680315098146],[6.227963474878709,49.796389550782166],[6.226718988067089,49.79603479363344],[6.2244788695006665,49.79607530147852],[6.224790873720203,49.796872002558864],[6.226220786450826,49.79743987379954],[6.227204821542705,49.79812128688079],[6.2293358718332845,49.79867659908639],[6.22800608559823,49.799251001244514],[6.227137807379397,49.79935089065087],[6.22705140187111,49.80013204778953],[6.227518362148269,49.80089134045781],[6.2259628172422135,49.80150368704497],[6.224274200479221,49.801678320990746],[6.224154204757063,49.80110288511635],[6.223176383521547,49.80122437625984],[6.222754553131096,49.80059086044573],[6.220818927686403,49.80145584140769],[6.221004008111067,49.80218481169061],[6.220075634696547,49.80282779885193],[6.21875859338815,49.80216640316421],[6.218250533288798,49.80156829678957],[6.218689948488049,49.80059746613816],[6.219760332818457,49.7997951048363],[6.2219988044983365,49.79912426073197],[6.222421919205679,49.79841505280334],[6.221634699301182,49.79684897396031],[6.222031199316154,49.79632202137978],[6.2218203522509015,49.795448583398894],[6.222747472661262,49.79548086904311],[6.223283229397881,49.79493294902306],[6.228567312884612,49.795680315098146]]],[[[6.239808482895988,49.81045363179319],[6.240265203199437,49.81075726518311],[6.236842854156853,49.8109946355226],[6.23481271123129,49.81095511762077],[6.231942976160514,49.81048319736953],[6.230024891352225,49.81033268946137],[6.228306645681112,49.80917541552036],[6.227609598419305,49.80895873567021],[6.2232825170970525,49.80889117519633],[6.221376564982093,49.80909488095871],[6.221866553672281,49.807992569267384],[6.219827963525374,49.80772918625345],[6.218277300115566,49.80786770712681],[6.21694414460249,49.80715397624167],[6.215878783709687,49.80594167366517],[6.216252990901234,49.804801495627004],[6.21669902348449,49.804367504881995],[6.218526724573381,49.803319833128256],[6.219756300022839,49.80325652714254],[6.221773000781425,49.80361603247932],[6.222175465036172,49.803524586722865],[6.223365122967664,49.804378672290596],[6.224131243644777,49.80461250986666],[6.22378948273936,49.80531179022282],[6.225479770176541,49.80572794130103],[6.225989116261583,49.805580479451756],[6.228031439286332,49.80673979189385],[6.228855428856729,49.80579281617713],[6.227800735578509,49.805328373495456],[6.2270869045031265,49.804592046710134],[6.227707490824233,49.804299886394304],[6.229065038044843,49.80523285383193],[6.228937026772833,49.80564091449664],[6.23180576579443,49.80619965680442],[6.23187473370838,49.806768999070485],[6.232794924890854,49.807574228049354],[6.233938604345515,49.80741596841438],[6.234540929494781,49.8085349253907],[6.234397157070585,49.80919918716151],[6.234809281530602,49.81024222722727],[6.236168417626839,49.80993480093119],[6.2349093062114,49.80625335822657],[6.238581229712432,49.805304701142916],[6.2393823357726905,49.80659347451051],[6.239808482895988,49.81045363179319]]],[[[6.203573755518043,49.826820422015935],[6.205950222333611,49.82749619146865],[6.209193915998352,49.8290499887874],[6.211629384173846,49.830748800167235],[6.212357425033338,49.831058233557165],[6.206427331335548,49.8318504046807],[6.205932010894176,49.83203274881708],[6.204378796475881,49.83152206563077],[6.201937834451253,49.83135397800912],[6.202004809296753,49.82942829402636],[6.203308254857742,49.82703722131679],[6.202048549282613,49.82681698844716],[6.199721815483831,49.82688797129033],[6.199079551782658,49.82724687705248],[6.198276828666971,49.82706881011001],[6.1965810255232165,49.82710800188937],[6.1942385001218545,49.82662830127846],[6.192847759902993,49.82739684408364],[6.195145046492145,49.82816379569932],[6.193367829155231,49.82944724214425],[6.192125240037415,49.830698745640966],[6.190924945464864,49.83045840739364],[6.189583482354703,49.829684308689764],[6.189241848323583,49.82906293979191],[6.188911260054423,49.827326815710734],[6.188830614888816,49.82568504580093],[6.1904009504135855,49.82463049693023],[6.1910874955644335,49.82495626920013],[6.193058863571552,49.82378801280523],[6.193344306950515,49.823063606661655],[6.19081071306312,49.82277824684488],[6.189524939556884,49.82321120794571],[6.204841611509549,49.81504651759645],[6.205028073876012,49.8153544767431],[6.20445052391261,49.8164890753305],[6.2074318384893346,49.817837117852044],[6.208775083030632,49.8181972699235],[6.209185587579866,49.817926989037424],[6.2111052503217286,49.81823132987653],[6.215683837362046,49.81967160999664],[6.216554013987282,49.821057964267325],[6.216670297223896,49.82239365869432],[6.215712489271984,49.82289565285525],[6.213237393923406,49.82293817733317],[6.2132800061606925,49.82351400733154],[6.216971070302316,49.823703155758395],[6.217985184495371,49.82405797324339],[6.217920188649087,49.82518891964684],[6.216631991454898,49.82602972556346],[6.214955368811506,49.826258836050044],[6.214805896728988,49.82675239503282],[6.210802880948568,49.826123445221704],[6.208625233071945,49.82549233120359],[6.2070189809036425,49.825352148650445],[6.2072717074588954,49.824954979860884],[6.204038329812663,49.82426511945011],[6.203985492011144,49.825712426601456],[6.203573755518043,49.826820422015935]]]]},"properties":{"prie_denom":"VALLEE DE LERNZ,CNE.","SUM_surfac":747.8,"pygeoapi_id":93},"id":93},
{"type":"Feature","geometry":{"type":"MultiPolygon","coordinates":[[[[6.300094379531531,49.78615026377358],[6.300331730200328,49.78636567913467],[6.300839083947154,49.787118273739175],[6.301900658481652,49.787559003122645],[6.302821260301668,49.788203809173645],[6.302979040403217,49.78968315229714],[6.3024856422948625,49.79003155665005],[6.3021098611346815,49.790995580801294],[6.3003176537329075,49.79249846127582],[6.299189297716039,49.792950407303934],[6.29853920199585,49.792523478953456],[6.299711794915697,49.791957122631196],[6.298712158398837,49.79141349501631],[6.298263009327637,49.790690673227815],[6.298793983892861,49.78984439525886],[6.3006558476087005,49.78828536954421],[6.299513053385154,49.78749873239387],[6.299164981636048,49.786761215044514],[6.298224631801687,49.78636860495195],[6.298061714949167,49.7847590975562],[6.2973463207340625,49.78418520685655],[6.29589304206447,49.78473423035769],[6.294869699030243,49.78542154344195],[6.2929800122512125,49.787162255204954],[6.292086260191682,49.78752375891207],[6.2905503153104965,49.787788283796516],[6.288535294818893,49.78866835072077],[6.287712396049356,49.789416591210696],[6.286328188182834,49.78967421710344],[6.285997983338342,49.788368328851895],[6.286045409361087,49.787630617196015],[6.287491805016728,49.78640083005248],[6.287353330041986,49.78575969330866],[6.290530505344552,49.78488936101529],[6.291314185931811,49.7838726321923],[6.292248577942275,49.78336876354409],[6.2955656471060175,49.78299128104906],[6.297031065262907,49.78337129640175],[6.297090960707122,49.782226016666456],[6.295988227920153,49.7818281426827],[6.295380608578157,49.78079888885149],[6.293582938600907,49.779667597589885],[6.293316308756652,49.78079873444679],[6.292061320732829,49.78091565141947],[6.291254195847305,49.78210484170728],[6.289887380545415,49.78153087024383],[6.29031662765332,49.78082694640718],[6.2899564225214135,49.7797647649575],[6.290277179862126,49.77815406791294],[6.290575243862401,49.777671781907294],[6.291759049057833,49.77747205230521],[6.292153746325518,49.77806526686861],[6.293275722953957,49.77826834949352],[6.295313904623329,49.77934376742774],[6.2965320719570395,49.78014174539647],[6.298459995016626,49.782056891435545],[6.298797710729092,49.78441684523756],[6.299315310857377,49.78557977922986],[6.300094379531531,49.78615026377358]]],[[[6.2965939717826025,49.7796557247029],[6.2965954165327815,49.78010669649142],[6.293967294309436,49.77849813294513],[6.29330391000307,49.77821749100181],[6.292197671007585,49.77801929264054],[6.292248029809687,49.77769011053853],[6.293983304429949,49.77816148840153],[6.2965939717826025,49.7796557247029]]],[[[6.278917468708468,49.762696994826],[6.280684051809458,49.76411183986584],[6.280891355170309,49.76491085042259],[6.281714065420056,49.76576943256907],[6.283271629074848,49.766532809479],[6.283773713187956,49.76700226161262],[6.283546031099753,49.76814849025788],[6.283981167316572,49.76908210792796],[6.283914769684441,49.76970380249935],[6.284411689483324,49.77167879762075],[6.284167050257397,49.77276914584969],[6.284342196481597,49.77344687493437],[6.28543398608784,49.77389414497151],[6.287682482188431,49.774181585477685],[6.289719714992481,49.77491738195147],[6.291235474321177,49.77566050708934],[6.291883843244619,49.7766096133597],[6.2917680794681905,49.777418244806825],[6.2909346061711355,49.77748031086668],[6.29040176949896,49.77772139472878],[6.28984404645261,49.77960678249188],[6.28879361974589,49.77967424991689],[6.288959316301646,49.77844968089773],[6.288711012238047,49.77736610793159],[6.289462783623569,49.776630567514786],[6.287564902370347,49.77528297935403],[6.287357308079151,49.77482248218078],[6.285866554768765,49.77461917278617],[6.283621446570943,49.77372029855126],[6.282103823776069,49.7732988833519],[6.282595425641433,49.77259318769941],[6.283243251020538,49.77262627148941],[6.283506077024433,49.77180970916485],[6.282717720548704,49.77120649889198],[6.280020817695604,49.771183442026384],[6.281273478953459,49.7705570218969],[6.281005458189743,49.769973016573196],[6.282318351718594,49.769688951445886],[6.282715165501507,49.76815091257384],[6.282226995208774,49.76686589049291],[6.2802879385615515,49.76509861511279],[6.279306997461058,49.763492073731825],[6.277211631353846,49.76316082450477],[6.278821837609936,49.762962555503485],[6.278917468708468,49.762696994826]]],[[[6.252615678903725,49.78080544360593],[6.251882797747174,49.7814577038172],[6.250793942862201,49.780752827195016],[6.250294912146697,49.78119063071764],[6.247730916041056,49.78037097502665],[6.251222010079566,49.7768511214064],[6.2527111172837,49.77750399195461],[6.253572917957826,49.77811799609791],[6.253913521282491,49.7787651018873],[6.252615678903725,49.78080544360593]]],[[[6.280595189107043,49.77894666767979],[6.2807715648732,49.7806877770292],[6.280166888726668,49.7817612255403],[6.279534667136481,49.78059090340014],[6.280595189107043,49.77894666767979]]],[[[6.278704546349338,49.77985242273852],[6.279626078425172,49.78087197075822],[6.280109551646153,49.781820866643855],[6.278387401045064,49.783956764573354],[6.279011364502459,49.781576209944504],[6.278704546349338,49.77985242273852]]],[[[6.306222533476646,49.80182414028301],[6.306180132590401,49.802030491824326],[6.304290066639073,49.80314073061928],[6.302616133719903,49.80234701514456],[6.303234354793062,49.80168781733204],[6.304199427640827,49.8014134623893],[6.304583759453555,49.800704027295026],[6.302866852513441,49.79955116606276],[6.302685439907702,49.79843814839528],[6.302915100135532,49.79791376606367],[6.30422201106472,49.79772042088326],[6.303092083752382,49.79615250187531],[6.303562966259673,49.79601911198831],[6.302394531967433,49.793562994519704],[6.3026969496773,49.79199932579233],[6.302181084265554,49.791023787738546],[6.302566114516502,49.79004594726469],[6.303702680235341,49.78974590693536],[6.305187316098526,49.79112601233673],[6.305535706945587,49.79209154366801],[6.304603234186437,49.79302616842284],[6.30588154776307,49.79494315726018],[6.305878306280816,49.79590929457507],[6.306608479653554,49.79666376455282],[6.306910989956037,49.79782817386159],[6.3067780663935125,49.80185838346317],[6.306222533476646,49.80182414028301]]],[[[6.273855789049164,49.80682321452146],[6.274676131625281,49.807524612464114],[6.2754959796789,49.80768903529273],[6.276348421544135,49.80846944600531],[6.276753841776236,49.809198523713206],[6.277409763143618,49.811295999113014],[6.277005665360738,49.812260694043054],[6.275054350579713,49.813238741012086],[6.272481277141704,49.81287599560732],[6.271015223450815,49.81122974688649],[6.270990839024974,49.809791459318674],[6.272269567823664,49.80818278573848],[6.273855789049164,49.80682321452146]]],[[[6.293493964956312,49.81992080387968],[6.292897133183676,49.818986017386145],[6.29057506878892,49.81869360882121],[6.286849365854983,49.81755039426836],[6.2856905815551505,49.81625349750589],[6.286235461634847,49.815646106892565],[6.287518238737961,49.815794117308194],[6.288584271307492,49.815405436151146],[6.289198367509096,49.81551251713903],[6.290665229633807,49.81633479099492],[6.292322858503662,49.81690604414477],[6.294661585166085,49.81700571618104],[6.297004165078328,49.81743462895985],[6.2997774880210065,49.81756793070876],[6.298722011836363,49.81926691513614],[6.296956168533811,49.819585621693406],[6.293493964956312,49.81992080387968]]]]},"properties":{"prie_denom":"WALDBILLIG,CNE.","SUM_surfac":180.84,"pygeoapi_id":96},"id":96},
{"type":"Feature","geometry":{"type":"MultiPolygon","coordinates":[[[[6.2740572927462965,49.83395311028606],[6.274789777016649,49.83429550652489],[6.273732056606319,49.83572006286431],[6.275568746047004,49.836366282842334],[6.273024884787668,49.83813992171034],[6.2712468698359904,49.838792610442425],[6.269403074748939,49.839665648914135],[6.268013596741133,49.838836116969],[6.2635226254636,49.835821992206924],[6.262194004358529,49.835149566630164],[6.259792190006175,49.83340804190782],[6.257144443228523,49.8316190981635],[6.2546435169675645,49.830134855796864],[6.2549865847017685,49.82785555181151],[6.257019352776828,49.827266545123045],[6.266961822160284,49.82401332452462],[6.268707088165766,49.826137251818814],[6.268110017968947,49.82641545936622],[6.267888366367845,49.826570619621556],[6.267541379628919,49.82687712273965],[6.267292829102927,49.82716078810925],[6.266320685335168,49.828549934683714],[6.265356245131773,49.82941448980231],[6.264531644382806,49.83163345066294],[6.265082398767465,49.833112395466166],[6.264445469306357,49.83441511440751],[6.263748482700716,49.83531071458877],[6.264861460960727,49.836166929327376],[6.266762222493376,49.83672493775441],[6.267006140439987,49.83701500735742],[6.269260119454617,49.83597052151425],[6.268268630192208,49.834984576118224],[6.266973006453268,49.83269443045446],[6.2690988429566055,49.83235803896662],[6.268947841144748,49.83024705539641],[6.272716199744759,49.83148300510722],[6.275978405224803,49.82568625055006],[6.277168688176729,49.82594124034828],[6.275083860852536,49.829466440899594],[6.274039429806006,49.83150775003093],[6.274353543868361,49.83200725101452],[6.27406736742428,49.833893816627274],[6.2740572927462965,49.83395311028606]]],[[[6.278713520694388,49.8359400247778],[6.281867199336038,49.8359207975251],[6.282226956170576,49.834343388828536],[6.2848925400502464,49.83496331783253],[6.285924490621866,49.83467879061982],[6.2871007823239164,49.83350002161174],[6.287781301155139,49.83340553235396],[6.2878713320344515,49.834443413716],[6.287346314465382,49.83467076229183],[6.286761516751544,49.83595473041808],[6.283733636109831,49.83612366451129],[6.28188064568314,49.83603072912265],[6.279911525853187,49.83609731779216],[6.278713520694388,49.8359400247778]]],[[[6.289802111234959,49.83191876062447],[6.288362340885345,49.832533778939236],[6.287539698237421,49.833220734146195],[6.284021550865836,49.832981667821834],[6.284257180312596,49.8323794177859],[6.285625863783591,49.83249436685711],[6.286882770287823,49.831019417026006],[6.292896440351227,49.82742390324205],[6.294360426283157,49.827963117175386],[6.2948712340470765,49.82845211949733],[6.292087452727864,49.82953553722936],[6.289852004342238,49.83086102246829],[6.289066355713157,49.83188513453182],[6.289802111234959,49.83191876062447]]],[[[6.314977805540163,49.85808392717578],[6.3141361928147965,49.85943925792023],[6.313566477624323,49.859241431507115],[6.314691933727427,49.858012300397824],[6.314977805540163,49.85808392717578]]],[[[6.262856144630109,49.838410433919215],[6.2639131992565735,49.839129650426514],[6.263682605305698,49.8397024600423],[6.262652687469136,49.83956511924312],[6.261488945118553,49.83891953963606],[6.262298055598452,49.838329613940566],[6.261317444432093,49.83787936450252],[6.260359420989359,49.83817514988946],[6.257833625643904,49.84014494531085],[6.2573575842649864,49.83905460215004],[6.259486467413053,49.83753697266673],[6.258466430387516,49.83686966861037],[6.260268703676542,49.8357419934699],[6.26151033348894,49.836320113858555],[6.26114155765228,49.836626599082926],[6.263328689090355,49.83781786542767],[6.262856144630109,49.838410433919215]]]]},"properties":{"prie_denom":"BEAUFORT,DOM.","SUM_surfac":145.81,"pygeoapi_id":105},"id":105},
{"type":"Feature","geometry":{"type":"Polygon","coordinates":[[[6.3743466771398465,49.735242377256405],[6.375370216019378,49.73549860279042],[6.377154552920504,49.73907764266322],[6.3756548469752286,49.73882053249878],[6.3751478271084885,49.738437625929535],[6.374349114285308,49.73659773810414],[6.3743466771398465,49.735242377256405]]]},"properties":{"prie_denom":"BERBUERGERWALD,DOM.","SUM_surfac":254.93,"pygeoapi_id":106},"id":106},
{"type":"Feature","geometry":{"type":"MultiPolygon","coordinates":[[[[6.231649125555845,49.89277205507789],[6.229085606462919,49.893363475558516],[6.228746365039279,49.89285784806084],[6.228675129644964,49.892751777940326],[6.230305548091036,49.892379440593416],[6.230571815927765,49.892666660700705],[6.23203975199495,49.89227850278545],[6.231649125555845,49.89277205507789]]],[[[6.255478232644293,49.859966680139166],[6.256323963092727,49.8601302916845],[6.254959870743766,49.862251767614765],[6.253964559466792,49.86167882583409],[6.255478232644293,49.859966680139166]]],[[[6.2570449402824355,49.860439102262724],[6.258070220270211,49.86119036796278],[6.256462881603679,49.863141230018925],[6.255466404437024,49.86255886197043],[6.2570449402824355,49.860439102262724]]],[[[6.259037795220523,49.86200505401935],[6.2575534988518715,49.863625338707905],[6.256767451816941,49.863280169770434],[6.258307142889644,49.861451629009565],[6.259037795220523,49.86200505401935]]],[[[6.260958910178527,49.86330292924155],[6.260094271056725,49.86470328274395],[6.259672926269147,49.8645318090462],[6.260958910178527,49.86330292924155]]],[[[6.250734672324933,49.860098244896264],[6.2503692690448664,49.85904230293836],[6.247090840465999,49.858312412332836],[6.248110937658263,49.857553346630134],[6.249511925815743,49.857977130461975],[6.254966866480951,49.8587425467613],[6.254798159798746,49.85988861793399],[6.253408571360156,49.85967352502673],[6.252875880004956,49.86035774581178],[6.251946857963301,49.860833941942765],[6.250734672324933,49.860098244896264]]],[[[6.262218932592233,49.865180670558765],[6.261768355720677,49.865715710131205],[6.260035350220921,49.86516607636932],[6.260374610467703,49.86481633945225],[6.262218932592233,49.865180670558765]]]]},"properties":{"prie_denom":"BETTENDORF,DOM.","SUM_surfac":253.74,"pygeoapi_id":108},"id":108},
{"type":"Feature","geometry":{"type":"MultiPolygon","coordinates":[[[[6.274576524877029,49.68531202312072],[6.275194839169281,49.68662400085656],[6.272398448894076,49.68726213930861],[6.269907194228047,49.68801129654107],[6.269896336559957,49.687503905773006],[6.2676299839232765,49.687572785112735],[6.267479438315702,49.68546185397064],[6.268082146852443,49.685282233978235],[6.267998517112476,49.68457841050376],[6.269483283950383,49.68436069821793],[6.270794834306378,49.68473526180103],[6.274576524877029,49.68531202312072]]],[[[6.265747941877169,49.687931337511294],[6.265131901151439,49.687976560861955],[6.265678123988256,49.68561354895871],[6.2662277847590016,49.685613265824806],[6.2659625811941515,49.68782188893356],[6.265747941877169,49.687931337511294]]],[[[6.267082735796196,49.69272539246419],[6.26491872193418,49.692937892673534],[6.2647239737185725,49.69261068670228],[6.263463752304593,49.69242311247071],[6.2635009722238335,49.69179256022277],[6.266546482665367,49.69189158672173],[6.267082735796196,49.69272539246419]]],[[[6.285532092441523,49.684673851843336],[6.282771198449329,49.683987755527106],[6.2827556832814055,49.68311250817855],[6.284531382517272,49.68095731617534],[6.285471159247182,49.68057640512451],[6.28760785387271,49.68100028218745],[6.289053524208222,49.68168396644268],[6.28839237309386,49.682217639894226],[6.290135313308267,49.683119028182546],[6.287310450715768,49.68458121310004],[6.285532092441523,49.684673851843336]]]]},"properties":{"prie_denom":"BETZDORF_RODENBOURG,DOM.","SUM_surfac":124.85,"pygeoapi_id":109},"id":109},
{"type":"Feature","geometry":{"type":"MultiPolygon","coordinates":[[[[6.224294877366075,49.741126842065704],[6.222954384465842,49.739113607796256],[6.223670965434673,49.739109961451405],[6.225096341902959,49.739761869648575],[6.226580901882104,49.73936408292778],[6.226915503086362,49.73980159478654],[6.229490099762101,49.74044601614062],[6.229767157941088,49.74069820621052],[6.233069758351724,49.741615176989605],[6.233777377587403,49.740938048795094],[6.235684280075083,49.74291571190083],[6.235896465228926,49.74347637988939],[6.2348372625854696,49.744317259096285],[6.23217434518338,49.744477195145514],[6.230880642738267,49.74472966175444],[6.2313602909176025,49.743926939317085],[6.232820522025012,49.74435822810378],[6.233490962741891,49.744073942463864],[6.231587245135586,49.743312781820016],[6.230158100733221,49.74316797106717],[6.226101067202212,49.74232306797254],[6.225301809130252,49.742287049751596],[6.22461984028743,49.74149625186816],[6.224294877366075,49.741126842065704]]],[[[6.23069390091847,49.747610739451474],[6.229328865670648,49.7459818297322],[6.229550263607567,49.74536656816708],[6.230927216262919,49.74481435278267],[6.232202146306237,49.74456527942424],[6.234868905423161,49.74440487567194],[6.235507025121775,49.74418231093408],[6.236034826654438,49.74348302829067],[6.235994650455817,49.74313384701946],[6.235351735572538,49.742402646855474],[6.238381087488398,49.74078586455677],[6.240120561662467,49.74133981726606],[6.241949683136968,49.741224147675915],[6.243099671809788,49.74134850527582],[6.243575194236288,49.74096425341109],[6.244695893807209,49.74092628921649],[6.245575478739159,49.740474657146144],[6.2458684428047455,49.74145369136485],[6.247205751303595,49.741916989455106],[6.248147695190397,49.74192676368724],[6.248340426735539,49.74293901045718],[6.2463312502974535,49.74334833925278],[6.24711237668748,49.74565724824293],[6.245406683961693,49.74574947879504],[6.2448638197903295,49.74354412570065],[6.244222963704444,49.743646464093324],[6.244583846988309,49.745949785501445],[6.241476715207588,49.746120730932546],[6.238911562918109,49.746648358572],[6.237612644341188,49.747039906151954],[6.235212686410778,49.7473719519751],[6.2310172207516485,49.74771702445622],[6.23069390091847,49.747610739451474]]],[[[6.209849692390522,49.69230937871305],[6.210527803702577,49.688945930624854],[6.211745058532952,49.68902926141936],[6.212246602729265,49.68892855058889],[6.212859060993586,49.68862803313383],[6.213000133878696,49.68932992766563],[6.214281584848472,49.69014247246978],[6.215365250266283,49.688585950670394],[6.2145242683017035,49.68834564738969],[6.215735561355719,49.687227308353904],[6.216558308576768,49.685910138200654],[6.214467847422626,49.685472618119235],[6.215461239635704,49.68494430160216],[6.216042804135413,49.68499743495271],[6.219532146703684,49.68534903272256],[6.219374372952716,49.68597968129239],[6.217422041362018,49.686186115247786],[6.219081451382386,49.68701841616305],[6.219772544471839,49.68608399871738],[6.22048496579779,49.6862761230648],[6.220863826208651,49.68548553178369],[6.224246377690204,49.68573763281778],[6.226160793446381,49.6860614456416],[6.228060058617274,49.68592418589219],[6.228565748865464,49.68695110838467],[6.227905757262313,49.68778611931868],[6.229936064445325,49.688346333718364],[6.229931298918234,49.68917602358514],[6.228690684900641,49.688982501064025],[6.227561790602479,49.689558706971084],[6.223858524199237,49.68792519497769],[6.222326476017366,49.68942448885571],[6.22226739287049,49.6898470252489],[6.221156923140566,49.69094991998189],[6.222434106234131,49.69152109726796],[6.221558883696176,49.69242023896593],[6.217702485089975,49.69586446612119],[6.213568026723769,49.694626703587765],[6.213314174099959,49.695187856696066],[6.211274210372468,49.69488769754183],[6.211100917094695,49.6957660812386],[6.205843085299794,49.693233575552476],[6.205151618341694,49.692771973601864],[6.202568278967659,49.69297120602357],[6.201280271132809,49.69306447311973],[6.200940014568563,49.69504779136717],[6.201774476755346,49.69496554326383],[6.201415778091161,49.695970862914415],[6.198755621650424,49.694429107695896],[6.199123558607757,49.69380509989014],[6.19667969009211,49.69223190074809],[6.197516738608066,49.69150252135539],[6.199378417674891,49.69105647834128],[6.20263894140068,49.69123440850954],[6.203633566463285,49.6918716635659],[6.204957237136804,49.6923582969459],[6.20596736713383,49.69212512673194],[6.209193332182859,49.69282279729435],[6.209849692390522,49.69230937871305]],[[6.222015073513563,49.68733756585273],[6.221098688701223,49.68846765853311],[6.221967291898217,49.68917934131953],[6.223348649489748,49.687270617624584],[6.222352645428798,49.68691410775542],[6.222015073513563,49.68733756585273]]],[[[6.221922921207538,49.73088035248985],[6.220989890630699,49.73237978961869],[6.22267609909516,49.73331692938758],[6.222567394675413,49.7344581945474],[6.22120825819616,49.73594788248477],[6.22167104638869,49.73741628489667],[6.220623053281629,49.73741980716794],[6.21944567980326,49.736884367136035],[6.218303757980823,49.73596249716267],[6.217529147460182,49.734682005078824],[6.216194334349282,49.7338435297905],[6.214195550553462,49.73281408478797],[6.2131649698822145,49.73248634513394],[6.211816043331305,49.73304398425008],[6.2108437480278695,49.73192185339984],[6.210564383234949,49.73035569585737],[6.21141914403483,49.72831775234164],[6.212143880269094,49.728406381913],[6.2134225705387784,49.727237788333255],[6.214442819298293,49.726832152593346],[6.215755412157336,49.72668382433635],[6.215842533557853,49.72720117472749],[6.217568247796695,49.72768444314282],[6.219116464011677,49.7289380114085],[6.22129343290655,49.730345955543456],[6.222072483652724,49.729728473110086],[6.221974722564174,49.7292819329956],[6.222217225915715,49.72962705461991],[6.221418081011373,49.730324917981264],[6.221922921207538,49.73088035248985]]],[[[6.226005660610833,49.70919446146825],[6.225546620300818,49.708264705398506],[6.225695469127036,49.707558417152654],[6.2257873313401815,49.70745513305824],[6.226138040210764,49.707314334524085],[6.226232005506835,49.70723977599786],[6.226446348119448,49.70714177006025],[6.231580798293404,49.710103045269896],[6.230901190226324,49.71181441902965],[6.229487005975852,49.71113778722973],[6.227231928042414,49.71072156060321],[6.226539223372729,49.70979277474183],[6.226005660610833,49.70919446146825]]],[[[6.2143573515574495,49.701898523746934],[6.215210786651418,49.70160947127185],[6.2144440951806885,49.700927726396166],[6.214773082859844,49.70014916851251],[6.2183801764217455,49.70008039849145],[6.2205560922596375,49.70033060261021],[6.2230064622315435,49.700821198811084],[6.2244266615971355,49.701654034177736],[6.223959363703649,49.70185423782841],[6.222220454779489,49.70133910030822],[6.221561217886291,49.70167010967245],[6.220232172448555,49.70169158803526],[6.21951197479515,49.702093667965485],[6.218384124089855,49.702243725126515],[6.2166721020724385,49.701723661679786],[6.215967088431162,49.70241119296321],[6.214339620843304,49.701939877098],[6.2143573515574495,49.701898523746934]]],[[[6.228317006904132,49.685246517802995],[6.227852360092569,49.685287786650036],[6.228302763252205,49.68521817819017],[6.228317006904132,49.685246517802995]]],[[[6.228157306995289,49.743558432080526],[6.22541719753396,49.74355066683701],[6.225363695987629,49.74331472134061],[6.228024975135692,49.74340337446666],[6.228157306995289,49.743558432080526]]],[[[6.230484400128895,49.71870684000819],[6.228944072921601,49.719790945762064],[6.228576652319594,49.71961631607482],[6.230484400128895,49.71870684000819]]],[[[6.233236964162043,49.72321275241342],[6.233791293690499,49.723651422961964],[6.233631760852675,49.72432203040725],[6.232468087805124,49.72507850885954],[6.231655852631909,49.72441612502927],[6.233236964162043,49.72321275241342]]],[[[6.231228885743525,49.71904451862672],[6.231606385891094,49.719454999780524],[6.229851459942778,49.72055934723695],[6.228968680838221,49.71988529230872],[6.2299527297704325,49.7192824830655],[6.231228885743525,49.71904451862672]]],[[[6.236212862137952,49.70904275933125],[6.236567141971513,49.70932807188196],[6.236027297755553,49.71022548249791],[6.236477705827946,49.711009882840145],[6.233944173090098,49.710591973259255],[6.233502308297303,49.71029637422233],[6.234692875146663,49.70915049122271],[6.23415954158851,49.708811498700065],[6.234902353849057,49.70812328869952],[6.236212862137952,49.70904275933125]]],[[[6.24865361742398,49.7335449084159],[6.2514196400020134,49.733581147268815],[6.251906286872681,49.73439726856178],[6.2484208669155725,49.736591858534894],[6.247868852201712,49.735218345640575],[6.24865361742398,49.7335449084159]]],[[[6.224272252516035,49.70257606886665],[6.222889068531327,49.704550391204286],[6.221641411150918,49.703615396753285],[6.219464050455072,49.702781664974964],[6.221746262378919,49.701879573532665],[6.222833554930579,49.7018174259908],[6.224987636634718,49.70210707389697],[6.224272252516035,49.70257606886665]]],[[[6.226186632337106,49.716489559462126],[6.223367581370363,49.71744132301612],[6.223219227097444,49.71673169792944],[6.224035218964381,49.71605167878852],[6.224937466836113,49.71590405271025],[6.226462162495171,49.71412684980382],[6.22817915217166,49.71472195167269],[6.2287723349257655,49.715775115956944],[6.22688770172803,49.71648288526481],[6.226186632337106,49.716489559462126]]],[[[6.233236964162043,49.72321275241342],[6.231848672203311,49.72211788541811],[6.230278779796536,49.7229720862011],[6.22898079902708,49.72225718054535],[6.230708621128739,49.721228400616816],[6.231816376033314,49.72209245399918],[6.233251774280975,49.721336633584194],[6.23261560934782,49.72041745209451],[6.234926667142728,49.72151111008359],[6.236437126937571,49.72269011321392],[6.2360392619809915,49.7231515418762],[6.2349443053229185,49.72228953098675],[6.233236964162043,49.72321275241342]]],[[[6.256030243986022,49.735416128568026],[6.257438061525103,49.73628767218476],[6.257468098104518,49.7373854476212],[6.25716572858567,49.73826037465039],[6.2572422571977135,49.73929922031961],[6.253717511253352,49.74078784665911],[6.252142750977177,49.7398167449556],[6.256655036425912,49.73753499646151],[6.254696283450166,49.73540218196379],[6.2501549364723825,49.73826956909349],[6.248851162182522,49.737394661493326],[6.25254254011847,49.7351013033941],[6.256030243986022,49.735416128568026]]]]},"properties":{"prie_denom":"BOURGLINSTER,DOM.","SUM_surfac":317.12,"pygeoapi_id":112},"id":112},
{"type":"Feature","geometry":{"type":"Polygon","coordinates":[[[6.110862443304227,49.808580505733026],[6.1108821084122305,49.8083013025204],[6.110897138949686,49.808352101288065],[6.110892890003496,49.808450792745106],[6.110862443304227,49.808580505733026]]]},"properties":{"prie_denom":"COLMAR_BERG,DOM.","SUM_surfac":415.22,"pygeoapi_id":118},"id":118},
{"type":"Feature","geometry":{"type":"MultiPolygon","coordinates":[[[[6.326609436651691,49.80854518493225],[6.325048730419493,49.80892949076429],[6.322985982679972,49.80913749610081],[6.321375229319201,49.808188036592654],[6.320765372957924,49.80756178138082],[6.319367549323049,49.806982962646025],[6.317514402545262,49.804947711730186],[6.316911739442644,49.8046551479086],[6.3164776843217245,49.803924146706784],[6.316471293170212,49.80348539813068],[6.315743870969294,49.80181035149639],[6.315717589738524,49.80134779738342],[6.315610960345376,49.801065741005445],[6.314723211467359,49.80011651883498],[6.3141800314158445,49.79927260823222],[6.313226396995677,49.798074537999604],[6.31307629122839,49.79666250232205],[6.312511490535114,49.79550125566002],[6.31256440008415,49.79434444874349],[6.312315791440425,49.793736758713926],[6.312418017851379,49.79217476508781],[6.313233529263242,49.79145341879813],[6.315898174733646,49.79202637795837],[6.317037106557737,49.792435971049905],[6.319343451272852,49.79391659487481],[6.321311642716794,49.795016149103446],[6.32411819436571,49.79640401508543],[6.326923578839515,49.79742302089001],[6.326810646547634,49.797645927410116],[6.324101669831038,49.797034610656056],[6.322737877467262,49.79687475880519],[6.321363751306266,49.797102313263224],[6.320288933895567,49.79777720652278],[6.3206096799549005,49.7981856836877],[6.320775123637604,49.79966657359536],[6.321361549987638,49.800776311854534],[6.323298514976418,49.80289781032628],[6.323930810297888,49.80390098617379],[6.324746710921246,49.80455844905992],[6.327212165381254,49.80567241818034],[6.328944272607967,49.807041635306916],[6.329868770132604,49.807559383584525],[6.330392149582075,49.80773664573585],[6.330538248311113,49.808074857543964],[6.328651765858277,49.80809242855765],[6.326796335872755,49.808495063450145],[6.326609436651691,49.80854518493225]]],[[[6.388792472980157,49.818310350429385],[6.390148499920979,49.81789875971909],[6.391668248875099,49.818812367417316],[6.392283188433806,49.8187991247906],[6.393134303779325,49.819433166060556],[6.3929585387976315,49.81977136580871],[6.394161127228388,49.82084086199575],[6.3951237033765285,49.821200481816],[6.394158732721394,49.822388024145624],[6.391596056783137,49.827045160924335],[6.39086575827987,49.8277915648775],[6.388755466869739,49.82907271541211],[6.3865250100550925,49.830991297278935],[6.384676633240573,49.8321251301049],[6.383892836538882,49.83192480943418],[6.380929736630161,49.83229598592029],[6.381019143494931,49.833477851480325],[6.382624076530147,49.8337290455722],[6.382062351789417,49.83476369428093],[6.381305293301129,49.83471745030486],[6.380496050463616,49.836015002899906],[6.380817361802414,49.836354861686814],[6.379646090725657,49.836991772867094],[6.377622607735435,49.83733978906075],[6.3759240710266765,49.83832183249648],[6.372803330706119,49.83897099928008],[6.370593365065911,49.83961764161752],[6.367678684794276,49.84078583636936],[6.366179545049311,49.841995654049526],[6.36390794067238,49.84129256419373],[6.363699414091304,49.84027537768622],[6.364971027431451,49.83916873182986],[6.364411925246225,49.83875808178421],[6.364867070297102,49.837848348653296],[6.366371909855464,49.837084562702096],[6.367933235211921,49.83680061773237],[6.3702374998846,49.836059292510086],[6.369596756667757,49.83543901626459],[6.370530594457622,49.83501778196598],[6.371172614828652,49.835640388942316],[6.372275871089067,49.83526029894778],[6.372395334416347,49.83463122655745],[6.373790773861041,49.8335875714224],[6.374543884143405,49.83336761361817],[6.37685484016672,49.831450076190926],[6.37804368464995,49.83087652214045],[6.380436522917955,49.83045874991433],[6.380733139407059,49.829649578054884],[6.382133701738616,49.828500620752635],[6.383229627626018,49.828138041290146],[6.384055587769397,49.82736672154628],[6.38497897677837,49.82609989209177],[6.385426808235626,49.82501713508929],[6.386913047235986,49.8233623623422],[6.387702027687631,49.822829843131544],[6.387933375579621,49.82199865347369],[6.387598085080525,49.82115172583805],[6.388792472980157,49.818310350429385]],[[6.390121085722352,49.819286663548105],[6.3891494206157375,49.81966091668813],[6.389439768452376,49.82060756596057],[6.391177391107542,49.820275883344365],[6.390121085722352,49.819286663548105]]],[[[6.366254980466259,49.84201900106903],[6.367738807230034,49.84082330529776],[6.369142822099406,49.84034379474174],[6.3700895529441075,49.84054988215361],[6.36867090971971,49.84156916156156],[6.369657072714933,49.842115493977225],[6.3696783931930625,49.8430444580049],[6.366973813887218,49.842316064533684],[6.367022096844966,49.84225645227334],[6.366393025537955,49.842061725390096],[6.366254980466259,49.84201900106903]]],[[[6.403285712036951,49.8179349831292],[6.401460502646651,49.81896160499072],[6.401399756176853,49.81836973553414],[6.402000079872301,49.81822760463348],[6.402465025731024,49.81785004553009],[6.403057405398983,49.817909709361444],[6.403285712036951,49.8179349831292]]],[[[6.398364937814768,49.8067512294027],[6.399565996319157,49.806302091612594],[6.399925747882717,49.80683086354418],[6.399110530622767,49.80725434817816],[6.398364937814768,49.8067512294027]]],[[[6.4086381443202205,49.79317218023918],[6.409294468607375,49.79266738681209],[6.410304166854675,49.79321455264295],[6.409581190358037,49.793483290546554],[6.4086381443202205,49.79317218023918]]],[[[6.408075680448599,49.798112117084834],[6.408061779004197,49.798437565677794],[6.404913231742221,49.79768880399594],[6.405146014547835,49.79686727062687],[6.405589592315535,49.79519447615542],[6.406813149855681,49.79433156749433],[6.407586571221071,49.79328079298358],[6.408502088430101,49.792495492290236],[6.409042084597284,49.79247604361584],[6.407667177829204,49.79434720965408],[6.407693940347301,49.794910121465186],[6.40766161352042,49.79557778695893],[6.40653086142374,49.797689889335686],[6.408075680448599,49.798112117084834]]],[[[6.392919491676464,49.76610194516455],[6.39400698012027,49.766859888690036],[6.395365439087088,49.7672930046107],[6.397162444350786,49.768288236493355],[6.399735616809361,49.769134976315904],[6.3990635673544185,49.77043377992543],[6.3980639708747615,49.77172594995847],[6.396873485789875,49.771402659085346],[6.39638998739824,49.77392978860471],[6.39565929521233,49.77278149995614],[6.395503970652539,49.77109277502608],[6.392094186565848,49.770332984786414],[6.391576608305308,49.7697101079291],[6.390501303128388,49.77019622667166],[6.389172339744611,49.76987270063601],[6.386709477946185,49.77011156503958],[6.385881434579246,49.769456474882034],[6.3896179358772835,49.76834855194797],[6.3909413719326205,49.7668796910851],[6.391518690227995,49.76721446975454],[6.392719234935728,49.76640458876369],[6.392919491676464,49.76610194516455]]],[[[6.392719234935728,49.76640458876369],[6.391618345696406,49.76579922012281],[6.391174905071596,49.76511489140038],[6.392719234935728,49.76640458876369]]],[[[6.429041359194376,49.793918787106236],[6.428311657021428,49.79485728497547],[6.42770849899391,49.794628078093936],[6.429041359194376,49.793918787106236]]],[[[6.433054598117708,49.80106961353687],[6.432737042435795,49.80037603328287],[6.434253593221978,49.80049302788797],[6.434216184098403,49.80106676318368],[6.433054598117708,49.80106961353687]]],[[[6.443160227803336,49.811497208917956],[6.441935966775391,49.81288392321891],[6.441312281805763,49.81194196917546],[6.443160227803336,49.811497208917956]]],[[[6.434053859871991,49.799095110761286],[6.434601455559949,49.79961363115289],[6.434293275113759,49.80033250507045],[6.432734564233196,49.800202721512655],[6.432989178919448,49.79899935627071],[6.434053859871991,49.799095110761286]]],[[[6.43830956592125,49.803615035407475],[6.437699598492893,49.80461144419678],[6.438372785286387,49.80668834550018],[6.437440085397705,49.806686955738506],[6.437017538496975,49.80605280132343],[6.43744893833506,49.805306043339584],[6.437168175254168,49.804418766444385],[6.43830956592125,49.803615035407475]]],[[[6.3754206977015455,49.83936742051136],[6.374171690087645,49.838783058101846],[6.375971141470667,49.838366474021484],[6.3754206977015455,49.83936742051136]]],[[[6.436358141147682,49.80525595096005],[6.434704116290328,49.80511961134515],[6.4378214146758275,49.80275154522757],[6.4382541868662795,49.803351467809904],[6.437351319997328,49.80390200375335],[6.436358141147682,49.80525595096005]]],[[[6.316233038875874,49.803220957821786],[6.316508844075443,49.80429334931117],[6.316837087960805,49.804676826929764],[6.317453500525131,49.8049686538949],[6.319322748399456,49.807022499651154],[6.3205748580743,49.80751266340373],[6.3201277683755475,49.8078719751352],[6.318773886922788,49.80745595008717],[6.317335242234793,49.806120149959014],[6.317547692833906,49.80529901564047],[6.3159952625581575,49.80456999754683],[6.316233038875874,49.803220957821786]]],[[[6.434179417889683,49.801832371822016],[6.43395181878692,49.80277617889489],[6.4341522080850115,49.80370745860723],[6.433615521231298,49.80430743235055],[6.432584083819643,49.804150357044264],[6.432876265771327,49.80324222667656],[6.432189727035649,49.803121143805086],[6.432569704423645,49.80168450432984],[6.434179417889683,49.801832371822016]]],[[[6.432862289567513,49.79724401019521],[6.432269400826437,49.797591859084946],[6.430480193550053,49.79585544449815],[6.43174571456464,49.795006078282476],[6.433835560704505,49.79623366064349],[6.432862289567513,49.79724401019521]]],[[[6.315653235207606,49.80128771823134],[6.315654529329143,49.801711005991315],[6.315822853804878,49.802231651146094],[6.315446596764893,49.802140676591605],[6.315371070088486,49.80142387003006],[6.3147599560799215,49.801386070686846],[6.314123893810427,49.80086637748029],[6.3132516467430015,49.79896461044342],[6.312103859211105,49.79804708004295],[6.312346463102526,49.79694588153785],[6.311521755498917,49.79642029468302],[6.311237967435718,49.79546273755609],[6.312433126359727,49.795465113004354],[6.31302999372053,49.796736391238184],[6.313123122678209,49.79791037016614],[6.313368534975761,49.79843541852002],[6.314089403080684,49.7992377412566],[6.314877941749465,49.80039230978872],[6.3154823919589305,49.80099126560805],[6.315653235207606,49.80128771823134]]],[[[6.440349197790877,49.81196194043234],[6.439854924252379,49.81034109148334],[6.440992846775994,49.8100350607528],[6.444330427585713,49.81022931504944],[6.44582823527612,49.80942096184562],[6.445887489611409,49.80896200846237],[6.447286507915665,49.80933714149612],[6.447047800387819,49.809997427244845],[6.446110747776017,49.81017864180241],[6.446003994320858,49.81092826569425],[6.445340287594359,49.81117566969433],[6.4429207196582405,49.81132747454611],[6.440349197790877,49.81196194043234]]]]},"properties":{"prie_denom":"ECHTERNACH,DOM.","SUM_surfac":327.69,"pygeoapi_id":123},"id":123},
{"type":"Feature","geometry":{"type":"MultiPolygon","coordinates":[[[[6.204766632137659,49.73940953814048],[6.204982737695343,49.738945642433514],[6.204355914183921,49.73854077896653],[6.203869598060562,49.738475016902036],[6.203213553843089,49.738550581705795],[6.203198192696103,49.73797468522013],[6.2022744751605465,49.73781039811745],[6.201913983446546,49.73767435174842],[6.201393008185376,49.73717424219958],[6.201381096100707,49.73701027325143],[6.203091564737405,49.73682700551804],[6.2054030124512805,49.73723044908653],[6.205248099699322,49.73764609808313],[6.206874157473978,49.73802459065603],[6.2082514998570995,49.737202938755686],[6.208823744949035,49.73648479922236],[6.210363149507222,49.73691082095335],[6.210928589550065,49.73737766140181],[6.210813491697073,49.73812165227101],[6.206735482137393,49.73813349327321],[6.206145354407082,49.73896032166879],[6.207106207103902,49.739272081640735],[6.206816631435702,49.74013709223095],[6.209398345394343,49.74132779694094],[6.210764664300758,49.74129582899863],[6.210325198872717,49.74049450697073],[6.21084607636686,49.74011384838021],[6.211625547461378,49.740698016989114],[6.211203625347584,49.741336033632756],[6.211185143391707,49.742390961247736],[6.209405882128497,49.7421813407699],[6.208270315758702,49.74270396196498],[6.20945138849777,49.74331684888814],[6.211028880302476,49.74361377917736],[6.212121631687686,49.74309122494982],[6.211377810994131,49.74457075156302],[6.20991122825288,49.744288896073705],[6.207483000432342,49.74285080621544],[6.205639824101973,49.74253886004984],[6.205695133437941,49.74206889105731],[6.204592995256037,49.7411617848005],[6.203646130202189,49.740393680763475],[6.202882494318773,49.74035046765507],[6.204766632137659,49.73940953814048]]],[[[6.213244482038617,49.74606869617359],[6.212537588562231,49.745644898216874],[6.213616125433703,49.74444410633493],[6.214429888911142,49.7432600201572],[6.215025093475489,49.74345991920845],[6.215658948742172,49.7422338924009],[6.216748573985878,49.74237888473113],[6.216929332626897,49.74192724372207],[6.218262286461728,49.74232382704704],[6.217485025012693,49.74345696739851],[6.215602515430376,49.74412622807013],[6.214653264978892,49.74528125759341],[6.213244482038617,49.74606869617359]]],[[[6.182410980830928,49.71805476935214],[6.185019036688957,49.72014045846029],[6.184677487318143,49.720369911449744],[6.183159150254717,49.719680715408806],[6.1828451458379945,49.71923274514343],[6.1811045804738995,49.718364263841075],[6.182410980830928,49.71805476935214]]],[[[6.180090451704222,49.72304738956514],[6.179670401121721,49.723388666938426],[6.177263409413972,49.72239384572039],[6.1780578722092105,49.72038988327638],[6.179155776974417,49.72073176303496],[6.179456020069694,49.71958675143131],[6.180995055451422,49.718422530318925],[6.182762406591684,49.71931659667003],[6.183298780961163,49.719881659127005],[6.181819222598474,49.72080341235294],[6.181988358582202,49.72134719031799],[6.181831933831921,49.72274884037336],[6.17933062108365,49.721575107862336],[6.179108688587739,49.72208988443867],[6.180090451704222,49.72304738956514]]],[[[6.222954384465842,49.739113607796256],[6.220096854332808,49.740353024468114],[6.218591432032159,49.74069057355583],[6.216482526644458,49.740604167365],[6.216722625924097,49.74002960157036],[6.216049136230528,49.738458385549336],[6.217402596593626,49.738297555086845],[6.217996741954532,49.73946843601647],[6.219388408765525,49.73894767200339],[6.2210063597302065,49.73972859038362],[6.222954384465842,49.739113607796256]]]]},"properties":{"prie_denom":"FISCHBACH,DOM.","SUM_surfac":49.88,"pygeoapi_id":126},"id":126},
{"type":"Feature","geometry":{"type":"MultiPolygon","coordinates":[[[[6.482672971320694,49.738962572992754],[6.484473736136537,49.73863238664894],[6.485003081095939,49.738740102384796],[6.487235037307684,49.738277933075906],[6.487550852221767,49.737674331579825],[6.488586430273135,49.73832400221509],[6.489944169126155,49.73837624787584],[6.491284210877823,49.73819166027168],[6.491877816627793,49.738740093723],[6.4929861548158785,49.74089297612165],[6.491652188012864,49.74179553443573],[6.489774334740581,49.742347612169375],[6.487755872177357,49.742479518324664],[6.484237860290289,49.74108410722222],[6.4824470304391,49.74084084909327],[6.480724274620207,49.741061712620144],[6.480543968335444,49.74068765288269],[6.479870846399403,49.73958156880505],[6.481301333272589,49.739150032787585],[6.482672971320694,49.738962572992754]]],[[[6.494623445371429,49.752380082436915],[6.49450238372345,49.75438515298869],[6.493802406063591,49.75377893742991],[6.4936403070694375,49.75273253680614],[6.493835492095553,49.75171556476644],[6.494441868050538,49.75162413720372],[6.494623445371429,49.752380082436915]]],[[[6.444098285235583,49.74422791484718],[6.438823987244453,49.745054982384026],[6.439413091196225,49.74413101887924],[6.444099524426601,49.74374616785472],[6.444098285235583,49.74422791484718]]],[[[6.449309063995493,49.75333951995033],[6.4483626033129955,49.753452237024554],[6.446763492351502,49.75296313750633],[6.442191552259724,49.75177663127868],[6.447186977204577,49.75066928137947],[6.4473145831918,49.751287003522705],[6.448564693157774,49.75191079399257],[6.448270936177117,49.75238047628015],[6.449309063995493,49.75333951995033]]],[[[6.476335060285196,49.74258893722009],[6.477012003136765,49.74296238496599],[6.475744949983599,49.74399401771419],[6.475670195072187,49.74283696054481],[6.476335060285196,49.74258893722009]]],[[[6.442166135776885,49.74752516708277],[6.441378895229934,49.74819941975108],[6.440939532499819,49.746440480087074],[6.44196745092519,49.74622734472363],[6.442166135776885,49.74752516708277]]],[[[6.474331336114135,49.7562013984726],[6.476667625974154,49.757298922489895],[6.476320395690048,49.75769703559487],[6.474068391520814,49.75683862894924],[6.474331336114135,49.7562013984726]]]]},"properties":{"prie_denom":"GIVENICH,DOM.","SUM_surfac":49.65,"pygeoapi_id":129},"id":129},
{"type":"Feature","geometry":{"type":"MultiPolygon","coordinates":[[[[6.222670185606635,49.685507712656275],[6.219532146703684,49.68534903272256],[6.216042804135413,49.68499743495271],[6.215461239635704,49.68494430160216],[6.214467847422626,49.685472618119235],[6.2149530676958795,49.68478547125287],[6.2181395456205815,49.68511371096186],[6.22035053399509,49.685235191308315],[6.222677397519189,49.68549896847307],[6.222670185606635,49.685507712656275]]],[[[6.19846151407297,49.68469380493435],[6.198078453137259,49.68567323046775],[6.196691773240494,49.68637365762687],[6.196444133204207,49.68728609750769],[6.196620360852087,49.68612038999062],[6.198004151162845,49.68549744950793],[6.19846151407297,49.68469380493435]]],[[[6.210527803702577,49.688945930624854],[6.204554000320262,49.68817038209826],[6.2000142816097625,49.6883070066881],[6.204328712593541,49.68811333706832],[6.211745058532952,49.68902926141936],[6.210527803702577,49.688945930624854]]]]},"properties":{"prie_denom":"GRUENEWALD_SCHOOFIELS,DOM.","SUM_surfac":845.77,"pygeoapi_id":134},"id":134},
{"type":"Feature","geometry":{"type":"MultiPolygon","coordinates":[[[[6.204732501007977,49.76897273413192],[6.205013715457554,49.76981391990009],[6.206516919951374,49.77258194533406],[6.207765229616111,49.77410372708064],[6.208028822676313,49.7756842992033],[6.207932858949012,49.77695700130631],[6.205423615695371,49.777178172146556],[6.204150715695217,49.7767532329353],[6.20190555276106,49.77628775689355],[6.200835690413018,49.77587701552447],[6.199110921440332,49.774747636436786],[6.1973396751327465,49.77305727314399],[6.19649589128671,49.772084018071396],[6.195470995579484,49.771492312653876],[6.194458368733609,49.77125740571253],[6.195282043517141,49.77068548099891],[6.198004660232066,49.771676696128694],[6.200355276908565,49.77279843970688],[6.201903724005052,49.77208502884377],[6.201674997539739,49.77067993694379],[6.203351197776079,49.769275680966636],[6.203752090195277,49.76896698528205],[6.2044932471859235,49.76877973582613],[6.204732501007977,49.76897273413192]]],[[[6.188792927514049,49.7995786488808],[6.187819043218422,49.79943779146812],[6.187222367827911,49.797987003511984],[6.18712873741251,49.79710914586626],[6.187611063429435,49.796967335815346],[6.188792927514049,49.7995786488808]]],[[[6.26704736475338,49.767863048612455],[6.2676671077866075,49.76802622909707],[6.267594244446214,49.76903331652276],[6.2667696026098625,49.76892128396409],[6.265558990613309,49.76820020260975],[6.26704736475338,49.767863048612455]]],[[[6.221670013552194,49.77635872713409],[6.2236002730142355,49.774727858862846],[6.223587722237212,49.77397876453074],[6.22274663239521,49.772868019822916],[6.222821262438853,49.771632462465526],[6.2234893556538795,49.77112026935557],[6.226670382914963,49.77038756552198],[6.227131243694891,49.77079272393517],[6.229055669156885,49.771824626712],[6.226855296224014,49.77157407147479],[6.2265739720289455,49.772273676401106],[6.226951207786056,49.77292564077479],[6.226082957709166,49.77421160640967],[6.226422499876494,49.77578535352639],[6.228237563643517,49.77650302652787],[6.22875390193802,49.7771576989937],[6.225680224707666,49.77673465061451],[6.224168307268463,49.77724781322348],[6.221670013552194,49.77635872713409]]],[[[6.220349305293943,49.78229080768111],[6.219075214014247,49.78143383236882],[6.218911126142216,49.78073039958694],[6.219198347539076,49.77961282661474],[6.2205322203922435,49.77851977583534],[6.220901814839542,49.777157466248454],[6.221888410715054,49.776544051054266],[6.224361617660891,49.777423167535595],[6.224267310381721,49.77796970629077],[6.222750053626531,49.778968823577145],[6.224097503119654,49.781142537519216],[6.22413142071557,49.78174018177731],[6.222029661549176,49.78185756173232],[6.220349305293943,49.78229080768111]]],[[[6.233280120615717,49.78108865550167],[6.2354254909708,49.78172751945376],[6.236848824331127,49.78236947758786],[6.235954164941846,49.78257333872241],[6.234398093311457,49.78210680607439],[6.232483924663222,49.781765004903875],[6.233280120615717,49.78108865550167]]],[[[6.228747208878769,49.78245454814997],[6.2270501371355556,49.78267674940694],[6.226735301264522,49.78197841131944],[6.2277561230462375,49.781916843464536],[6.228747208878769,49.78245454814997]]],[[[6.189321838772474,49.803458087386446],[6.18806828846092,49.80462894844868],[6.186795178739636,49.80360962009763],[6.186799405516218,49.80272446233491],[6.187598467154639,49.80244608863076],[6.188836852426688,49.80290476462938],[6.189321838772474,49.803458087386446]]]]},"properties":{"prie_denom":"LAROCHETTE,DOM.","SUM_surfac":88.22,"pygeoapi_id":144},"id":144},
{"type":"Feature","geometry":{"type":"MultiPolygon","coordinates":[[[[6.366578044974509,49.795532585265214],[6.368999783015218,49.796257754476585],[6.370339508425051,49.79616180963248],[6.370607855927741,49.795078291831125],[6.3710952739497255,49.796084386120384],[6.3721582236182845,49.79672542771931],[6.372999702395111,49.79690604719412],[6.377611687141175,49.79696323559005],[6.37892859165673,49.79682450204761],[6.382866334491034,49.79612953956754],[6.384443059643254,49.79608909365224],[6.38618634641993,49.796319273146956],[6.385622677727739,49.797383231422444],[6.387576924928291,49.79805752211703],[6.390934707866133,49.79989665205717],[6.391933479359917,49.80033771926528],[6.394804957610987,49.801214069053174],[6.396633277434043,49.80217155533833],[6.397604237823093,49.80293781906637],[6.396076861352328,49.80369428664792],[6.394679650816411,49.80345314451699],[6.393411444108485,49.80386517237398],[6.390814371612097,49.80322801548378],[6.388945193323588,49.80301847015865],[6.38850284978808,49.803474006395],[6.3870308021292255,49.80388059667549],[6.384612739894923,49.80363515034318],[6.382586696308818,49.803970957267886],[6.382048612546776,49.80360279024557],[6.380407110657533,49.804084433715495],[6.379703435078567,49.80379318002868],[6.3789415229413375,49.80265452100934],[6.378324156428039,49.80106890620132],[6.378218964906992,49.800279414637906],[6.37708372206563,49.799466521647204],[6.376610917087242,49.798403943303704],[6.372270403789155,49.797973830534715],[6.371124061492144,49.797591937846924],[6.369959199149689,49.79674899069838],[6.367632352471295,49.79625904654797],[6.366630458946393,49.795894270869475],[6.366578044974509,49.795532585265214]]],[[[6.376383157815834,49.79063118318861],[6.377351976324239,49.79080630973105],[6.37757299214749,49.79202492377248],[6.375654329931954,49.79477434488178],[6.377721201419272,49.79513267166076],[6.378897815607572,49.794627544280075],[6.381578255396116,49.79458880311573],[6.383187483086677,49.794087237438376],[6.3826240539970565,49.7925016325421],[6.380969655451731,49.79124233391037],[6.380760798630108,49.790306176288446],[6.382352908476389,49.788685821482765],[6.3824249642158595,49.78733968856834],[6.382048433315614,49.7852502972865],[6.382699179452917,49.78453935207171],[6.381005873136319,49.78322769429994],[6.382029505769546,49.78244636781464],[6.382918175067834,49.780815793005715],[6.383973942174821,49.78073405347034],[6.38401098331,49.78207854634568],[6.383327068118155,49.783278517197154],[6.383968396605563,49.78344522057507],[6.383265802572618,49.78518903951236],[6.383948456746295,49.78762894564719],[6.384096207609636,49.78872394015146],[6.383975420372516,49.79071874813543],[6.384272544406037,49.79190734981755],[6.385750907569854,49.794558526669206],[6.3862896994709715,49.795912500319766],[6.386156838915925,49.79622993775343],[6.384451251255943,49.79599932662457],[6.3828460025092015,49.796040455978705],[6.379459913896271,49.79663033637834],[6.378978889697662,49.79628958728791],[6.374989750492639,49.79569326079755],[6.3723803548555535,49.79572508863087],[6.372209307305231,49.79514818681363],[6.372835657353917,49.794628034039],[6.372638002131357,49.794088239925806],[6.374628979274155,49.793812481526345],[6.374836699206193,49.79326124789912],[6.376040468641058,49.79281938462232],[6.376483746291878,49.79228008548214],[6.376635863253452,49.79125302469952],[6.376383157815834,49.79063118318861]]],[[[6.327964262806742,49.791435176780745],[6.326940291667941,49.791529941501416],[6.323740633997875,49.79114652484847],[6.321726180242905,49.79077232716321],[6.320354770817455,49.79146553686594],[6.320573415379791,49.79271196148368],[6.321951072397911,49.79429309569215],[6.323794400061629,49.7954563949639],[6.326540441638496,49.79677175934998],[6.326931138781473,49.79742169168214],[6.324125620319419,49.796402649623865],[6.321318935284221,49.79501473465292],[6.319350649837256,49.793915140621465],[6.31704419602432,49.792434464506364],[6.315905209099564,49.792024856808766],[6.313643019420745,49.79151890731374],[6.314592750656571,49.79085086507787],[6.314428769572238,49.79011665904332],[6.315307957554066,49.789146567059554],[6.317312480038173,49.78808166998255],[6.31831154861413,49.78844835655802],[6.322943232676974,49.78980885880909],[6.324221611997198,49.790364776277976],[6.327964262806742,49.791435176780745]]],[[[6.395798348312153,49.80499535320833],[6.39531949993062,49.80445947311575],[6.394032577190631,49.803862698835964],[6.394598744788812,49.80355141800615],[6.395762423376211,49.803651919863015],[6.396267378673159,49.80476452128518],[6.395798348312153,49.80499535320833]]]]},"properties":{"prie_denom":"LEIVERDELT,DOM.","SUM_surfac":161.39,"pygeoapi_id":145},"id":145},
{"type":"Feature","geometry":{"type":"Polygon","coordinates":[[[6.496526744277685,49.733540802881336],[6.498489622103326,49.733332804408136],[6.497751652107889,49.73344225572119],[6.497720708556784,49.7334223305321],[6.4967767473437545,49.733541603768415],[6.496526744277685,49.733540802881336]]]},"properties":{"prie_denom":"MANTERNACH,DOM.","SUM_surfac":58.63,"pygeoapi_id":146},"id":146},
{"type":"Feature","geometry":{"type":"MultiPolygon","coordinates":[[[[6.3278458984206445,49.746433942404245],[6.327913113743674,49.74581640323584],[6.328744158577804,49.74549141494069],[6.329271267597641,49.74601603824783],[6.3278458984206445,49.746433942404245]]],[[[6.292345254099577,49.7764680800075],[6.292326849423049,49.7759033518915],[6.291192415848392,49.775003042634665],[6.287200700068632,49.77373089585729],[6.284670852106742,49.77321945902219],[6.284772668458709,49.77189543463529],[6.284540640423122,49.76956752110438],[6.283764085254617,49.768172800025056],[6.284052157066978,49.767011987093674],[6.286040698008913,49.76858973273583],[6.2868827942808,49.769598309387604],[6.28752079911051,49.769613116367346],[6.286850851377756,49.768577568152864],[6.286357494292989,49.765947767745274],[6.287995188071743,49.765398769291004],[6.287539433989736,49.764835483616714],[6.286159694956148,49.765554894873716],[6.285505071022285,49.76489980865219],[6.290124883932795,49.76331469177584],[6.291645959979988,49.76570264055307],[6.29204815033995,49.76558548116092],[6.292395262922436,49.76706982088832],[6.292095005527042,49.76764451604639],[6.293066829122389,49.76864868144626],[6.293409034874808,49.769501727265244],[6.292751439521218,49.77023760397169],[6.292901387513858,49.77140632696563],[6.2940040908156485,49.77289451462335],[6.294184672469849,49.77442030621377],[6.293788308802471,49.7753935814315],[6.293138096385282,49.77608997308933],[6.292345254099577,49.7764680800075]]],[[[6.272774784324161,49.75757154870418],[6.272579623799068,49.75648699491726],[6.2813446897611085,49.753501614579804],[6.28577029459815,49.749697335829474],[6.285015623215099,49.74942328430947],[6.285960717554377,49.74840936550681],[6.2879766415920315,49.74995620929213],[6.287881801480158,49.75108589901118],[6.291764366750977,49.75225103943784],[6.291662465116938,49.7524226423867],[6.288017005201463,49.75136723404455],[6.288395328064414,49.75200631984566],[6.28911047877151,49.75256582355014],[6.290029136607237,49.75541765104171],[6.29050486950804,49.75634367747157],[6.289669017629455,49.75784438840595],[6.287839407528503,49.75845503230574],[6.28733630040002,49.75802192072011],[6.288921512018851,49.75747368216093],[6.288240930110294,49.75712394441356],[6.28441277010588,49.75837599485603],[6.283974406385517,49.75781069848935],[6.287514837644208,49.75674610234668],[6.286626754728601,49.756272649100765],[6.288143698341186,49.75494697085597],[6.286954129320271,49.75443849241166],[6.286504610102197,49.753383197060316],[6.284472600941549,49.75517529540493],[6.281946006081677,49.75586388818082],[6.276858061791471,49.75751045617138],[6.277057204177924,49.75778544816329],[6.280244432779544,49.75679802745545],[6.280457666477495,49.75707012218765],[6.278515288889037,49.757669847743884],[6.2788090252713005,49.758151580902386],[6.276239730251406,49.75889593540658],[6.276154352768627,49.75882969963048],[6.275148005725173,49.758157907607476],[6.2737241707661875,49.757771248424774],[6.278791203208377,49.756122455597094],[6.279293661432158,49.75631558633164],[6.283886246843356,49.75485061649514],[6.283207213852998,49.75449572156558],[6.286706647092535,49.75132641646292],[6.2875003027121785,49.75045301979368],[6.286101864388996,49.749818579309206],[6.281592951195278,49.75363005726176],[6.282690842714565,49.75413094836854],[6.2728333399803535,49.75756011625445],[6.272774784324161,49.75757154870418]]],[[[6.276918924775652,49.75992668173133],[6.276799896690727,49.75974334069618],[6.280487990398381,49.75863646373323],[6.28113293259368,49.75937782970926],[6.277368363761187,49.76060728206682],[6.277124187045372,49.76012327481295],[6.276918924775652,49.75992668173133]]],[[[6.272157129163573,49.748720174150755],[6.268892124881777,49.7500560946391],[6.268704565774414,49.74991884846157],[6.2719152168218715,49.748593324128436],[6.272157129163573,49.748720174150755]]],[[[6.2834987887896245,49.757365671961516],[6.282618158968678,49.75698183910248],[6.284019028687296,49.7565597506438],[6.2843727812602745,49.75712720089942],[6.2834987887896245,49.757365671961516]]],[[[6.300430478091053,49.74772964010281],[6.298483977686328,49.74747228790135],[6.29861402510904,49.74696988992479],[6.300390300179549,49.74704439025972],[6.300430478091053,49.74772964010281]]],[[[6.27250883559371,49.73785567966725],[6.272499331830483,49.73801198422922],[6.267038259682597,49.73816205319798],[6.267108645517405,49.73794103794367],[6.27250883559371,49.73785567966725]]],[[[6.267366310438838,49.74558636078347],[6.273297103873897,49.74845789384389],[6.27310703138052,49.74864125196472],[6.266608091538207,49.745454728934824],[6.267366310438838,49.74558636078347]]],[[[6.32669422509732,49.74529128619176],[6.32563899754448,49.74496494445206],[6.325922467163972,49.74456590328312],[6.326203288200098,49.744163357812646],[6.327176302702371,49.744831896152185],[6.32669422509732,49.74529128619176]]],[[[6.271104574978162,49.74597156000694],[6.2706739113114525,49.746318170040155],[6.266794928041657,49.7444114878441],[6.267717522311504,49.74433650016276],[6.271104574978162,49.74597156000694]]],[[[6.274794868477732,49.7542950243195],[6.276004481935432,49.75450828405665],[6.272641069087001,49.75567956250317],[6.272189109532158,49.75515838851297],[6.274794868477732,49.7542950243195]]],[[[6.2969680938379975,49.747457538605545],[6.29609182802811,49.74731076417168],[6.296485226179789,49.74653064595153],[6.297094163687761,49.74533085831302],[6.298195763219583,49.74543375534845],[6.298086758265789,49.74592947451261],[6.297242910191545,49.74659688471945],[6.2969680938379975,49.747457538605545]]],[[[6.2838748422944715,49.766369359212334],[6.282388152617181,49.765970756044545],[6.2854353897886845,49.764921282678806],[6.286098153346961,49.76558058756509],[6.2838748422944715,49.766369359212334]]],[[[6.2969680938379975,49.747457538605545],[6.298109478299758,49.747694745013284],[6.298114701239858,49.749380448065764],[6.300550420675639,49.749946108214075],[6.300415569211732,49.75019464566834],[6.29745499624853,49.74949971722672],[6.2969680938379975,49.747457538605545]]],[[[6.283175160554397,49.759345318124424],[6.281423694408317,49.75994256282584],[6.281756596002342,49.7604096813433],[6.278250602725047,49.76158485934721],[6.27745473993785,49.760981571246724],[6.283030039126877,49.759175768604074],[6.283175160554397,49.759345318124424]]],[[[6.286317596677174,49.76606795281013],[6.286954067956269,49.76956999832677],[6.286106462187465,49.76855657172142],[6.285083148549262,49.76774493653611],[6.284291862943661,49.7666469065744],[6.286317596677174,49.76606795281013]]],[[[6.270157296615796,49.73688125819691],[6.268290728073177,49.73690259613032],[6.270150565419944,49.7355925868295],[6.27149245663192,49.73538652928448],[6.272615346017178,49.73551501036616],[6.272569198370873,49.73687549276921],[6.270157296615796,49.73688125819691]]],[[[6.292968114748479,49.74863686466019],[6.292415646028408,49.747949150571415],[6.291404278706169,49.74814610327446],[6.290105753168448,49.74609532008166],[6.290894949558254,49.74627172933539],[6.292785151971325,49.743652866326336],[6.293121571878233,49.74379989406751],[6.291200866125563,49.74634676243106],[6.291522031081857,49.74643122084985],[6.293465780038815,49.7439481713412],[6.2941476158266685,49.74426451429609],[6.292366812643154,49.746586697009015],[6.292968114748479,49.74863686466019]]],[[[6.294285716638475,49.74692563524921],[6.295109052145958,49.74992571370582],[6.295653316499601,49.749824391777985],[6.302523293303584,49.75150551801363],[6.302395914642425,49.751722304250976],[6.295071409248513,49.74993240995703],[6.29462839005117,49.75001149545617],[6.301096410309019,49.75164008982081],[6.300959326808751,49.751868576378484],[6.29536031623495,49.75044836989546],[6.294355392346631,49.75006017685461],[6.292742166860503,49.74664429480513],[6.293894072376053,49.74684915710947],[6.294285716638475,49.74692563524921]]],[[[6.302128018449738,49.74997908421239],[6.298838237511922,49.74924689395101],[6.300031994092509,49.74902619612083],[6.299963736504448,49.74834227850365],[6.301041519249079,49.74829446522174],[6.302601317155504,49.74860982110988],[6.303593065107556,49.74877673424499],[6.304107850137543,49.74549175905002],[6.307189436408543,49.74581065049144],[6.309938241210608,49.74684192423999],[6.309484872308526,49.74712152995885],[6.306509172795837,49.74680014428322],[6.306232916480973,49.74758060569805],[6.304910390623549,49.74733524145245],[6.303913414320616,49.749698033409615],[6.302395016562881,49.74938092870608],[6.302128018449738,49.74997908421239]]],[[[6.277027145710704,49.75299193641795],[6.271682994548275,49.754896345125516],[6.2715239990058365,49.75453155913982],[6.2720204691861845,49.753507636457954],[6.274528429637214,49.75261477997492],[6.274324757814133,49.75239815110913],[6.2721274435845835,49.75321329401775],[6.270417980263624,49.75139153132077],[6.274283318995437,49.74985060761864],[6.2761377746314,49.75079357706367],[6.2772471022448855,49.74982462926521],[6.276601063707904,49.74953099519233],[6.2787896478088845,49.747560014771096],[6.275897740807788,49.746239825935426],[6.275763959386079,49.746352901528546],[6.271883745816187,49.74423442932649],[6.270064961624817,49.74419882781976],[6.27212789439857,49.74524914158824],[6.2712987261698885,49.745448991158135],[6.268844288286211,49.744254131930326],[6.269088504761583,49.743145098808554],[6.268583554976125,49.743099588245386],[6.268296471560005,49.74418500651907],[6.267492413594553,49.74412752150909],[6.2677135503183266,49.742025790129745],[6.268249807492327,49.741445644279295],[6.268064146330851,49.740771521711984],[6.270123860504698,49.74028103858881],[6.271034305732112,49.739915026337925],[6.272402615535516,49.739700031827155],[6.272368917654549,49.740523808176086],[6.269772379115896,49.74119700291895],[6.269699480491983,49.74250363929963],[6.271249969322206,49.7427205139178],[6.272247297162082,49.7426087321557],[6.271980793829629,49.744229395540046],[6.273691771499754,49.744216684561295],[6.276506144327541,49.74580076230825],[6.276334846277889,49.74592439558763],[6.279598762028323,49.74739754136089],[6.279166571948325,49.74785587551735],[6.282157392511578,49.74920034488664],[6.278782469589261,49.75216579600884],[6.277027145710704,49.75299193641795]],[[6.275459777909879,49.75224223957466],[6.277441400709448,49.75151096205018],[6.276499265141962,49.75099251800897],[6.2751122550543235,49.75183995432476],[6.275459777909879,49.75224223957466]]]]},"properties":{"prie_denom":"MARSCHERWALD,DOM.","SUM_surfac":197.2,"pygeoapi_id":147},"id":147},
{"type":"Feature","geometry":{"type":"Polygon","coordinates":[[[6.279644726712014,49.67933692075785],[6.279224565736007,49.67908338367083],[6.277560317034145,49.67906909083756],[6.274447479465029,49.67900176861143],[6.271305054814709,49.6786993946186],[6.269588751580638,49.67836066923541],[6.269862972060734,49.677684890234524],[6.271205071324158,49.67696307644867],[6.27241492055218,49.67505175032398],[6.274305600239104,49.67558251239447],[6.27410322777189,49.676001054837485],[6.277930713838897,49.677899663495616],[6.279358778222476,49.67873898349421],[6.279640334128028,49.679310014383525],[6.279644726712014,49.67933692075785]]]},"properties":{"prie_denom":"NIEDERANVEN,DOM.","SUM_surfac":68.44,"pygeoapi_id":148},"id":148},
{"type":"Feature","geometry":{"type":"Polygon","coordinates":[[[6.1848931634447215,49.71458347719509],[6.184893269756147,49.71458315576063],[6.184893576560453,49.714582955648474],[6.1848931634447215,49.71458347719509]]]},"properties":{"prie_denom":"SCHOENFELS,DOM.","SUM_surfac":481.89,"pygeoapi_id":154},"id":154},
{"type":"Feature","geometry":{"type":"MultiPolygon","coordinates":[[[[6.371589095631891,49.76248974251724],[6.371710616480979,49.76274684011234],[6.371642250052761,49.76274561247374],[6.371589095631891,49.76248974251724]]],[[[6.357315488774555,49.756958726413885],[6.358532045863151,49.757007824007005],[6.359786039456048,49.75738190288372],[6.359697931965843,49.75745547037493],[6.357438438952846,49.75718234641058],[6.357315488774555,49.756958726413885]]],[[[6.390121085722352,49.819286663548105],[6.391177391107542,49.820275883344365],[6.389439768452376,49.82060756596057],[6.3891494206157375,49.81966091668813],[6.390121085722352,49.819286663548105]]],[[[6.420619081891922,49.789002992427164],[6.4216751937939325,49.78977417550092],[6.420704092123032,49.7900350355206],[6.419396551444727,49.78924901239657],[6.420619081891922,49.789002992427164]]]]},"properties":{"prie_denom":"ECHTERNACH, HOSPICE CIVIL","SUM_surfac":3.9,"pygeoapi_id":165},"id":165},
{"type":"Feature","geometry":{"type":"MultiPolygon","coordinates":[[[[6.222170693943197,49.78855925806831],[6.22271874504007,49.78923096346095],[6.223882967506435,49.789763459882444],[6.225549977649294,49.79009601046024],[6.2281052048151215,49.791500664761315],[6.228061576325837,49.792703375951085],[6.225742762608383,49.792426846988484],[6.225214710400145,49.793334903282805],[6.228567312884612,49.795680315098146],[6.223283229397881,49.79493294902306],[6.223558939991726,49.79452438248717],[6.221773331329405,49.793828994169544],[6.221326514253838,49.7926809993853],[6.221336722793582,49.79149772631414],[6.222636227968197,49.79079143241638],[6.221168057970558,49.79043438271145],[6.220560469346526,49.78991733794604],[6.2197129421218715,49.78787305493],[6.2203843372645515,49.78789791655994],[6.221146762128029,49.78876517532954],[6.222170693943197,49.78855925806831]]],[[[6.214556409531364,49.791017667237114],[6.217487135937921,49.790250467701355],[6.218298245874854,49.79099463628319],[6.218463759591338,49.793206819084446],[6.2181001790518104,49.79332388804699],[6.218080878816789,49.794771746963704],[6.214397643529606,49.79444873131635],[6.21294496123722,49.79168664656109],[6.214556409531364,49.791017667237114]]],[[[6.187734618688776,49.7968665874101],[6.1868994285821435,49.79573377251784],[6.185066588263748,49.79453292954316],[6.1839164438473375,49.793629349174836],[6.18273019595777,49.79371893406021],[6.181371609247755,49.79330362927137],[6.180839924827143,49.79345273217569],[6.17924861534212,49.792053208477284],[6.177867015416674,49.79128445755991],[6.177915317606896,49.790518893429876],[6.179534294073853,49.78986879351474],[6.179863611609346,49.78952666112825],[6.181329872681997,49.789223686133894],[6.181926097522544,49.7884756738403],[6.1816408514151,49.78814178998316],[6.1841205553515515,49.78741563795077],[6.184921038078283,49.786435890839606],[6.184379542786713,49.78539079587881],[6.184811417063365,49.78473080899805],[6.1854004455337135,49.782761212404004],[6.187295302849687,49.78348864975221],[6.189050639616689,49.78510308967641],[6.190872329988545,49.78589958293611],[6.192365393848761,49.78617914622513],[6.197834432810757,49.78635577467524],[6.20132019254079,49.78663584142371],[6.206272830405048,49.787176212851534],[6.207810791431465,49.787517530515544],[6.208842631855363,49.78832018891181],[6.2085870395071865,49.78876126369529],[6.207001672098838,49.79016410609949],[6.203520134840004,49.79172242359159],[6.201532207628992,49.79221334795851],[6.200381390631525,49.79290819517002],[6.197878839092399,49.792901265623144],[6.196833221815778,49.793350261471026],[6.196537842603185,49.79390876873854],[6.197928742357778,49.79685465929356],[6.196773646329275,49.79777886286501],[6.194397213243984,49.79923652620446],[6.193034329663675,49.79906535811606],[6.189674377316534,49.79815468621452],[6.1885783646914945,49.79772041864926],[6.187734618688776,49.7968665874101]]],[[[6.180363437450528,49.78603522709618],[6.181569334516253,49.785730883001236],[6.1819772143275165,49.78596024875341],[6.181838480227573,49.78618997314374],[6.180363437450528,49.78603522709618]]],[[[6.179621405842498,49.78620236739002],[6.178997328720808,49.78665448619961],[6.179287168676107,49.78733918995388],[6.1788550377940865,49.78723580901071],[6.1790804192401865,49.78693306612218],[6.178534893620095,49.78653809970513],[6.178241708021632,49.78580189721023],[6.178823070068098,49.78560882481761],[6.180001841522159,49.78602728289542],[6.179621405842498,49.78620236739002]]],[[[6.175951736309103,49.78568627304308],[6.173392678003461,49.78467974507329],[6.171676145062764,49.78501778443091],[6.170225836344234,49.78397697455315],[6.169035287186889,49.784058993022235],[6.167947761475949,49.78368436130627],[6.167307361181686,49.78378811660635],[6.166299013640887,49.78264449210838],[6.164571119127868,49.78274192863228],[6.164201281407335,49.7821382551351],[6.162714522980639,49.78179689172532],[6.161760941887962,49.781095530284],[6.161078221608514,49.781137572773886],[6.161207745581843,49.78240958842571],[6.159684018497056,49.78238214871378],[6.158245199142381,49.7815965727377],[6.158232789768427,49.780494727672206],[6.15791040783019,49.778960792779735],[6.156819315110526,49.77800921024529],[6.157375224077136,49.777350057791075],[6.155923578131005,49.7765999178832],[6.157268216224666,49.77581955484408],[6.159286542360817,49.775121940785134],[6.161431028563335,49.775400690791386],[6.161690844722925,49.7760744714825],[6.163451653288721,49.77453694521082],[6.164795802445356,49.77442594537899],[6.169081596035589,49.774740994860075],[6.172111133385111,49.776072974886326],[6.17405380874255,49.77716914361273],[6.1726612523751045,49.77914068136587],[6.173934392304536,49.77982795722416],[6.17490518551116,49.78066880032012],[6.178022709441037,49.782548156834636],[6.181011959331079,49.78369424845304],[6.179046231721986,49.78216451133643],[6.1808760711328175,49.78139713263972],[6.181790150131406,49.78156480364106],[6.185276239026246,49.78271624850339],[6.184832237942516,49.78430324454779],[6.184117942357701,49.78526894623704],[6.18166863824916,49.78565149146181],[6.179862951813805,49.78591005547143],[6.178856020193297,49.78552129049312],[6.178366812212523,49.785589578220176],[6.17806071763399,49.78606343293959],[6.1784243385852635,49.78709041337824],[6.176512046644383,49.78643722119583],[6.175863044086946,49.78591068822808],[6.175951736309103,49.78568627304308]]],[[[6.201370552256812,49.79321535526218],[6.200920716539638,49.794084711038394],[6.200982862532099,49.79506218754065],[6.198119888282331,49.79669112051712],[6.1966763223314185,49.793916906176264],[6.197711160233388,49.79299836913812],[6.200420179856018,49.79300305678985],[6.201370552256812,49.79321535526218]]]]},"properties":{"prie_denom":"F.D.C. (ANC. A.V.I., LAROCHETTE-NOMMERN)","SUM_surfac":378.47,"pygeoapi_id":166},"id":166},
{"type":"Feature","geometry":{"type":"Polygon","coordinates":[[[6.274677863930103,49.855487210359016],[6.27269008973477,49.85441469978658],[6.274477641947606,49.85526514584021],[6.274677863930103,49.855487210359016]]]},"properties":{"prie_denom":"KIERCHEFONG_DIKR_F","SUM_surfac":13.53,"pygeoapi_id":173},"id":173},
{"type":"Feature","geometry":{"type":"Polygon","coordinates":[[[6.142124849630517,49.825157885335756],[6.142079728605044,49.82514414079144],[6.1417119557263,49.82499017242138],[6.142149313303068,49.82515066378082],[6.142124849630517,49.825157885335756]]]},"properties":{"prie_denom":"KIERCHEFONG_ETTE_F","SUM_surfac":4.19,"pygeoapi_id":177},"id":177},
{"type":"Feature","geometry":{"type":"MultiPolygon","coordinates":[[[[6.1839164438473375,49.793629349174836],[6.181979556749961,49.794680202636826],[6.180839924827143,49.79345273217569],[6.181371609247755,49.79330362927137],[6.18273019595777,49.79371893406021],[6.1839164438473375,49.793629349174836]]],[[[6.184117942357701,49.78526894623704],[6.184514006387216,49.7863603421631],[6.1831399774112406,49.78620278516775],[6.18166863824916,49.78565149146181],[6.184117942357701,49.78526894623704]]],[[[6.164571119127868,49.78274192863228],[6.162714522980639,49.78179689172532],[6.164201281407335,49.7821382551351],[6.164571119127868,49.78274192863228]]]]},"properties":{"prie_denom":"KIERCHEFONG_MELL_F","SUM_surfac":4.1,"pygeoapi_id":183},"id":183},
{"type":"Feature","geometry":{"type":"MultiPolygon","coordinates":[[[[6.296485226179789,49.74653064595153],[6.29609178240151,49.74731080251255],[6.294285716638475,49.74692563524921],[6.293894072376053,49.74684915710947],[6.293248296447706,49.74671791305622],[6.295008491688288,49.744482688285025],[6.297094163687761,49.74533085831302],[6.296485226179789,49.74653064595153]]],[[[6.300430478091053,49.74772964010281],[6.300407385567509,49.7454094447525],[6.301018075443279,49.745193439541396],[6.302292963764027,49.74854182688219],[6.300457976735021,49.748178725220875],[6.300430478091053,49.74772964010281]]]]},"properties":{"prie_denom":"KIERCHEFONG_REGI_F","SUM_surfac":10.79,"pygeoapi_id":190},"id":190}
]}